Shops,ATMs,Downtown,Workday,Center,High,Withdraw
1018,10,1,0,0,0,72.75055592
974,10,1,1,0,0,66.72048165
96,2,0,0,0,1,19.18951596
958,9,1,1,0,1,67.3886692
103,4,0,1,0,1,15.81312706
992,10,1,1,1,0,71.03715592
1015,13,1,0,0,0,69.31719721
989,13,1,0,0,1,68.35513108
984,10,1,1,0,1,68.04078397
100,2,0,1,0,0,15.90649241
985,12,1,1,0,1,66.24043113
99,3,0,0,0,1,19.92240589
1009,11,1,1,0,0,69.01739867
1001,13,1,0,0,0,68.70475691
95,3,0,0,1,1,22.5948081
1000,15,1,1,0,0,64.89892469
97,3,0,1,0,0,15.56150783
98,3,0,1,0,0,15.74044751
103,2,0,0,0,0,18.34000322
998,11,1,1,1,0,70.47220991
993,11,1,0,0,0,69.46366297
95,3,0,0,0,0,17.52395586
975,8,1,1,0,0,68.5691094
98,4,0,1,0,1,16.57331948
1014,8,1,1,0,0,72.3909091
1005,8,1,1,0,0,71.30089511
103,2,0,1,1,1,20.40766569
1028,11,1,1,1,0,73.82912237
111,4,0,1,0,0,14.24074474
964,9,1,0,1,0,90.14280361
100,3,0,1,0,0,15.83710131
111,2,0,0,0,0,18.45125778
995,10,1,1,0,1,69.51083338
989,10,1,1,0,0,68.18352998
992,11,1,0,0,0,69.29934752
988,13,1,1,0,1,65.74891561
993,8,1,1,0,1,70.85629614
975,10,1,1,0,0,66.50401157
104,3,0,1,0,0,15.28664773
981,11,1,1,0,0,66.24091377
995,11,1,0,0,0,69.68029069
1007,9,1,0,0,1,72.8986588
981,10,1,1,1,1,70.94183059
995,12,1,0,0,0,68.4766927
1009,13,1,1,0,0,67.14083323
101,4,0,1,0,0,14.51727377
98,4,0,1,0,0,13.71365189
969,9,1,0,0,0,68.93108429
987,8,1,1,0,0,69.73966721
997,17,1,1,0,1,62.41793029
980,9,1,1,0,1,69.62628489
1007,8,1,1,0,0,72.79958885
989,12,1,1,0,0,65.86215872
996,8,1,1,0,0,69.9567389
989,12,1,0,0,1,68.93297406
1007,8,1,1,0,1,72.36291405
1007,7,1,1,0,0,72.96057624
988,10,1,0,0,1,70.65808776
1000,8,1,1,1,0,74.35108086
994,11,1,0,0,0,68.9846477
1002,8,1,0,1,1,97.01599949
1015,11,1,1,0,0,69.40791573
979,11,1,1,0,0,65.66285683
1007,11,1,0,0,0,71.63386826
1002,11,1,0,0,0,70.46636608
1017,10,1,0,0,0,73.10268895
987,11,1,0,0,1,70.17590503
100,3,0,0,0,0,18.13770188
94,4,0,1,1,0,17.39649006
1002,11,1,1,0,0,67.0819353
1007,3,1,1,1,1,81.20691598
985,13,1,0,1,0,88.85553192
1007,9,1,1,0,1,72.10229839
102,3,0,1,0,1,16.97394058
1010,10,1,1,0,0,69.96113485
988,8,1,1,0,0,69.61619055
102,2,0,1,1,1,20.40007083
978,11,1,1,0,1,66.4668091
97,2,0,1,0,0,17.43592853
965,11,1,0,0,1,67.07233304
980,11,1,0,0,0,67.75695639
101,2,0,1,0,1,17.76013887
957,11,1,1,1,0,67.00576804
102,3,0,1,0,0,15.70596984
1039,12,1,1,0,1,72.27359826
98,3,0,1,0,1,16.59533205
972,12,1,0,0,1,66.56152924
1014,9,1,0,0,0,73.70964276
982,9,1,1,0,0,68.20467273
1021,8,1,1,0,1,73.27751678
95,3,0,1,0,0,14.95339429
998,9,1,1,1,1,74.17400596
977,7,1,0,0,0,71.22696672
1034,13,1,0,0,0,71.60562623
110,3,0,1,0,0,16.1896018
1032,14,1,1,1,0,71.05765049
980,9,1,1,0,0,68.64137759
1011,6,1,1,0,0,73.95021726
1021,6,1,0,0,0,76.75640588
1011,10,1,1,0,1,71.710922
981,9,1,1,0,0,68.15078314
104,3,0,1,0,0,16.42670028
1004,8,1,0,0,0,73.38851586
105,4,0,1,0,1,14.32243945
97,4,0,1,0,0,15.45962174
993,11,1,1,0,0,67.48731826
102,5,0,1,0,0,13.33967705
994,10,1,0,0,0,70.31392743
96,3,0,1,1,0,18.93410001
101,3,0,1,1,0,19.01946175
987,12,1,1,0,1,66.72843841
966,7,1,1,0,0,68.89265558
999,9,1,0,0,1,73.16881892
1004,9,1,0,0,0,72.21694622
96,4,0,0,1,1,22.38328076
1000,8,1,1,0,0,71.58963855
1001,9,1,0,0,0,72.4078443
102,3,0,0,0,0,17.2529753
993,8,1,1,0,0,69.84252498
107,3,0,1,0,1,17.70888336
998,11,1,1,0,0,67.20771446
1022,7,1,1,0,1,75.46519794
967,4,1,0,0,0,72.83941146
981,9,1,1,0,0,67.65044265
1029,8,1,1,0,0,73.87552692
964,11,1,0,0,0,66.68978825
108,3,0,1,0,0,16.45572737
1002,12,1,1,0,0,67.63861686
1025,11,1,1,0,1,72.89357219
94,2,0,1,1,0,19.24850428
101,3,0,1,0,0,15.92795808
972,9,1,1,0,0,66.84164546
1023,10,1,1,0,0,71.22028439
987,5,1,1,0,1,73.708869
1014,10,1,1,0,0,69.77251635
108,4,0,1,0,1,15.35704148
101,3,0,0,0,0,17.6926106
110,5,0,1,0,0,14.61376628
1005,8,1,1,0,0,71.41852944
1014,9,1,0,1,0,96.83421459
983,11,1,0,0,0,67.96371147
968,11,1,1,0,0,63.85383975
979,9,1,0,0,1,70.96304332
1004,14,1,1,0,1,66.82750775
1004,8,1,1,0,1,72.26408906
982,6,1,0,0,1,73.75966515
99,0,0,1,0,0,18.24374004
1006,10,1,0,1,0,95.18512806
974,9,1,1,0,0,67.13512377
997,8,1,1,0,0,71.10550692
99,4,0,1,1,0,17.47803458
974,9,1,1,0,0,67.95380971
1027,12,1,1,0,1,70.7473862
1009,10,1,1,0,1,70.67485909
992,10,1,1,0,0,67.78643998
1019,10,1,1,0,0,70.75683253
978,11,1,0,0,0,67.06527654
98,2,0,1,0,0,17.14120373
103,2,0,0,0,0,18.84292574
1026,13,1,1,0,0,68.24456555
979,10,1,1,0,0,67.02912514
988,10,1,0,0,0,69.08811114
113,2,0,0,0,0,18.09573531
109,5,0,1,0,0,12.93478643
1044,10,1,1,0,0,74.38677772
1017,7,1,1,0,1,74.15382402
1000,11,1,1,0,0,68.09234047
93,4,0,1,0,0,13.94365479
971,10,1,0,0,0,67.78192982
1026,12,1,1,0,1,71.7222285
1009,11,1,0,0,0,70.06282003
104,3,0,1,1,0,18.92985374
1005,8,1,1,0,0,71.63758217
1026,13,1,1,0,1,69.48643415
1003,15,1,1,0,0,64.86307223
100,3,0,1,0,0,15.17309867
1018,9,1,1,0,0,71.59477707
1011,9,1,0,0,1,74.25604978
101,3,0,1,0,0,15.88887132
991,13,1,1,1,0,67.3668655
1028,11,1,1,1,1,74.89501854
1007,11,1,0,0,1,71.65049559
986,9,1,1,1,0,71.68769903
1033,11,1,1,0,0,71.6482004
94,4,0,1,0,0,14.40397534
1002,9,1,0,0,0,71.65186072
1036,11,1,0,0,0,73.94772809
1016,11,1,0,0,1,72.90301595
1003,8,1,1,0,0,71.30744643
986,10,1,1,0,0,67.75508368
97,3,0,1,0,0,15.99023669
975,11,1,1,0,0,65.02124879
991,10,1,1,0,1,69.07497221
99,1,0,1,0,0,18.47859945
1028,12,1,0,0,0,71.74691629
94,2,0,1,0,0,16.6229441
998,11,1,1,0,1,68.77181755
1044,10,1,0,0,1,76.48052411
104,2,0,1,0,1,18.58512673
1035,9,1,1,0,1,75.18815673
103,2,0,1,0,0,16.1233303
114,6,0,1,0,0,12.17827719
1001,10,1,0,0,0,71.48890286
95,4,0,1,1,1,18.38913734
102,3,0,1,0,0,15.44473449
100,4,0,1,0,0,14.93404692
999,6,1,0,0,1,75.46613442
972,10,1,1,0,1,67.96935214
95,4,0,1,0,0,14.22666541
99,4,0,1,0,0,15.71145364
107,3,0,1,0,0,16.40152105
1010,12,1,0,0,1,70.85152767
100,2,0,1,0,0,16.48183131
1032,7,1,1,0,0,74.67817134
1018,9,1,1,0,0,72.45838123
97,3,0,0,0,1,17.71228352
1010,9,1,1,0,0,70.95373571
94,2,0,0,0,1,19.56527129
1003,9,1,0,1,0,94.89759281
992,9,1,1,1,1,73.45826549
995,9,1,1,0,0,69.7973111
1006,9,1,1,0,1,71.35875218
1027,12,1,1,0,1,71.01071117
986,10,1,0,0,0,69.13441895
102,3,0,0,1,0,22.78711848
1009,7,1,1,0,1,74.24504172
1022,10,1,1,0,0,71.73870357
993,11,1,1,0,0,67.02302369
1016,11,1,0,0,0,71.68720467
1012,9,1,0,0,0,72.43868179
985,9,1,1,0,0,68.29263318
1002,11,1,0,0,0,69.57647319
983,9,1,1,0,0,68.13790747
107,4,0,1,0,0,14.32598208
104,5,0,1,0,0,13.3274043
1026,11,1,1,0,0,70.60684443
1008,9,1,1,0,0,69.96212367
989,8,1,1,1,0,72.66553056
100,4,0,1,0,0,14.20005705
966,8,1,1,0,0,67.39332875
1000,10,1,1,0,0,69.58730963
967,9,1,0,0,1,69.20420668
1037,14,1,0,0,1,71.90447105
110,1,0,0,0,0,19.50399733
1013,8,1,1,0,0,72.22514473
1021,13,1,0,0,0,71.0950949
1014,11,1,0,0,0,71.35731607
998,10,1,0,0,0,70.72537074
91,3,0,1,0,0,15.80152716
1015,8,1,1,0,0,73.00467609
997,9,1,1,0,1,70.70121261
95,2,0,1,0,1,17.51446342
1011,8,1,1,0,0,71.90922657
1005,13,1,1,0,0,66.35544915
103,2,0,1,0,0,16.2889547
1008,11,1,0,0,0,70.24771168
986,12,1,0,0,0,67.53832397
996,12,1,1,0,0,67.25959373
95,3,0,1,0,1,16.16362126
969,14,1,0,0,0,64.80655208
1004,10,1,1,0,0,69.79093259
975,8,1,0,0,0,70.0289425
1020,11,1,1,0,1,71.22859695
101,3,0,1,0,0,15.48953956
1005,9,1,1,0,0,70.06864699
1001,9,1,1,0,0,69.29605583
100,1,0,0,0,0,19.58400172
105,4,0,1,0,0,14.77168925
992,9,1,0,0,0,71.84085376
1022,10,1,1,0,1,72.36499711
107,4,0,1,0,1,16.17246602
99,3,0,1,0,0,15.14082082
992,11,1,0,0,1,70.30960958
1019,13,1,1,1,0,71.2207455
98,3,0,1,0,0,15.47080051
996,9,1,0,1,1,95.8391241
1004,14,1,1,0,0,64.71127509
1019,12,1,0,0,0,70.84264679
97,3,0,1,0,1,16.99341948
986,14,1,1,0,1,64.42096622
987,9,1,1,0,0,67.77743902
995,13,1,1,0,0,66.1855893
999,11,1,1,0,1,68.7942685
975,11,1,1,0,0,65.28526673
1008,9,1,1,0,1,71.55154622
1011,11,1,1,0,0,70.09529585
995,11,1,0,0,1,70.5433004
1015,15,1,0,1,1,92.02491757
998,12,1,0,0,0,68.61451359
1015,9,1,1,0,1,72.45341023
984,6,1,1,0,0,71.09748047
981,12,1,1,0,0,65.40420231
1012,12,1,1,0,0,68.58726716
1003,12,1,1,0,0,66.96658313
1009,11,1,1,0,0,68.27372853
982,7,1,1,0,0,70.11359527
99,3,0,1,0,1,16.50249072
102,4,0,1,0,0,14.27652025
990,9,1,0,0,0,71.17325889
92,3,0,1,0,0,15.11681575
999,12,1,1,0,0,67.72400175
995,14,1,1,0,1,65.99067926
1018,11,1,1,0,0,69.81156112
1026,14,1,0,0,1,70.19906468
99,5,0,0,0,0,15.50362041
1028,13,1,1,0,0,68.37597745
1010,12,1,0,0,0,71.2816469
96,3,0,0,0,0,17.98227597
999,10,1,1,0,0,68.23644287
986,12,1,1,0,1,65.54385092
998,12,1,1,0,0,65.60388931
101,3,0,1,1,0,18.63987137
97,2,0,1,0,0,15.69809969
988,10,1,1,0,0,66.92381264
94,1,0,1,0,1,18.61216746
985,5,1,1,1,0,74.74185433
1037,9,1,1,0,1,76.22334523
105,4,0,0,0,0,17.42348617
1022,11,1,1,0,0,70.12902941
970,15,1,1,1,0,64.29839948
1014,10,1,1,0,0,70.43493288
994,12,1,1,0,1,66.93443392
999,9,1,0,0,1,72.93982842
983,9,1,1,0,0,67.61705737
101,2,0,1,0,0,16.13415785
990,9,1,1,1,0,70.96676354
104,3,0,1,0,0,15.47107098
975,10,1,0,0,1,69.84058491
1028,8,1,0,1,1,100.8772015
105,4,0,1,1,1,18.09448456
1000,12,1,0,0,1,69.31116487
96,4,0,0,1,0,22.44832371
989,11,1,0,0,0,68.89600545
973,7,1,1,0,1,70.46795528
1018,8,1,0,0,0,74.31302355
979,10,1,1,0,1,67.53021307
983,7,1,1,0,0,70.15695388
992,11,1,1,1,0,70.27363122
974,10,1,1,0,1,66.23393647
965,6,1,1,0,0,69.39452386
1001,10,1,1,0,0,68.57859218
970,9,1,1,0,0,67.12414647
102,2,0,1,0,0,16.87587597
1013,8,1,1,0,1,73.92758443
995,10,1,0,0,0,70.39156616
1015,9,1,1,1,0,75.12519496
1012,14,1,1,0,1,67.17100669
1000,9,1,1,0,0,69.856707
962,12,1,1,0,0,63.24350121
1002,13,1,1,0,0,66.087157
1015,12,1,0,0,0,70.19525386
99,3,0,1,0,0,14.81061517
106,3,0,1,0,1,16.0176616
1003,12,1,0,0,1,69.73369387
96,4,0,1,0,1,15.65891413
988,10,1,1,0,0,67.91130808
971,10,1,1,1,0,68.586548
101,3,0,1,0,1,17.19049134
107,4,0,1,1,1,18.37830135
978,11,1,1,1,0,68.49334784
97,1,0,1,0,0,16.6807709
982,9,1,1,0,0,67.27560378
986,11,1,1,0,1,67.53537379
91,4,0,1,0,1,15.65889586
1060,9,1,1,0,1,76.52870085
969,10,1,1,0,1,67.32221165
986,13,1,0,0,0,66.96754355
98,4,0,1,0,0,14.44079069
98,2,0,0,0,0,18.46574796
96,4,0,0,1,1,22.40401694
1018,7,1,0,0,0,77.0202932
1008,8,1,1,1,0,75.48422077
1029,9,1,0,0,0,75.3335033
1020,11,1,1,0,1,71.07448175
970,11,1,1,0,0,65.59964578
970,7,1,1,0,0,68.5312914
1033,14,1,0,0,0,71.51419341
988,8,1,1,0,1,71.77560051
966,9,1,0,1,0,90.26958602
1008,8,1,0,0,0,74.23289826
95,2,0,1,0,1,16.96052134
966,14,1,1,0,1,62.05010336
1012,12,1,1,0,0,68.25238298
1011,11,1,1,0,1,70.29270731
102,3,0,0,0,0,17.85241817
976,15,1,0,0,1,64.66525155
993,9,1,0,0,1,72.48547944
1032,10,1,1,0,0,72.77600445
997,10,1,1,0,0,67.92283362
99,3,0,0,1,0,22.28482539
1001,7,1,0,0,0,74.25609832
996,8,1,1,0,1,71.63315772
1008,9,1,1,0,0,70.48617025
1015,7,1,1,0,0,74.6865383
106,2,0,1,1,1,21.62962112
986,10,1,1,0,0,66.90456346
1000,9,1,1,0,0,69.82283246
96,3,0,1,0,0,16.29489274
982,10,1,1,1,0,70.99314454
998,12,1,1,0,1,67.55135665
1012,9,1,1,0,1,72.49627449
1013,9,1,1,0,0,71.72889064
989,9,1,1,0,1,69.99127422
1008,7,1,1,0,0,73.18586994
995,11,1,1,0,0,67.66477933
104,2,0,1,0,1,17.46825731
959,8,1,1,0,0,66.51254166
986,8,1,1,0,0,69.60590653
988,9,1,1,0,0,68.31411293
105,2,0,1,0,0,16.76711658
998,13,1,1,0,0,65.16175637
999,10,1,1,0,0,70.02160536
89,2,0,1,0,1,16.97847362
102,4,0,1,0,1,16.1874061
98,4,0,1,0,0,13.79182254
984,11,1,0,0,0,68.29359696
996,10,1,1,0,1,69.11564431
1005,12,1,1,0,1,68.94377738
1028,8,1,1,0,0,73.95711631
1023,10,1,1,0,0,71.2109306
1013,10,1,1,0,0,69.83226507
101,4,0,0,0,0,16.59061325
1003,12,1,1,0,0,67.07094782
99,3,0,1,1,0,18.64267369
993,9,1,1,0,1,69.83382948
1015,11,1,0,0,1,72.84642698
96,3,0,0,0,1,18.62335623
1003,14,1,1,1,1,68.85056923
103,2,0,0,0,0,18.77205921
105,3,0,1,0,1,16.56398455
1032,8,1,0,1,1,101.576382
1022,10,1,1,0,0,72.38819524
985,10,1,1,0,1,69.09898168
983,9,1,1,0,0,67.9574196
936,10,1,1,0,0,61.04046623
98,2,0,1,0,0,16.2466269
1015,8,1,1,0,1,73.43891441
96,2,0,0,0,0,18.84043379
103,4,0,1,1,0,17.60747504
981,7,1,1,0,0,70.1210621
95,3,0,0,0,0,16.24917662
103,2,0,0,0,0,18.42027952
102,4,0,1,0,0,14.46547764
1042,11,1,1,0,1,73.5094986
1002,11,1,1,0,1,68.94645499
99,2,0,1,0,1,17.74072784
101,2,0,1,0,0,16.7289058
1037,14,1,1,0,0,69.45477323
977,11,1,0,0,0,67.04383651
975,9,1,1,0,1,68.62849948
1010,8,1,1,1,0,75.38287025
1041,10,1,1,0,1,74.48894383
1026,9,1,1,0,0,72.36350098
1000,10,1,1,0,1,70.02883449
1012,9,1,1,0,0,71.76384874
1046,10,1,1,0,1,74.85641646
1036,12,1,1,0,0,70.33287533
108,3,0,1,0,0,15.25716582
101,3,0,0,0,1,18.27660495
106,5,0,0,0,0,15.7569368
1003,12,1,1,0,1,68.64357601
94,4,0,1,0,0,14.80718095
994,10,1,1,0,0,68.34328012
96,3,0,1,0,0,14.78620414
995,9,1,1,0,0,69.21987555
98,2,0,1,0,0,17.58955764
977,12,1,1,0,0,64.46504978
1018,9,1,1,0,0,71.88990577
97,4,0,0,0,0,16.39299183
100,3,0,1,1,1,19.21763072
1003,8,1,1,0,0,70.31059443
998,12,1,1,0,0,66.13255942
102,2,0,0,0,0,18.45595375
106,2,0,1,0,0,15.85965708
993,7,1,1,0,0,70.98072334
975,11,1,0,0,0,67.16670097
98,2,0,1,0,0,16.40805274
989,9,1,1,1,0,71.13934485
109,2,0,1,0,0,16.44941699
1030,10,1,1,0,1,72.71216084
992,8,1,0,0,0,71.66733602
94,2,0,0,0,0,18.00943359
96,4,0,1,0,1,15.62745798
984,11,1,0,0,1,68.92944437
980,12,1,1,0,0,64.39355631
994,6,1,0,0,1,76.17107168
981,11,1,1,1,0,68.37459283
1001,11,1,1,0,0,67.9570975
972,7,1,1,0,0,68.76855256
1029,7,1,0,0,1,79.01187879
101,5,0,1,0,0,13.22250392
90,4,0,1,0,1,15.82501792
986,9,1,0,0,1,71.76928891
1001,11,1,0,0,0,69.63458453
977,14,1,1,0,0,62.66515876
1008,10,1,1,0,0,70.58793797
95,4,0,1,0,0,14.52179365
98,3,0,1,0,0,14.82918471
99,3,0,0,0,0,17.92904758
987,10,1,1,0,1,69.53325758
1006,11,1,1,0,0,68.93174623
997,13,1,0,0,1,67.77838119
111,2,0,0,0,0,18.48149828
998,7,1,0,0,1,74.26997922
1025,10,1,1,0,0,71.57215164
1038,3,1,1,0,1,80.97856461
104,3,0,1,0,0,15.44472772
101,3,0,1,0,0,14.62531718
984,6,1,1,0,1,71.2258459
98,2,0,1,0,0,17.2488375
975,10,1,1,0,0,66.67507467
995,10,1,1,1,0,71.73823188
108,2,0,0,0,0,19.28898759
990,12,1,1,0,1,66.50908293
1003,10,1,1,0,0,69.49037096
998,12,1,1,0,1,67.80999305
1005,9,1,1,0,0,70.35739484
1032,11,1,0,0,0,73.43012934
1000,8,1,1,0,1,72.5459384
101,2,0,1,0,0,16.56651919
998,11,1,1,0,1,69.05820295
95,3,0,0,0,1,19.33243852
996,10,1,1,0,0,67.99785573
984,10,1,0,1,0,92.59001477
991,9,1,1,0,0,69.14143672
990,7,1,1,1,0,73.98900852
1009,10,1,0,0,1,72.23531885
1015,13,1,1,0,1,68.79841814
996,10,1,1,0,1,69.45084012
1040,8,1,1,0,0,75.5794181
1008,13,1,1,0,1,68.09175624
995,9,1,1,1,1,73.39510013
100,2,0,1,0,0,16.19535332
93,3,0,0,0,0,17.55985435
106,3,0,1,1,0,18.48908981
91,0,0,1,0,1,18.38114556
1012,12,1,1,0,0,68.61229055
1001,9,1,1,0,0,70.84726195
1004,8,1,1,0,0,71.52405343
1015,12,1,1,0,0,68.1507517
1020,9,1,1,0,0,72.80388362
95,4,0,1,0,0,14.39577208
988,10,1,1,0,0,67.32485005
970,13,1,0,0,1,65.06186357
100,4,0,0,0,0,15.80394891
978,6,1,1,0,0,69.43391109
960,10,1,1,0,1,66.1332951
992,10,1,1,0,0,68.01312745
963,14,1,0,0,1,63.7918871
103,4,0,1,0,1,15.05655616
1009,11,1,0,0,1,71.984638
99,3,0,1,0,0,15.33936861
96,2,0,0,0,0,17.94300998
96,3,0,1,0,1,15.50597861
986,11,1,1,0,0,66.48923799
1019,14,1,1,0,0,66.67914758
93,2,0,0,0,0,18.57627941
1009,11,1,1,0,0,69.28536094
95,3,0,1,1,1,20.1589894
967,9,1,1,1,0,69.55134209
981,12,1,1,0,0,64.67141836
99,2,0,0,0,0,18.47744708
1020,9,1,1,0,0,71.82355439
1002,10,1,1,0,1,70.86682137
1031,11,1,1,1,1,74.5095078
992,9,1,1,0,0,68.89444303
1026,10,1,1,0,1,72.32725097
997,5,1,1,0,0,73.66632262
985,7,1,1,0,1,70.63520636
1020,11,1,1,0,1,71.72957078
90,4,0,1,0,0,14.48734438
1010,11,1,0,0,1,72.40745772
975,9,1,1,0,1,68.45752329
1012,8,1,1,0,1,72.78228065
101,3,0,0,0,0,17.58386524
95,2,0,0,0,0,18.39389856
1006,13,1,1,0,0,66.38743215
105,3,0,1,0,0,15.39558623
1021,10,1,1,0,1,72.03316693
1033,11,1,0,0,1,74.93404466
988,9,1,1,0,0,68.63163507
92,3,0,1,0,0,14.72515701
1004,7,1,1,0,0,72.20019263
1029,11,1,0,0,0,73.08632974
98,3,0,1,0,0,16.12939753
995,10,1,1,0,0,68.94646842
111,3,0,1,0,0,14.51276782
993,10,1,1,0,0,68.29877349
1002,8,1,1,0,0,71.16963692
983,12,1,0,0,1,67.56117849
1011,11,1,0,0,0,71.05193597
1007,5,1,1,0,1,75.70662807
1013,7,1,0,0,0,75.37010433
1054,7,1,1,0,0,78.33981646
950,8,1,1,1,0,68.47213618
96,3,0,1,0,1,17.08277245
985,7,1,0,1,0,95.35880696
91,2,0,1,0,1,16.65163849
994,10,1,0,0,0,70.30881553
1038,14,1,1,0,1,70.62797035
995,12,1,1,0,1,67.55864161
95,3,0,1,0,0,15.16841389
111,3,0,0,0,0,17.91028423
990,11,1,1,0,1,68.36248607
984,9,1,1,0,0,66.96055391
967,10,1,1,1,0,68.67193715
988,10,1,1,1,0,70.1973197
1014,8,1,1,0,0,73.02901835
96,3,0,1,1,0,18.23114538
1028,9,1,0,0,0,75.02053122
92,2,0,0,0,0,17.88069135
983,10,1,1,0,0,67.07733607
96,2,0,0,0,0,19.56618057
986,8,1,0,0,1,71.54207391
975,12,1,1,1,0,67.43371824
1005,8,1,0,0,0,73.69034346
994,12,1,1,0,1,67.07191941
999,8,1,1,0,0,70.57096865
1040,14,1,1,0,0,68.44769642
985,8,1,0,0,0,71.47659627
1018,8,1,1,0,1,74.59648621
99,2,0,0,1,1,24.42231836
959,13,1,1,0,0,60.80937026
99,4,0,1,0,0,14.88876554
96,2,0,1,0,0,16.61579081
98,6,0,0,0,0,14.29114911
103,3,0,1,0,0,16.1511116
1034,8,1,0,1,0,100.4390617
999,14,1,1,0,0,65.04824814
963,10,1,1,0,0,65.12958475
97,4,0,0,0,0,16.87506284
991,8,1,0,1,1,96.24802491
1023,7,1,1,0,1,75.68691548
1018,8,1,1,0,0,72.60216027
963,13,1,0,0,0,63.99354615
960,7,1,1,0,1,69.10329907
968,9,1,0,0,0,68.12053117
109,5,0,0,0,0,14.72989274
1000,10,1,1,0,1,70.29580604
109,3,0,1,0,1,17.63870987
999,10,1,1,0,0,69.4556168
98,4,0,1,1,0,17.97833536
995,12,1,1,0,0,67.09726767
1000,8,1,1,0,1,71.79323855
1039,11,1,0,0,1,74.68275323
1054,9,1,1,0,0,76.55312807
958,11,1,1,1,0,67.43472084
1006,10,1,0,0,0,71.28155104
998,10,1,1,0,1,69.94298419
975,10,1,0,0,0,68.82107876
979,10,1,1,0,0,66.62339777
1015,11,1,1,0,1,70.44799717
1048,6,1,0,0,1,81.06027053
1030,12,1,0,0,0,72.4438809
1005,11,1,1,0,1,68.72570134
1001,13,1,1,0,1,67.55344197
104,3,0,1,0,1,17.09983005
1002,11,1,1,0,1,68.99133422
1005,10,1,0,0,1,72.07100643
996,11,1,1,0,0,68.15043927
99,3,0,1,0,0,16.15477089
971,10,1,0,0,1,68.96482824
98,4,0,1,0,0,14.32777698
1035,8,1,0,0,0,77.23637333
1009,13,1,0,0,0,69.95105625
1008,7,1,0,0,1,75.67496925
991,8,1,1,0,0,70.77402661
976,12,1,0,0,1,67.18595683
1021,12,1,1,0,0,68.93639069
1006,11,1,0,0,0,70.38421509
991,9,1,1,0,1,69.526052
965,8,1,1,1,0,69.47523967
982,8,1,1,0,1,70.20269186
95,4,0,1,0,0,13.89862998
982,9,1,1,1,0,71.48892342
1047,11,1,1,0,0,73.10788604
95,4,0,1,0,0,13.87275255
953,10,1,1,0,1,65.09807185
97,5,0,1,0,0,13.07167513
981,8,1,1,1,0,71.12764194
102,2,0,1,0,1,17.32125605
986,9,1,1,0,0,68.13680948
989,11,1,1,0,0,66.7042962
103,2,0,1,0,0,16.62129411
1030,9,1,1,0,0,73.4362225
95,4,0,0,0,0,16.86653884
974,9,1,1,0,1,67.88134707
1054,8,1,1,0,0,76.23741971
98,3,0,0,0,0,17.09635058
993,12,1,0,0,0,69.26382112
965,9,1,1,0,0,66.40837707
967,10,1,1,0,0,65.88222999
994,11,1,1,0,0,67.24164096
993,8,1,0,0,1,74.45046761
956,11,1,1,0,1,63.86355172
1005,14,1,0,0,1,68.66176635
986,9,1,0,0,1,71.91002847
98,2,0,0,0,0,18.06835516
100,4,0,1,0,0,14.48082558
102,2,0,1,0,1,17.60363381
100,3,0,0,0,0,18.21359377
970,9,1,1,0,0,67.08505969
103,3,0,1,0,0,14.94561399
1011,9,1,1,0,0,71.05697162
993,8,1,1,1,0,73.28864478
1009,11,1,0,0,1,72.17123196
1024,5,1,0,0,0,78.85468212
980,9,1,1,0,1,68.39639647
1028,8,1,1,0,0,74.01001575
1007,7,1,1,0,0,73.40922189
955,8,1,1,0,1,67.55052385
1014,10,1,0,0,0,73.00865427
994,12,1,0,0,0,68.73574884
1008,8,1,1,0,0,71.25314184
999,10,1,0,0,0,71.08553149
1004,11,1,0,0,1,71.48610153
103,4,0,1,0,1,15.95996079
988,13,1,1,0,0,64.93101792
99,3,0,1,0,1,17.54079607
1014,7,1,1,0,0,74.30751904
1006,13,1,1,1,0,69.93228307
978,12,1,1,0,1,66.30052409
1002,9,1,1,1,1,74.91575832
1009,12,1,1,0,0,67.6799957
1032,10,1,0,0,0,75.71866408
103,3,0,1,0,1,16.44185274
97,1,0,1,0,0,17.53975633
93,2,0,1,0,1,17.15567441
994,9,1,1,0,0,68.8137451
105,1,0,1,0,0,17.98461889
1015,10,1,1,0,0,70.99738956
1012,13,1,0,0,0,69.43464207
97,1,0,1,0,0,17.89055802
91,4,0,1,0,0,14.16889181
1017,11,1,0,1,0,94.7182412
109,2,0,0,0,0,19.31126277
998,11,1,1,0,1,68.31433978
940,11,1,1,0,0,61.14841404
1007,10,1,1,0,0,70.11652822
100,0,0,1,0,0,18.86276685
1001,12,1,1,0,0,67.19325512
977,12,1,0,0,0,66.33461465
976,8,1,1,0,0,67.86873746
992,12,1,1,0,0,65.8626901
100,4,0,1,1,1,18.79030997
1005,11,1,1,0,0,68.65080463
994,13,1,1,0,0,64.95056905
1016,14,1,0,1,0,91.68433188
1004,11,1,1,0,0,68.22066927
96,3,0,0,0,0,17.75580347
102,3,0,1,0,0,15.01211259
972,11,1,1,0,0,65.43460323
1032,7,1,1,0,0,75.84296931
985,8,1,1,0,1,69.88006852
1001,8,1,0,0,0,72.77413466
980,13,1,1,0,1,64.22645457
95,3,0,1,0,0,15.26516317
1017,10,1,1,0,1,71.3542759
1015,11,1,1,0,0,69.66337142
1011,7,1,1,0,0,72.30914809
988,11,1,1,0,1,68.19455836
94,4,0,1,0,0,14.42718922
95,4,0,1,0,0,14.83453907
1002,6,1,0,1,0,98.02227034
101,2,0,0,1,0,23.70327127
1014,11,1,1,0,1,70.81872076
1042,9,1,0,0,0,76.55876833
1011,10,1,1,0,0,68.97267526
1045,10,1,1,0,1,75.71222469
95,4,0,1,1,1,18.37745739
1010,8,1,0,0,0,73.92122598
102,4,0,1,0,0,14.04553608
100,1,0,1,1,0,21.09890397
1009,10,1,1,0,0,69.56986979
986,5,1,1,0,0,73.09426701
106,4,0,0,1,1,23.18924685
968,11,1,1,1,0,66.71652063
1020,10,1,0,1,0,96.75553922
1027,12,1,1,0,1,71.06501961
996,8,1,1,0,0,71.13775458
1020,9,1,1,0,0,71.99005453
971,13,1,1,0,0,63.56502277
952,10,1,0,0,0,65.69561803
1003,9,1,0,0,0,72.48540477
970,10,1,1,0,1,67.58202751
1011,11,1,1,0,1,70.89481626
1038,11,1,0,0,0,74.39800624
1014,11,1,1,0,0,69.12173048
1008,10,1,1,0,0,69.61533022
991,12,1,1,0,1,66.90649699
1005,10,1,0,0,1,72.54290245
1000,9,1,1,0,0,70.84208714
1019,12,1,1,0,0,68.40675721
109,2,0,1,0,0,17.31344075
990,10,1,0,1,0,92.68769029
1009,12,1,1,0,1,68.18146939
98,3,0,0,0,0,16.64748997
91,3,0,1,0,0,15.91296776
986,7,1,1,0,0,70.44533901
1002,14,1,1,0,0,65.88422282
1013,10,1,1,0,0,70.10426301
1009,15,1,0,0,1,68.05899768
97,2,0,1,1,0,19.98809993
998,12,1,1,0,0,66.96872164
984,11,1,1,0,1,67.65457488
1007,9,1,0,0,0,72.46384116
94,5,0,0,0,1,16.37262462
1020,11,1,1,1,0,73.87154735
1028,10,1,0,1,0,96.93432677
108,2,0,1,1,0,19.48503976
1016,11,1,1,0,0,69.63218183
98,4,0,1,0,0,13.58747494
999,10,1,1,0,0,69.09204666
99,3,0,1,0,0,16.01099658
991,6,1,0,0,0,74.64740486
1032,9,1,1,0,1,74.89127332
978,10,1,1,1,0,69.45748329
979,12,1,1,0,0,64.59876405
966,10,1,1,0,0,64.82719894
110,4,0,0,0,1,17.23624361
978,11,1,1,0,1,66.5358936
1003,13,1,1,0,0,66.48533119
95,3,0,1,0,0,15.07023468
92,2,0,0,0,1,19.64016607
1041,7,1,0,0,1,80.16529982
101,0,0,1,0,0,18.62540109
972,13,1,0,0,1,66.19314792
1033,9,1,1,0,0,73.98583988
98,3,0,1,0,1,15.6105125
979,9,1,1,0,0,68.39229305
1038,12,1,1,0,0,70.4516078
998,9,1,1,0,1,71.65936373
1034,11,1,1,0,0,72.29134274
96,2,0,1,0,0,17.04466907
1016,10,1,1,1,0,73.38552029
1016,12,1,1,0,0,68.70312517
99,3,0,1,0,0,16.19198422
1019,13,1,0,0,1,71.09785636
989,10,1,1,0,1,69.2722179
975,7,1,1,0,0,69.28271413
1014,13,1,1,0,0,67.37182669
103,4,0,1,0,0,14.79333365
1018,10,1,1,0,0,70.95392327
1001,8,1,1,1,1,74.83245219
107,3,0,0,0,1,19.33468222
104,4,0,0,0,1,17.50160247
1011,10,1,1,0,1,70.77480995
992,11,1,1,0,0,67.52539945
972,12,1,1,0,0,64.30840876
993,10,1,1,1,0,71.15753935
94,2,0,0,0,1,18.73826332
974,11,1,0,0,0,66.71702875
991,12,1,1,1,0,69.1416656
80,2,0,0,0,0,18.08022846
952,11,1,1,0,0,63.47056806
987,11,1,1,0,0,66.86840898
983,14,1,1,0,0,62.89666084
99,3,0,0,0,0,18.29009884
107,2,0,0,0,1,19.33361166
984,10,1,1,0,0,67.15248525
998,8,1,0,0,0,72.59430178
984,10,1,0,0,0,69.18999407
96,4,0,1,0,0,14.3952146
1006,12,1,1,0,0,67.41991628
100,5,0,1,0,1,14.24404361
93,2,0,1,0,1,16.48794511
968,10,1,1,0,0,64.62715769
96,2,0,1,0,1,17.00277697
1028,7,1,0,0,1,78.28878421
108,2,0,1,0,1,16.56209987
95,4,0,1,0,0,13.66070193
1029,7,1,0,0,1,79.55263648
93,2,0,0,0,0,18.51724576
97,4,0,1,0,1,15.73933354
1045,14,1,1,0,0,69.82594644
1034,12,1,0,0,0,72.72689913
1014,8,1,1,0,0,72.12865636
999,8,1,1,0,0,70.98281006
964,12,1,0,0,1,65.73074513
974,8,1,1,0,0,68.61250221
96,3,0,1,0,0,15.74965069
1014,15,1,1,1,0,68.47353748
1013,9,1,1,0,0,71.48420817
955,11,1,1,0,0,63.22681165
977,11,1,0,0,0,67.59239808
1043,10,1,0,0,0,76.17867411
96,3,0,0,0,0,17.06345327
1006,9,1,1,0,1,71.27685447
981,10,1,1,0,0,66.90212932
1008,11,1,0,0,1,72.45618624
1011,8,1,1,0,0,72.14123364
97,3,0,1,0,0,15.00372967
993,11,1,0,0,0,68.40534109
990,7,1,1,0,0,71.20019416
987,10,1,1,0,0,66.85443966
1006,7,1,0,0,0,74.94109926
1018,12,1,0,0,0,71.44873152
1001,9,1,1,0,0,69.42806276
1001,11,1,1,0,1,69.36840312
1028,15,1,0,0,0,69.4035847
996,10,1,0,0,0,70.46678537
102,3,0,1,1,0,18.54931034
1045,12,1,0,0,0,74.52612759
96,3,0,1,0,0,15.31868369
1024,9,1,0,0,1,75.90282378
1008,11,1,0,0,0,71.59819017
94,3,0,1,0,1,17.21626805
1016,12,1,1,0,0,68.27322759
999,13,1,0,0,0,67.51120558
1002,9,1,1,1,0,73.18995622
1000,11,1,0,0,0,70.34739177
991,9,1,1,0,0,68.94623705
105,5,0,1,0,0,14.17419627
975,10,1,1,0,0,66.37168745
99,3,0,0,0,1,19.82681482
109,2,0,1,0,0,16.58375694
984,13,1,0,0,1,66.51443886
1010,12,1,1,0,0,68.21611239
1020,11,1,0,0,1,72.03095949
956,10,1,0,0,1,67.03474593
998,10,1,0,0,0,71.27356777
986,11,1,1,0,0,67.463392
1012,14,1,1,0,0,66.59279109
108,2,0,0,0,0,18.46347665
99,3,0,1,0,0,15.87176883
988,12,1,0,0,1,69.19424062
990,9,1,1,0,0,69.17034884
1013,10,1,1,0,0,70.89983852
96,4,0,1,1,0,17.19923655
982,12,1,1,0,1,65.87623536
1002,12,1,1,0,1,68.60826576
1000,8,1,1,0,0,71.23770294
1019,10,1,1,0,0,70.98023051
1013,11,1,0,0,0,71.76644522
105,4,0,1,1,0,16.76983299
1001,10,1,1,0,1,70.89558289
976,7,1,0,1,0,93.67983196
995,8,1,1,1,0,73.45980174
97,4,0,1,0,1,16.6933287
1022,10,1,1,1,1,75.42617199
1000,16,1,1,0,0,62.70196127
97,2,0,0,0,0,19.07138951
1011,11,1,1,0,1,70.29270428
96,4,0,1,0,0,14.73223509
998,10,1,1,0,0,69.2368761
103,3,0,0,1,0,22.7219553
84,2,0,1,0,1,17.36704455
1004,7,1,0,0,0,74.08956747
978,7,1,1,0,0,69.97320063
992,4,1,0,0,1,77.02064791
1027,10,1,1,0,1,72.75779008
92,2,0,0,0,0,18.73473956
1012,9,1,1,0,0,71.78613726
1003,12,1,0,0,1,70.49924876
97,4,0,1,0,0,14.36884499
1014,7,1,1,0,0,73.92478572
109,3,0,0,0,0,17.45453598
968,5,1,1,0,1,71.37833004
993,13,1,0,0,1,68.70826894
1005,6,1,1,0,0,73.88737336
1000,8,1,0,0,0,72.95629143
981,14,1,1,0,0,61.94258519
998,12,1,1,1,1,69.81169677
1001,10,1,1,1,0,71.91899976
104,3,0,1,0,0,16.08603726
100,3,0,1,1,1,18.80357884
96,3,0,0,1,1,22.66569984
102,3,0,0,0,0,17.87669427
976,11,1,1,0,1,66.6633296
1002,11,1,0,0,0,71.36837463
1000,10,1,1,0,1,69.6063499
114,4,0,0,0,1,18.08037278
991,8,1,0,0,0,72.04409414
1004,10,1,1,0,0,69.63553506
1011,10,1,0,1,0,96.31176009
1020,8,1,1,0,1,74.00783029
984,10,1,1,0,1,68.41845096
995,8,1,1,0,0,70.9123621
1005,8,1,1,0,0,72.01890249
997,10,1,0,0,0,69.86852829
1001,11,1,1,0,0,69.42644822
1021,9,1,1,1,0,75.78544568
1018,9,1,1,1,1,75.83959241
990,10,1,0,0,0,70.53345506
98,2,0,0,1,1,24.79323172
980,10,1,0,0,1,69.85580743
991,11,1,1,0,0,67.52140201
97,2,0,0,0,1,19.87453979
943,11,1,1,0,0,62.27457004
961,8,1,1,0,0,66.19668904
100,3,0,0,0,1,18.23907119
998,7,1,0,0,1,75.30005483
98,4,0,0,0,0,16.87210213
1030,9,1,1,0,0,74.24806151
106,3,0,1,0,0,15.88294419
92,3,0,0,1,1,23.56602266
997,9,1,1,0,1,70.47002958
1029,13,1,1,0,0,68.88796665
999,12,1,1,0,1,67.57679717
95,3,0,1,0,0,15.29897729
1019,11,1,1,0,0,69.59844706
963,10,1,1,0,1,65.07424845
1004,10,1,1,0,1,70.46158293
1041,14,1,1,0,1,70.9836209
975,9,1,1,0,1,68.80932986
1019,11,1,1,0,0,71.01409737
982,6,1,0,0,1,74.01892421
991,10,1,1,0,0,67.79169842
985,11,1,0,0,0,68.55145016
1031,8,1,0,0,0,75.82958556
99,4,0,1,0,0,13.63019006
104,4,0,1,0,1,15.62541425
978,7,1,1,0,0,68.90554599
980,13,1,1,0,0,63.91574262
1000,13,1,0,0,0,68.23670408
103,2,0,0,0,0,19.16239253
999,11,1,0,0,0,69.45868077
1005,10,1,1,0,0,68.95549897
980,9,1,0,0,0,69.30988292
966,12,1,1,0,1,63.77800844
985,7,1,1,0,1,70.78125474
992,11,1,1,0,0,67.47734588
995,12,1,1,1,1,69.83580883
1007,10,1,0,0,1,72.8411674
99,3,0,1,0,0,15.62381696
100,3,0,1,0,0,14.84447744
972,10,1,0,0,0,68.19353857
974,9,1,0,0,1,69.87348463
103,3,0,1,0,1,16.33090116
103,2,0,1,0,1,18.96987455
1014,14,1,1,0,0,66.81179622
101,4,0,1,0,1,16.07776798
100,3,0,1,0,0,15.35375268
934,10,1,0,0,1,64.78097427
1001,11,1,1,0,0,67.74513589
104,3,0,0,0,0,17.68268161
974,9,1,1,0,1,67.9450178
973,13,1,0,0,0,65.67761294
999,12,1,0,0,0,69.3427222
999,11,1,0,0,0,70.02750503
109,2,0,1,1,0,19.819853
1016,12,1,1,0,1,69.25381477
995,9,1,1,0,1,70.32377655
998,13,1,1,0,0,65.07795473
1006,11,1,1,0,1,69.68812748
1007,12,1,1,1,0,71.11740232
115,5,0,0,1,1,21.90061592
938,10,1,0,0,0,65.36553664
102,3,0,1,0,1,15.71998772
1014,9,1,0,1,0,97.04561193
1018,7,1,0,0,0,76.51966407
112,3,0,1,0,0,15.84479689
97,3,0,0,0,0,18.02004533
92,2,0,0,0,1,19.26690429
1007,8,1,1,0,0,72.41163184
1003,13,1,0,0,1,69.56918252
1018,11,1,1,0,0,69.75840852
103,3,0,0,0,1,18.09616012
1041,11,1,0,0,0,74.99935958
970,11,1,0,0,0,66.4005631
1012,9,1,1,0,1,72.29235805
997,8,1,1,0,1,71.88236139
1000,7,1,1,0,0,71.69921723
1016,8,1,1,0,0,72.13181788
1023,11,1,0,0,0,72.35371347
111,3,0,0,0,1,18.29622714
982,8,1,1,0,0,69.40473186
979,12,1,1,0,0,64.35468785
998,13,1,0,0,1,68.73854439
975,13,1,1,0,1,64.79582137
992,14,1,1,0,0,64.73187671
93,2,0,0,0,1,19.12291915
1026,11,1,1,0,0,70.2161183
1026,7,1,1,0,0,73.44291841
992,11,1,0,0,1,70.12235017
1032,11,1,0,0,1,74.26705548
103,4,0,1,0,1,16.04052115
984,12,1,0,0,0,67.19590961
107,3,0,1,0,0,15.09953198
953,12,1,1,0,1,62.66054071
967,9,1,1,0,1,67.73093344
975,9,1,1,0,0,67.81563732
96,5,0,1,0,0,13.38513304
1022,8,1,1,0,0,73.65336725
97,2,0,1,0,0,16.19647466
106,2,0,1,0,0,16.00998412
1020,11,1,1,0,0,70.59608187
1001,13,1,1,0,0,65.98569134
92,2,0,0,1,0,23.71436602
969,8,1,1,0,0,67.46700096
1007,10,1,1,0,1,70.24346544
91,2,0,1,0,0,15.91058916
1001,10,1,1,0,0,69.17996688
97,3,0,1,0,1,16.21435308
109,3,0,1,0,1,15.48840952
112,4,0,1,0,1,15.83423147
1036,14,1,1,0,1,69.73145221
997,12,1,1,0,1,66.55177438
98,1,0,1,0,1,18.23707492
985,7,1,1,0,1,71.58555856
1046,10,1,0,0,0,75.95604826
101,2,0,1,0,1,17.81972217
990,8,1,0,0,0,71.75986567
984,16,1,0,0,1,63.63284757
1003,10,1,1,0,0,68.79082999
99,2,0,1,1,1,19.33908508
97,2,0,1,0,1,17.99317511
1001,6,1,1,0,0,73.5387761
107,2,0,1,0,1,17.35520384
990,12,1,1,0,0,66.0499827
958,11,1,1,0,0,63.53260314
993,12,1,1,0,0,66.03844969
991,5,1,1,0,0,73.56597506
99,2,0,0,0,0,18.02789772
104,2,0,1,0,0,16.40035481
102,3,0,1,0,1,17.10796268
1018,11,1,1,0,0,70.35760956
998,8,1,1,0,0,70.80852934
996,13,1,1,0,0,65.8798633
991,8,1,1,0,1,70.00923698
101,3,0,0,0,0,17.93404242
1027,12,1,0,0,1,72.48472238
1004,10,1,1,0,0,68.53025087
999,10,1,1,0,0,68.80557533
1020,14,1,1,0,0,67.39059341
105,4,0,1,0,1,15.90446561
99,3,0,1,0,0,15.20642267
1006,9,1,0,0,0,72.06031684
999,11,1,1,0,1,69.37017205
992,13,1,1,0,0,65.34654405
1003,8,1,1,0,1,71.65765853
91,5,0,1,0,0,13.91297234
103,3,0,1,0,0,15.60736318
1003,11,1,1,0,0,68.15947881
1009,12,1,1,0,1,67.99758349
99,4,0,1,0,0,14.39897776
993,11,1,1,1,0,70.04247278
1001,13,1,1,0,0,66.73277286
99,3,0,1,0,0,15.3219964
99,4,0,1,0,0,14.12952034
104,3,0,1,0,1,16.32368523
95,2,0,1,1,0,19.50608937
993,11,1,1,0,1,68.45978259
993,6,1,0,0,0,74.2127708
106,2,0,0,1,0,23.77806166
988,13,1,1,0,1,65.80798239
1029,10,1,0,0,0,73.73388642
1013,8,1,1,0,0,71.7081367
1017,9,1,1,0,0,71.11864698
1011,10,1,1,0,1,72.04727294
1017,10,1,1,0,0,70.19115489
97,3,0,1,0,1,16.97197785
96,4,0,0,0,0,16.10246486
1045,6,1,0,0,0,79.42066783
1022,8,1,1,0,0,73.45854816
91,3,0,1,1,1,19.90035766
106,1,0,1,0,0,17.58533622
1003,10,1,1,0,0,69.3140554
988,7,1,1,0,0,70.70771477
987,12,1,1,0,0,65.13238773
1032,9,1,1,1,0,77.18873928
1022,10,1,1,0,1,72.64719846
1005,11,1,1,0,1,69.34116549
96,3,0,0,0,0,17.04324505
1001,8,1,0,0,0,73.68844447
105,2,0,1,0,0,17.20920606
1041,11,1,1,0,0,72.96597407
985,10,1,1,0,0,66.99923477
990,7,1,1,0,0,70.70020045
993,12,1,1,0,1,67.1583453
987,7,1,0,0,1,74.28530414
987,9,1,1,0,0,69.37880247
105,1,0,1,0,0,17.2410471
988,5,1,0,0,1,75.98334477
101,2,0,1,1,0,19.63838194
1025,11,1,1,0,0,70.83950134
100,5,0,1,0,0,13.74091404
997,11,1,0,0,0,68.93124687
995,15,1,1,0,0,63.86898153
1002,7,1,0,1,0,96.79145302
1044,10,1,0,0,0,75.82577722
1033,8,1,1,0,0,74.19089773
1016,7,1,0,0,0,76.93579727
999,9,1,1,0,0,68.97289404
1030,9,1,1,1,0,76.07818532
1005,10,1,0,0,1,72.40050107
86,2,0,1,0,1,18.35343399
100,3,0,1,0,1,16.63548089
991,9,1,1,0,1,70.05358445
105,4,0,1,0,0,14.74318448
110,3,0,1,0,0,16.00817656
105,3,0,1,0,1,16.47974891
1023,10,1,1,0,0,71.38138998
99,1,0,1,0,1,17.77424163
101,3,0,1,1,1,19.1838156
100,3,0,1,0,0,14.63632702
993,8,1,0,0,0,73.15079129
1064,10,1,0,1,1,103.964065
971,11,1,0,0,0,66.95385557
99,4,0,1,0,0,14.58316758
990,13,1,1,0,1,65.42315339
1005,12,1,0,0,0,69.488611
998,9,1,1,0,0,68.97286184
984,8,1,1,0,0,69.65289674
1020,8,1,0,1,1,99.9637722
1016,11,1,0,0,0,71.61680073
105,3,0,1,0,0,16.37040319
975,9,1,1,0,0,67.15934207
1007,10,1,1,0,0,69.31217331
1002,12,1,1,0,0,67.11423808
996,9,1,1,0,0,69.57034295
1004,8,1,1,0,0,70.3660204
89,2,0,1,0,1,16.91845485
100,3,0,1,0,0,15.56661623
100,4,0,1,0,0,13.72359818
966,10,1,0,0,1,68.37871922
98,4,0,1,0,0,15.06931557
92,3,0,1,0,0,15.76881087
987,11,1,1,0,0,67.15839354
992,5,1,0,0,1,76.69605957
1001,10,1,1,0,1,70.99722056
1024,12,1,1,0,0,69.8017757
103,4,0,0,0,1,17.66715367
104,3,0,1,0,0,15.60567767
1022,10,1,1,0,0,71.17937719
1009,11,1,1,0,0,68.56392846
1002,9,1,1,0,0,70.303202
102,3,0,1,0,0,15.99778151
1013,12,1,1,0,1,69.1100297
979,8,1,1,0,1,69.66713868
1005,11,1,1,0,1,69.70241848
1016,10,1,0,0,0,73.29968747
977,11,1,0,1,0,90.18210556
1035,9,1,0,0,0,75.32628839
98,3,0,1,1,0,18.3963233
100,3,0,0,0,1,19.33737654
100,3,0,1,0,0,15.73736059
1028,12,1,0,0,0,72.73337119
986,11,1,1,0,0,67.10196457
103,3,0,0,0,0,16.65823806
998,7,1,0,0,0,73.46745965
81,3,0,0,0,0,16.33322929
107,4,0,1,0,0,13.7072924
1023,8,1,1,0,1,74.73255592
994,9,1,0,0,1,72.87685067
101,3,0,1,0,1,15.77727666
101,2,0,0,1,0,23.43917048
992,9,1,1,1,0,71.34030179
97,4,0,0,0,1,17.84915526
100,2,0,0,0,0,18.35289773
956,12,1,1,0,0,61.51487457
103,1,0,1,0,0,17.00949282
1021,12,1,1,0,0,69.18251889
98,5,0,1,1,0,15.86392756
996,10,1,1,1,0,71.66574016
108,2,0,1,0,0,16.80501907
1010,10,1,0,0,0,71.67581831
1017,11,1,0,0,0,72.13363329
1005,13,1,1,0,0,66.82499496
972,7,1,0,0,1,71.81159942
1020,11,1,1,0,1,71.16318161
1038,11,1,0,0,0,74.43556245
991,10,1,0,0,0,69.9185782
100,2,0,1,0,0,16.32396722
1008,10,1,1,0,0,69.32579753
997,14,1,1,0,0,65.18648262
997,8,1,1,0,0,70.97194964
1000,10,1,1,0,0,69.15865763
980,10,1,1,0,0,66.80475956
979,7,1,1,0,0,69.22584946
1035,10,1,0,0,0,74.9265353
999,9,1,0,0,0,72.31485438
1026,10,1,1,1,0,75.6805068
980,13,1,1,0,1,65.00074524
1020,13,1,1,0,0,69.4460224
1025,11,1,1,1,0,73.42824982
100,4,0,1,0,0,13.96426529
1004,10,1,0,0,1,72.53397168
1031,11,1,0,0,0,74.16912075
93,2,0,1,0,0,16.26840606
107,2,0,1,0,1,18.39048009
1017,8,1,1,0,0,73.13134133
102,1,0,1,1,0,20.3968523
97,3,0,1,0,0,14.62767627
101,2,0,1,1,0,20.05893213
1000,10,1,1,0,1,70.18185854
1027,9,1,1,0,0,74.1644115
979,11,1,1,0,1,66.82441469
1026,10,1,1,0,1,72.98444136
99,3,0,1,1,0,18.15469693
1006,10,1,1,0,0,69.52851192
89,5,0,0,0,1,16.19668239
957,8,1,1,0,0,67.07466423
997,10,1,0,0,0,70.07538423
1024,10,1,1,0,0,71.61775439
1003,8,1,1,0,1,71.88303113
966,10,1,1,1,1,70.2274667
1014,10,1,0,0,0,71.63981443
986,10,1,0,0,0,69.34057805
999,7,1,1,0,1,72.68897476
1001,9,1,1,0,0,69.88093436
986,8,1,1,1,0,73.15487277
1013,8,1,1,0,0,71.70588024
102,4,0,1,0,0,14.243756
1016,10,1,0,1,0,96.00496848
1014,14,1,1,0,0,66.33133223
1015,7,1,1,0,1,73.45926686
1017,9,1,1,0,1,72.84702353
979,11,1,1,0,0,65.62444224
94,1,0,1,0,1,18.88484626
103,4,0,1,0,0,14.23466037
1031,10,1,1,0,1,72.52160556
94,4,0,0,0,0,16.21401539
1025,4,1,0,0,0,79.56276466
988,11,1,1,0,0,66.99647185
1019,9,1,1,0,0,72.70237373
997,12,1,1,0,1,67.53861852
998,8,1,1,0,0,70.85001583
102,2,0,1,1,1,20.1435019
992,12,1,1,0,0,65.98369451
98,2,0,1,0,0,16.65495955
1024,10,1,0,0,1,74.52485688
985,17,1,1,0,0,59.95012213
102,3,0,1,0,0,15.80093528
1006,12,1,0,0,0,69.70750315
988,8,1,1,0,1,70.51129308
1006,10,1,0,0,1,71.71413454
940,12,1,1,0,0,60.52924694
101,1,0,0,1,1,26.29465911
1013,7,1,0,0,0,76.23239886
106,3,0,1,0,0,15.62739251
975,12,1,0,0,0,67.2753057
1001,8,1,0,0,1,74.39024677
995,11,1,0,0,0,68.89901476
1009,11,1,1,0,1,69.02809961
95,1,0,1,0,0,17.1346616
970,9,1,1,0,0,67.19615386
1002,8,1,0,0,0,73.1730313
1002,11,1,0,0,0,69.9770061
1044,11,1,1,0,0,73.88435196
1005,10,1,0,0,0,72.93038736
948,9,1,1,0,0,64.47369226
103,4,0,1,0,1,15.78955437
978,8,1,1,1,1,73.07193326
1003,8,1,1,0,1,72.10304484
104,2,0,1,0,1,18.09070894
96,2,0,1,0,0,16.45556098
103,4,0,0,0,0,16.21044764
999,11,1,1,0,0,67.20923135
997,9,1,1,0,0,69.79447909
970,10,1,1,1,1,69.32776094
1009,10,1,1,0,0,70.96245222
990,8,1,1,1,0,72.9357359
110,2,0,1,0,0,17.1991832
998,12,1,1,1,0,70.16761557
104,3,0,1,0,0,16.21674353
97,4,0,1,0,0,14.45695597
108,4,0,1,0,0,14.05048043
972,14,1,0,0,1,65.47547258
990,14,1,1,0,0,64.3633091
998,10,1,0,0,0,70.39458119
91,1,0,1,0,0,17.47259479
1000,10,1,0,1,0,93.75713376
1017,13,1,0,0,1,70.0289646
1003,6,1,0,0,1,76.61543264
987,13,1,1,0,0,65.4181133
979,7,1,1,0,0,68.39978935
98,5,0,0,0,0,15.42128039
101,3,0,0,0,1,18.29977185
1002,9,1,0,0,0,72.18579999
992,9,1,1,0,0,68.82342087
997,9,1,1,0,0,68.87764361
995,11,1,1,0,0,67.08688729
1005,10,1,0,0,0,71.9346473
969,11,1,1,0,0,65.92479167
1005,12,1,1,0,0,67.1842005
958,11,1,1,0,0,62.68470334
988,10,1,1,1,1,72.80118487
979,7,1,1,0,0,69.32432789
1029,8,1,1,0,0,73.14937288
1021,10,1,0,0,0,72.99442245
1053,5,1,1,1,1,84.27931864
95,2,0,1,0,0,16.61067486
1020,12,1,1,0,0,69.94436509
960,10,1,1,0,1,66.23190077
104,3,0,1,0,0,15.6341783
1002,10,1,1,0,0,69.70518258
1011,14,1,1,0,0,66.07136986
995,8,1,0,0,0,72.47616012
970,12,1,1,0,1,65.42366462
978,10,1,1,0,1,67.36146935
1030,8,1,0,0,1,78.60295583
973,10,1,1,0,0,65.84406749
105,4,0,1,0,0,14.00454638
93,3,0,1,0,0,15.72159155
1005,10,1,1,0,1,70.3209118
1030,11,1,0,0,0,73.37277255
95,4,0,1,0,0,14.57858883
995,11,1,1,0,0,67.81303608
994,12,1,1,0,0,66.33372619
1024,10,1,1,1,0,73.89256343
1006,8,1,1,0,0,71.77209586
1028,8,1,1,0,0,75.25510309
101,4,0,1,0,1,16.19339336
98,4,0,0,0,0,16.85292572
974,13,1,1,0,1,63.96779698
991,11,1,1,0,0,67.28912429
101,3,0,1,0,1,16.51979691
998,8,1,1,0,0,70.66105685
1000,9,1,0,0,0,72.49767227
986,8,1,1,0,0,69.88210404
1003,4,1,0,0,0,77.29980381
94,2,0,1,0,0,16.47340603
984,7,1,0,0,1,73.40961239
1024,6,1,1,0,0,76.11517263
1002,9,1,0,0,1,72.97331493
1004,11,1,1,0,0,68.6518266
1005,10,1,1,0,0,69.41380101
998,10,1,1,0,0,68.95381083
98,2,0,0,0,1,18.93085765
92,3,0,0,1,1,23.27735084
1010,8,1,1,0,0,71.05838627
978,11,1,1,0,0,64.9745222
96,3,0,0,0,0,18.10991671
989,11,1,1,0,0,66.62907258
987,10,1,1,0,0,67.46129105
108,4,0,1,0,0,14.57232218
95,3,0,0,1,0,22.56699112
100,4,0,0,0,0,16.32522577
974,9,1,1,0,0,67.37799721
105,1,0,1,0,1,19.87997326
102,2,0,0,0,0,19.55688664
1018,7,1,1,0,1,74.62628814
104,3,0,1,0,0,14.51897907
1015,9,1,0,0,0,73.35516773
100,2,0,1,1,0,19.75587001
1005,10,1,0,0,1,72.08666919
96,2,0,1,0,0,16.62253978
989,9,1,1,0,0,68.85334394
100,2,0,1,0,0,15.84990157
1008,11,1,1,0,0,68.7852491
1010,8,1,1,0,0,71.98458864
1003,8,1,0,0,0,73.12444027
969,9,1,1,0,1,67.47250749
970,9,1,0,0,0,68.50567189
1020,11,1,1,0,0,70.42796282
987,10,1,0,0,0,69.48200877
966,5,1,1,0,0,71.25428445
1013,12,1,0,1,0,94.02578135
997,6,1,1,0,0,72.14605649
109,4,0,1,0,0,15.65231544
99,2,0,1,0,0,17.10977005
989,15,1,0,0,0,65.1874705
107,7,0,1,0,1,12.38266207
995,11,1,1,0,1,68.82207874
99,3,0,0,0,0,17.00331257
1003,11,1,1,0,0,68.55434579
994,7,1,0,0,0,73.27202418
982,10,1,1,1,0,69.62355906
1034,14,1,0,0,1,72.30436881
1008,12,1,1,0,0,68.90775125
995,12,1,0,0,1,69.55612612
985,10,1,1,0,1,67.89936984
1029,10,1,0,0,0,74.32619772
1008,11,1,0,0,1,72.19550658
996,7,1,0,0,1,74.7823254
109,5,0,1,0,0,14.08957742
103,2,0,1,0,1,17.43149291
1042,8,1,0,0,0,77.7099666
1006,12,1,0,0,0,69.59767832
1033,8,1,1,0,0,74.45827438
1011,9,1,1,0,0,71.24616934
1012,12,1,1,0,0,69.01234388
1005,4,1,1,0,0,75.23140462
101,3,0,0,0,0,18.1432284
105,4,0,1,0,0,14.69143911
970,10,1,1,0,0,66.25436775
996,11,1,1,0,0,67.52010385
1016,12,1,0,1,0,93.76352327
1024,12,1,1,0,1,70.2235221
1011,10,1,1,0,0,69.83727651
109,4,0,0,0,0,16.84127568
991,9,1,1,0,0,69.24707722
108,4,0,1,0,0,15.1859112
992,13,1,0,0,0,66.84350569
1028,8,1,0,0,0,76.74793061
999,7,1,1,0,1,72.83175283
98,2,0,1,0,1,17.96987361
999,13,1,1,0,1,67.53486752
1013,9,1,1,0,0,71.01120313
108,2,0,0,0,1,19.54154211
983,10,1,0,0,0,69.18563533
979,10,1,1,1,0,69.17208423
1001,10,1,0,0,1,72.11098413
1028,11,1,0,0,1,74.1741713
946,8,1,1,0,0,65.3567478
102,2,0,1,0,0,17.0215991
104,5,0,1,0,0,13.18348116
993,11,1,0,0,1,69.12110962
96,2,0,1,0,1,16.86189426
100,3,0,1,0,0,15.33845954
985,10,1,1,0,0,66.96531903
1017,11,1,0,0,0,71.2741086
1002,11,1,1,0,0,68.57818508
1010,8,1,0,0,0,73.57736517
963,10,1,1,0,0,63.48462104
1029,11,1,0,0,1,74.2921609
1003,11,1,1,0,1,68.61527656
1008,9,1,1,0,0,71.86145838
956,9,1,1,0,1,66.32449545
104,2,0,1,0,0,16.82307868
1006,13,1,1,0,0,66.13835298
97,4,0,0,0,0,16.20265239
99,3,0,1,1,0,18.76734236
986,14,1,1,0,0,62.75346342
982,8,1,0,0,1,72.06067297
1003,9,1,0,0,1,73.44876015
107,2,0,0,0,0,18.98564005
92,3,0,1,0,0,15.66438461
999,10,1,1,0,0,68.95424639
101,3,0,0,0,1,18.08896124
105,3,0,0,0,0,17.30534181
980,9,1,1,0,0,68.40229368
1018,10,1,1,0,0,71.23536707
1030,10,1,1,0,0,72.33884765
92,2,0,1,0,0,15.75742655
970,10,1,1,0,0,66.39569475
1002,12,1,1,0,0,68.1807118
995,12,1,0,0,1,69.03891405
1028,11,1,0,0,0,73.00548993
108,4,0,1,0,0,13.7295069
1012,8,1,1,0,1,72.44598752
991,11,1,0,0,0,68.99340698
977,10,1,1,0,0,66.38837359
96,3,0,1,0,0,16.14549084
987,17,1,1,0,0,60.27447592
101,1,0,1,0,0,17.4900932
976,12,1,1,1,0,66.96783899
980,10,1,0,1,0,91.0706131
95,3,0,1,0,0,15.16001143
1007,10,1,1,1,0,72.19560683
997,10,1,1,0,0,68.88145243
988,9,1,1,0,0,68.99160116
978,5,1,1,0,1,72.44734064
1050,9,1,1,0,1,75.98743122
102,3,0,1,0,0,15.18807373
995,9,1,1,0,1,71.31679749
1003,11,1,1,0,1,69.11362339
988,6,1,1,0,0,71.56959123
105,3,0,1,0,0,16.47836085
97,2,0,0,0,1,19.90190269
1016,15,1,1,0,1,66.44829403
1001,10,1,1,0,1,70.60732955
987,7,1,0,0,0,72.44153813
1021,11,1,0,0,1,73.66480736
99,4,0,1,1,0,17.37517323
103,2,0,0,0,0,18.02471142
101,3,0,1,0,1,16.6590446
977,8,1,1,0,1,69.26261641
106,3,0,1,0,1,17.18104635
1024,7,1,0,0,0,77.26359931
93,4,0,1,0,0,13.44965058
989,10,1,0,0,0,69.02186335
1002,7,1,1,0,0,72.70472938
104,2,0,1,0,0,17.1446465
989,9,1,0,0,0,70.4645772
102,3,0,0,0,1,18.32703422
1007,14,1,1,0,0,64.36443137
104,3,0,1,0,0,15.87858167
1043,11,1,1,0,0,72.58966361
985,11,1,0,0,0,68.35178045
1016,12,1,1,0,0,68.80760315
97,4,0,0,0,0,16.93224255
96,1,0,1,0,0,17.47314489
986,10,1,1,0,0,67.24276402
106,3,0,1,0,0,15.95448062
977,6,1,1,0,0,70.7019157
985,12,1,1,0,0,65.58354857
1026,12,1,1,1,0,71.83179189
973,13,1,1,0,0,62.84624225
113,3,0,1,0,0,16.33470189
979,15,1,1,0,1,62.92474925
987,10,1,1,0,0,67.48479047
102,4,0,1,0,0,14.42529524
961,12,1,0,0,0,64.23666779
101,2,0,1,0,0,16.46280306
1014,5,1,1,0,0,75.47101223
97,3,0,0,0,0,17.32374161
102,2,0,1,0,0,16.81706127
976,11,1,1,0,1,67.10376904
1026,15,1,0,0,0,69.15807887
93,2,0,0,0,0,18.43911439
1019,10,1,1,0,1,72.14455562
975,10,1,0,0,1,70.28094357
1009,12,1,1,0,0,68.30265368
997,13,1,1,0,0,65.06284029
1017,9,1,1,0,1,72.85476455
1003,13,1,1,0,1,67.16263628
992,9,1,0,0,0,71.08488939
97,2,0,0,1,0,24.47689231
1030,12,1,1,0,0,70.25348734
988,9,1,1,0,0,69.52105698
992,12,1,1,0,1,65.99081275
1061,8,1,1,0,0,77.77380738
98,3,0,1,0,1,16.69066361
107,3,0,0,0,0,17.53258621
94,3,0,1,0,0,15.57662255
94,1,0,0,0,0,18.83172635
1001,10,1,1,0,1,70.50208984
98,3,0,0,1,0,21.89983662
1024,10,1,1,0,1,73.11154122
1028,12,1,1,0,0,70.23279014
977,10,1,0,0,0,69.19454214
966,8,1,1,0,1,67.5026317
989,14,1,0,0,1,66.90776063
101,4,0,1,0,1,15.71729476
1002,14,1,0,0,0,67.65159461
995,7,1,1,0,1,72.36168356
974,10,1,0,0,1,68.89300667
982,11,1,1,0,0,66.23875537
991,10,1,1,0,0,67.89323476
102,2,0,0,0,0,19.36368536
1015,11,1,1,1,1,73.145266
984,7,1,1,0,0,70.57832006
101,2,0,1,0,0,16.25216141
1050,16,1,1,1,0,71.91131038
99,2,0,0,0,0,17.95134022
1036,11,1,1,0,1,73.15628417
96,4,0,1,0,0,15.30334018
983,13,1,0,0,1,67.69672313
988,10,1,1,0,1,69.09883267
96,3,0,1,0,0,15.61565826
98,3,0,1,0,1,15.81850132
1021,10,1,1,0,0,71.03527992
1019,12,1,1,0,0,68.88685228
969,9,1,1,0,0,66.42467563
1011,10,1,1,1,1,73.36385068
993,10,1,1,0,0,68.76587086
1005,11,1,1,0,0,68.70818971
95,2,0,1,0,0,15.73785473
1027,10,1,1,1,0,74.79593936
994,9,1,0,1,1,95.19941752
1008,8,1,0,0,0,74.62655429
1005,8,1,1,1,1,75.22758669
998,13,1,1,1,1,70.06176118
98,5,0,1,0,0,13.48237124
997,12,1,1,0,0,66.16662397
106,3,0,1,0,1,16.29422566
992,7,1,0,1,1,96.61283659
1023,12,1,1,0,0,69.9514663
92,3,0,1,0,0,15.48056068
993,10,1,0,0,0,70.37631521
990,8,1,1,0,1,70.33798417
1010,7,1,1,0,1,73.33345889
1000,7,1,0,0,0,74.30614817
992,11,1,0,0,1,70.75184599
96,4,0,1,0,0,14.5489026
105,1,0,1,0,0,17.89085255
997,11,1,1,0,0,66.9986229
997,10,1,0,0,1,72.09731338
968,10,1,1,0,0,66.31094486
988,10,1,1,0,1,69.63313549
1032,12,1,1,0,0,69.69646736
982,8,1,1,0,0,68.88614811
982,13,1,1,0,0,64.30401818
1027,9,1,1,0,0,73.49992275
1021,12,1,1,0,0,69.04257231
1019,11,1,0,0,0,72.29326922
950,11,1,1,0,0,62.98641761
98,3,0,1,1,0,18.38638121
93,4,0,1,0,0,14.55613347
1012,13,1,1,0,0,67.52995658
959,11,1,1,0,1,65.31770995
95,4,0,0,0,0,15.93190763
106,5,0,1,0,0,14.77381736
97,5,0,1,0,1,14.94498087
96,2,0,1,0,0,16.5392396
105,2,0,1,0,1,18.00770965
95,3,0,1,0,1,16.1883448
986,11,1,1,0,0,66.46885656
1004,13,1,1,0,0,66.67541023
985,12,1,0,0,0,68.14654368
1034,7,1,1,1,0,78.97021275
976,12,1,1,0,0,63.69682793
1013,7,1,1,0,1,74.46683888
102,3,0,0,0,0,17.62713493
1003,10,1,1,0,1,69.79773634
949,8,1,1,1,0,67.77060025
975,12,1,1,1,0,67.9671288
97,4,0,1,0,0,14.5712865
1028,10,1,1,0,1,72.76337141
1007,8,1,1,0,1,72.53055901
103,2,0,0,0,0,18.67147393
979,8,1,1,0,0,69.53092645
105,2,0,1,0,0,16.18594563
1029,11,1,1,0,0,71.81321954
98,4,0,1,0,0,15.15428354
104,3,0,0,0,0,18.04084684
931,10,1,1,0,0,61.682032
994,11,1,1,1,1,71.36824768
979,8,1,1,1,0,71.17224004
1020,11,1,1,0,1,72.381372
90,3,0,1,0,0,15.49376418
1046,11,1,1,1,0,76.12017496
966,12,1,1,0,0,63.71781404
1004,12,1,1,0,0,66.93754644
995,10,1,1,0,0,67.39495993
1042,9,1,1,0,0,75.02765405
986,11,1,1,0,1,67.89778576
1010,11,1,1,0,1,70.49326677
1019,9,1,1,0,0,71.90337499
983,14,1,1,0,0,62.44883967
95,2,0,1,0,0,16.09354678
1027,7,1,1,0,0,75.1922209
101,4,0,1,0,0,14.43318168
95,2,0,0,0,1,18.78758457
993,12,1,0,0,0,67.59096723
105,5,0,1,1,0,17.04895113
101,4,0,1,0,0,13.66321213
99,4,0,0,0,0,17.07803923
1014,8,1,1,0,0,72.63508848
1027,13,1,1,0,0,69.52581612
107,4,0,1,0,0,15.19403833
108,3,0,0,0,1,18.20234629
97,2,0,1,0,0,16.66948838
98,4,0,0,0,0,16.60237297
1028,10,1,1,0,0,72.4422021
1013,10,1,1,0,0,69.84830724
102,3,0,0,0,0,17.53043062
93,4,0,1,0,1,13.9321463
100,4,0,1,0,0,14.07848227
1001,7,1,0,0,0,73.21055305
99,4,0,0,0,0,16.8131664
1017,11,1,0,1,0,94.44253269
993,7,1,0,0,0,73.37246709
1008,8,1,1,0,0,71.86810012
971,10,1,1,0,0,66.88625367
96,3,0,1,0,1,16.67470587
992,11,1,1,0,0,66.94633414
973,11,1,1,0,0,65.56959357
981,10,1,1,1,1,71.07119333
1005,12,1,1,0,0,67.80337151
971,10,1,1,0,0,66.66909965
987,10,1,1,0,0,67.81198124
981,10,1,1,0,1,67.74410291
93,3,0,1,0,0,15.402836
95,2,0,1,1,0,19.04938073
951,12,1,0,0,0,64.01034077
967,11,1,1,0,0,65.11180329
1003,10,1,0,0,0,70.07986978
96,3,0,1,0,0,15.539018
108,3,0,0,0,0,17.32398863
997,13,1,1,1,0,68.45349679
1041,13,1,1,0,0,70.92673522
1013,10,1,1,0,0,70.7972092
97,3,0,0,0,0,17.87049073
978,11,1,1,0,0,65.6782292
992,8,1,1,0,0,70.85736953
1013,10,1,1,0,0,70.10120745
101,2,0,1,1,0,19.6704411
991,11,1,0,0,0,69.70222024
992,10,1,1,0,0,68.69536475
101,3,0,1,0,0,15.55432317
1000,13,1,0,0,0,68.98443423
98,3,0,1,0,0,14.956073
1034,10,1,1,0,0,72.52940722
961,11,1,0,0,0,65.52844328
1003,10,1,1,0,0,69.77595559
993,7,1,1,0,0,71.88687207
993,11,1,1,0,0,68.04819817
113,2,0,1,0,0,16.49434041
965,9,1,1,0,0,66.26113677
1021,9,1,0,0,0,73.8403151
102,3,0,1,0,0,16.06786655
97,3,0,0,0,0,17.41162857
948,13,1,1,0,0,61.35332871
977,5,1,1,0,1,71.98633754
1008,11,1,1,0,0,68.806807
1012,10,1,0,1,0,95.08396347
96,3,0,1,0,1,16.01217578
999,8,1,1,1,0,73.63309908
993,4,1,1,0,0,74.19034771
1000,11,1,1,0,0,68.11978505
957,9,1,1,0,0,64.87502284
104,5,0,0,0,0,14.93746684
1006,7,1,1,0,0,71.6643096
98,4,0,1,0,0,15.96293192
1014,9,1,1,0,0,72.24571857
995,10,1,0,0,1,71.91630566
961,12,1,1,0,0,62.07582929
1020,11,1,1,0,0,70.67806713
100,3,0,0,0,0,17.36809764
978,10,1,1,0,0,66.88921021
964,13,1,1,0,0,61.95468386
941,10,1,0,1,0,86.80115276
1001,9,1,1,0,0,70.01880892
1018,4,1,1,0,0,77.23242874
110,4,0,0,0,1,17.7534096
1013,11,1,1,0,1,70.37798351
968,9,1,0,0,0,67.92714417
99,4,0,0,0,0,16.51748519
98,2,0,1,0,0,16.80717823
989,9,1,1,0,0,68.77610808
987,12,1,1,0,0,65.46043233
1042,8,1,1,0,1,76.21187066
1013,10,1,1,0,0,69.84158227
99,2,0,1,0,0,16.77760311
992,9,1,1,0,1,69.98512347
99,4,0,1,0,0,14.30032499
107,4,0,1,0,0,14.55368792
104,4,0,0,0,1,18.06148862
1007,9,1,1,0,1,71.70021984
92,3,0,1,0,0,16.48111464
94,5,0,0,0,0,15.66590355
1016,6,1,1,0,0,74.57150979
980,12,1,1,0,0,65.27977288
999,8,1,1,1,0,74.06523434
96,3,0,1,0,0,15.09797383
1019,11,1,1,0,0,69.77557032
96,5,0,1,0,0,13.92263129
95,3,0,0,0,0,17.58311865
993,7,1,1,0,0,72.07604071
1024,12,1,0,0,0,70.88361673
90,4,0,0,0,0,16.49664844
93,2,0,0,0,0,18.5270408
995,9,1,0,0,0,70.98426578
96,2,0,0,0,0,17.87169122
98,3,0,1,0,0,15.32533909
1031,12,1,1,1,0,73.35598986
1010,9,1,0,0,0,72.57764228
997,8,1,1,0,0,70.95457003
1019,11,1,1,0,0,69.62277657
989,12,1,1,0,0,66.2425636
1005,10,1,0,0,0,71.96687095
973,10,1,1,0,1,67.18060167
1012,10,1,1,0,0,69.71585201
994,11,1,1,1,0,70.97071853
984,10,1,1,0,0,68.00301605
952,11,1,1,0,1,63.76147011
1011,11,1,1,0,0,68.74389451
961,10,1,1,0,0,64.83392078
1021,7,1,1,0,0,74.71099717
1002,10,1,0,0,1,72.33124022
103,4,0,1,0,0,14.34866884
983,13,1,1,0,0,63.65698914
967,13,1,0,0,1,65.26779427
101,2,0,1,1,0,20.63193705
980,8,1,1,0,1,69.87965461
973,10,1,1,0,0,65.30626604
103,3,0,1,0,0,15.52268378
1000,7,1,0,0,0,75.45684206
99,4,0,0,0,1,17.30397106
998,10,1,1,0,0,69.01989958
969,10,1,1,0,0,65.95278739
996,9,1,0,0,0,72.15616018
102,4,0,1,0,0,13.99343103
964,14,1,0,0,1,64.10056406
98,4,0,0,0,0,16.28563933
984,9,1,1,0,0,67.33009206
96,3,0,1,0,0,15.9127093
1019,9,1,1,0,0,72.73696251
104,3,0,1,1,0,18.88341346
982,10,1,1,1,1,70.67268188
979,10,1,1,0,1,68.03768197
101,3,0,1,0,1,16.6881994
990,10,1,1,0,1,68.67845132
95,5,0,1,0,0,12.75187803
986,12,1,0,0,1,68.64496809
987,11,1,0,0,0,69.11537882
956,11,1,0,0,0,65.3946131
1032,11,1,1,0,0,71.2540759
107,2,0,1,0,0,16.86623629
104,4,0,0,0,0,16.1643829
1014,9,1,1,0,1,73.86868002
93,3,0,1,0,0,16.11909205
1008,10,1,0,0,0,72.2445876
1011,9,1,1,0,0,71.52023416
991,8,1,1,0,1,71.75580828
974,12,1,1,0,0,64.41967207
1032,10,1,0,0,0,74.92116613
991,8,1,0,0,1,73.00570901
990,11,1,1,0,0,67.50512086
1009,10,1,1,0,1,71.03994062
956,9,1,0,0,0,68.05494411
981,11,1,0,0,1,68.75664714
102,3,0,0,0,1,18.62794241
974,10,1,1,0,0,65.89797021
998,8,1,1,0,0,70.65779031
959,11,1,1,0,1,64.99559461
1015,13,1,1,0,1,68.77819363
983,11,1,0,0,0,67.87201583
960,10,1,1,0,0,64.43480152
1006,11,1,0,0,0,70.58486103
1009,11,1,0,0,1,71.82243622
986,10,1,0,1,0,92.50834549
1046,12,1,1,0,0,72.21245654
94,3,0,0,0,0,16.56510944
990,12,1,1,0,0,66.3499995
995,12,1,1,0,0,66.0017029
1026,15,1,0,0,0,68.34461797
105,3,0,0,0,0,17.16387419
1003,10,1,1,0,1,69.89579572
994,10,1,1,0,0,68.70091242
965,11,1,1,0,0,65.39560324
95,3,0,1,0,1,16.11008317
98,2,0,1,0,0,16.08365495
984,11,1,0,0,0,68.56624432
999,15,1,0,0,0,65.1785539
1026,10,1,1,0,0,72.45303829
106,4,0,1,0,0,15.488465
99,2,0,1,0,1,17.72118172
100,2,0,0,0,0,18.19482334
1000,14,1,1,0,0,65.09405559
1019,10,1,1,0,0,71.735452
109,2,0,1,0,0,16.30317534
1012,8,1,1,0,1,73.08401885
979,11,1,1,0,0,66.41579011
94,5,0,1,0,0,14.4071042
104,3,0,1,0,0,15.80588607
106,3,0,1,1,1,19.44787596
973,11,1,0,0,0,67.11553586
103,2,0,0,0,1,19.92902667
995,10,1,1,0,0,68.11527528
1018,13,1,1,0,0,68.13283815
1001,14,1,1,0,0,65.16976162
989,8,1,1,0,1,70.19017293
990,8,1,1,0,0,68.90498759
1003,10,1,1,0,1,70.00682763
100,4,0,0,0,0,16.91033793
100,3,0,1,0,0,15.92792271
1022,11,1,1,0,0,69.82587562
105,2,0,1,1,0,19.46128452
986,12,1,1,0,0,65.01333118
984,11,1,1,0,0,66.63637126
105,3,0,1,0,0,15.97202717
1011,9,1,1,1,0,74.48846669
993,11,1,0,0,1,70.33459833
998,13,1,1,0,0,65.18011815
1030,12,1,0,0,0,70.9282737
1012,9,1,1,0,0,71.2747305
993,9,1,0,0,0,70.59149432
964,8,1,1,0,0,67.18310309
965,8,1,1,0,1,68.38261641
1000,9,1,1,1,0,73.29654553
993,6,1,1,0,1,73.28820938
984,7,1,1,0,1,70.83578805
1018,10,1,1,0,0,71.27237759
96,4,0,1,0,1,15.01258138
989,9,1,1,0,0,69.23515302
1022,12,1,1,0,0,69.06795189
1016,9,1,1,0,0,71.45460445
992,11,1,0,1,0,91.83260677
1032,9,1,0,0,0,75.25277529
1032,10,1,1,0,0,72.98639798
1006,13,1,1,0,0,67.61289459
1017,9,1,0,0,1,75.11752888
97,5,0,0,0,0,16.37007517
968,11,1,1,0,1,65.02208251
982,13,1,1,0,0,63.85435622
995,8,1,0,0,0,72.52206589
1012,8,1,1,0,0,72.02737676
1005,14,1,1,0,1,66.62130684
993,12,1,1,0,0,66.39892459
1022,11,1,0,0,0,71.23004564
986,11,1,1,0,0,66.25639689
110,4,0,1,0,1,15.47459987
999,9,1,1,0,0,70.324185
1026,9,1,0,0,0,75.60689738
1001,7,1,1,0,0,71.95948874
1000,12,1,1,0,0,66.81088079
1002,13,1,1,0,0,65.88856398
980,13,1,1,0,0,63.35479075
1005,11,1,1,1,1,72.9410942
1005,14,1,1,0,0,65.853994
990,8,1,1,0,0,70.70796407
970,11,1,0,0,1,67.83641671
993,8,1,0,1,0,95.00641739
1037,11,1,1,0,0,71.97978104
94,2,0,1,0,0,15.70231647
995,7,1,0,0,0,73.02511404
972,12,1,1,0,1,64.70339774
1042,10,1,0,0,0,75.61093217
1014,10,1,1,0,0,70.76594617
980,12,1,0,1,0,89.59598834
997,11,1,1,0,1,69.02991856
976,14,1,0,0,0,64.72234321
1004,9,1,0,0,1,73.31021975
1018,7,1,0,1,0,99.23336667
987,6,1,1,0,0,72.37523578
1057,10,1,1,0,1,76.45488222
990,14,1,1,0,0,63.62339038
108,4,0,1,0,0,14.76486881
110,2,0,0,0,0,18.29372479
980,11,1,1,0,0,65.95083408
100,2,0,0,0,0,18.18807743
1007,12,1,1,0,1,68.67705609
102,4,0,1,0,1,15.5805726
980,10,1,1,0,0,66.49678917
1001,11,1,1,0,0,68.83440736
992,7,1,1,0,0,71.14023682
99,3,0,0,0,0,17.40762032
103,4,0,1,0,1,15.43953017
1031,9,1,1,0,0,73.77654156
101,4,0,1,0,0,15.44758353
90,3,0,1,0,0,14.74047507
97,4,0,1,0,0,15.02086039
102,4,0,1,0,0,14.83571617
1016,10,1,0,0,0,73.70653598
991,10,1,1,0,1,68.94711757
94,1,0,1,0,1,18.80344377
1001,10,1,1,0,0,69.14664421
105,2,0,1,1,0,19.40599442
100,2,0,1,0,0,16.03041272
990,14,1,1,0,0,63.92052481
984,7,1,0,0,0,71.93709916
1057,10,1,1,0,0,74.78601158
1017,9,1,1,0,0,71.83783824
1028,12,1,0,0,0,72.36395638
106,3,0,0,0,0,17.82598384
1012,12,1,1,0,0,67.5460394
1031,9,1,1,0,1,73.88098605
1002,13,1,0,0,1,68.92347529
976,10,1,1,0,1,67.82807462
102,2,0,0,0,0,18.20286973
993,9,1,1,0,1,70.8039574
1015,12,1,1,0,1,69.4567896
1009,8,1,0,0,1,75.49716797
99,3,0,0,0,0,17.9490971
1016,10,1,1,1,0,73.39608179
103,2,0,1,0,0,15.68239088
1001,9,1,1,0,0,70.08579814
998,9,1,1,0,0,69.98156291
1016,10,1,1,0,1,71.8121336
989,14,1,1,0,0,64.87232972
98,3,0,0,0,0,17.11839986
979,7,1,1,0,0,69.75990165
974,10,1,0,1,0,90.05456985
95,2,0,1,0,0,16.33058035
95,4,0,1,1,1,18.50741522
99,5,0,1,0,1,14.22329466
1014,12,1,0,0,0,70.72997367
992,10,1,0,0,0,69.29048272
99,2,0,1,0,0,16.60228746
1018,10,1,1,0,0,71.72575583
103,2,0,1,0,0,16.198988
94,4,0,0,0,0,15.55337648
97,2,0,0,1,0,23.14876451
971,10,1,0,0,0,67.96280056
979,13,1,1,0,0,63.80421961
99,3,0,0,0,1,18.33672561
97,5,0,0,0,1,16.9170685
102,1,0,1,0,0,17.48367909
99,4,0,1,0,1,15.24359277
971,10,1,0,0,0,68.02792051
101,4,0,1,0,0,13.9684949
988,10,1,1,1,1,71.20258367
979,13,1,1,0,0,64.14079096
1012,9,1,1,0,0,71.59112568
101,4,0,1,0,0,14.26285757
968,10,1,0,0,0,67.3363799
998,11,1,0,0,0,70.42884923
100,2,0,0,1,0,22.90885485
110,5,0,1,0,0,14.15581144
98,1,0,1,0,0,16.65632491
984,11,1,1,0,0,66.28811371
101,4,0,1,0,0,15.45245576
103,4,0,1,0,0,14.60445001
993,11,1,1,0,1,68.36771226
1011,7,1,1,0,0,72.66134752
1002,12,1,1,1,0,69.98704252
1002,9,1,1,0,0,70.88202127
96,4,0,1,0,0,14.78593202
998,10,1,1,0,0,69.23490871
998,11,1,1,1,0,71.30326962
988,11,1,1,0,0,66.14584509
1028,9,1,0,0,0,74.34239586
997,11,1,1,0,0,68.63470552
983,13,1,0,0,0,66.33491987
104,3,0,1,1,0,19.161061
103,5,0,1,0,1,14.95334654
106,3,0,0,0,1,18.29953578
991,12,1,0,0,0,68.11583732
90,2,0,1,0,0,15.85633651
1025,12,1,1,0,1,70.89486915
1009,9,1,1,0,0,70.06945325
104,1,0,0,0,0,19.73145583
1020,9,1,0,0,0,74.85924553
94,4,0,1,0,1,15.53762045
100,4,0,1,0,0,14.33683954
1008,11,1,1,0,0,69.66203154
1024,11,1,1,0,0,71.149024
983,8,1,1,1,0,72.29969789
999,5,1,1,0,1,73.88532999
1028,13,1,1,0,1,70.21390094
101,3,0,1,0,1,16.70539583
107,3,0,1,0,1,16.13413396
999,8,1,1,0,0,71.65745255
1021,11,1,0,0,1,72.96016885
973,8,1,0,0,0,69.64503725
106,4,0,1,0,0,14.14119924
105,4,0,1,0,0,13.65717445
100,3,0,1,0,1,16.09476883
999,8,1,1,0,1,70.80359711
989,8,1,1,0,1,70.89746263
1016,13,1,0,0,0,70.30857528
98,3,0,1,0,1,15.89688672
101,3,0,1,1,0,18.38907092
982,10,1,1,1,1,71.5770111
982,10,1,1,0,1,68.20249318
1016,8,1,1,0,0,72.2028894
981,10,1,1,0,0,67.19281195
108,1,0,1,0,0,16.53033405
1010,11,1,1,0,0,69.34469742
967,7,1,1,0,0,68.18808737
979,10,1,0,0,0,69.40689276
1010,11,1,1,0,0,68.91528169
980,8,1,1,0,0,68.03470871
1000,9,1,1,0,0,69.79770083
1016,6,1,0,0,1,78.53466563
1017,8,1,1,0,1,73.75499929
105,4,0,1,0,0,14.05148196
96,0,0,0,0,0,20.26555578
1009,12,1,1,0,0,68.59118189
1018,12,1,1,0,1,70.3885183
1038,9,1,1,1,0,77.01600966
988,10,1,1,0,1,69.3979839
1018,14,1,0,1,0,93.01929608
1022,10,1,1,0,0,70.92009545
991,12,1,1,0,0,66.08897332
1015,11,1,1,0,1,70.36528828
1015,6,1,0,0,0,76.41000711
1044,11,1,1,0,0,72.90574816
1008,11,1,1,0,0,68.43782338
1016,8,1,0,0,0,75.20522434
992,10,1,1,0,1,68.409251
1022,12,1,1,1,0,70.93687495
993,9,1,1,1,1,73.03304873
973,12,1,0,0,1,68.28792065
1000,6,1,0,0,0,75.00203918
1017,10,1,0,0,0,72.37078713
1016,9,1,1,0,0,72.01386257
984,10,1,1,0,0,67.2530476
967,12,1,1,0,0,63.82761242
93,3,0,1,0,1,16.19706952
990,13,1,0,0,0,67.40558863
996,11,1,1,0,0,67.42601769
1028,8,1,1,0,0,73.85963815
975,12,1,0,0,0,65.51283657
1010,9,1,1,1,0,74.05040097
105,3,0,1,1,0,18.84007679
1005,11,1,1,0,0,69.622273
988,12,1,1,0,0,65.48590311
1038,11,1,1,0,0,72.60688808
1013,9,1,1,0,0,71.74346888
969,9,1,1,0,0,65.81516937
1032,10,1,1,0,1,72.73458819
1010,7,1,1,0,1,74.39097902
98,3,0,0,0,1,18.98963219
1000,12,1,1,0,0,66.79889903
993,15,1,1,0,1,64.63303504
1007,15,1,1,1,0,68.30376586
103,1,0,0,0,0,19.6898564
86,3,0,1,0,1,15.56389311
978,12,1,1,0,0,65.07321296
103,3,0,1,0,0,15.14452063
110,2,0,1,1,0,19.6726286
102,4,0,0,1,1,23.06058892
982,9,1,0,0,1,70.80101952
95,4,0,1,0,1,16.21134543
990,9,1,1,1,0,72.38984349
936,9,1,1,1,0,66.41217493
102,2,0,1,0,0,17.01288973
992,6,1,1,0,0,72.3018048
980,9,1,1,0,0,68.9054292
102,2,0,0,0,0,18.12948685
1013,13,1,1,0,1,68.65375261
960,11,1,1,0,1,65.35948796
107,1,0,0,0,0,19.71907979
958,11,1,1,0,0,62.6350845
974,14,1,1,0,0,62.81075501
101,4,0,1,0,1,15.73005849
1018,11,1,1,0,1,70.16350317
1004,10,1,1,0,1,70.98149511
1023,12,1,0,0,0,71.32168937
996,8,1,1,0,0,70.25634889
1049,9,1,1,0,0,75.54542331
1007,12,1,1,0,0,67.66794891
94,5,0,1,0,1,14.48076204
992,8,1,0,0,0,72.67200895
996,6,1,1,0,0,72.42998103
991,9,1,1,0,0,69.13674302
1007,11,1,1,0,0,68.58610162
969,12,1,1,0,0,63.26477187
945,7,1,1,0,0,66.48353157
962,10,1,1,0,0,64.27083052
974,12,1,1,1,0,67.54673057
95,2,0,1,0,1,17.43694086
973,6,1,1,0,1,71.55357074
981,10,1,1,0,0,66.48689575
99,3,0,1,0,1,15.94573583
1017,10,1,0,0,0,73.17976841
99,5,0,1,0,0,13.64025823
98,2,0,1,0,0,16.64286123
1014,12,1,1,0,0,69.05476434
970,11,1,0,0,1,67.65633719
993,7,1,0,0,0,73.33135963
94,2,0,1,0,0,16.93282721
1022,12,1,1,1,0,71.34231559
991,11,1,0,0,1,69.59100205
107,3,0,0,0,0,17.21801955
1028,7,1,1,0,0,74.58728703
998,9,1,1,0,0,69.45797194
982,9,1,0,0,1,71.32428356
1026,10,1,0,0,1,75.00407923
988,11,1,1,0,0,66.53394168
1027,9,1,1,0,0,73.35684978
105,2,0,1,0,0,16.65482402
1017,8,1,1,0,1,73.47177377
1017,15,1,1,1,0,68.40762657
1016,9,1,1,0,0,72.03210924
99,3,0,1,1,0,18.24735393
1007,11,1,1,0,1,69.92793256
990,11,1,1,0,0,67.49917995
1000,11,1,1,0,0,68.2316209
998,9,1,0,0,1,72.90858823
984,9,1,1,0,0,68.46957438
1027,8,1,1,0,0,73.85609656
1000,6,1,0,0,1,75.4469657
97,5,0,1,0,1,14.53606992
1005,6,1,1,1,1,77.53470799
103,3,0,1,0,0,14.88078179
977,8,1,0,0,0,70.96460398
98,4,0,0,0,0,17.15953769
967,11,1,1,0,0,64.93691396
978,11,1,1,0,0,65.77419042
100,2,0,1,0,0,16.52049874
1035,10,1,1,0,0,72.80768939
940,6,1,0,0,1,69.60581066
996,14,1,1,0,1,65.91616389
95,3,0,1,0,0,15.06217504
993,11,1,1,0,0,66.90695995
966,11,1,1,0,0,62.85180382
990,11,1,0,0,0,68.45275988
973,10,1,1,0,1,66.96028727
996,10,1,1,0,1,69.44100457
1014,12,1,0,0,0,70.6738588
1043,8,1,0,0,0,77.7801111
98,2,0,1,0,0,17.86347852
979,8,1,0,0,1,71.45321795
98,2,0,1,0,1,18.20796977
100,2,0,0,1,0,22.90775809
100,2,0,1,0,1,17.52926802
982,9,1,0,0,0,69.86286847
982,9,1,1,0,0,68.07118754
100,3,0,0,0,1,17.86412732
996,11,1,1,0,1,68.4884174
976,10,1,1,0,1,68.17603996
1020,11,1,1,0,0,70.64114857
981,12,1,1,0,1,65.72847912
1005,14,1,1,0,0,65.50596542
1025,9,1,1,0,0,73.21805329
1037,9,1,0,0,0,76.84427294
969,14,1,1,0,0,60.95301605
1006,10,1,1,0,0,69.67489827
1002,9,1,1,1,1,74.18830407
1005,7,1,0,0,0,74.11923101
976,13,1,1,0,0,63.20011667
1019,12,1,0,0,0,71.47423548
1012,10,1,1,0,0,70.44194561
1006,10,1,1,0,0,69.99936611
95,2,0,1,0,1,17.3370799
994,9,1,1,0,0,69.33824499
1001,9,1,1,0,0,70.29519611
1029,10,1,1,0,1,73.3700521
102,4,0,0,0,0,15.80877402
99,1,0,1,0,0,17.43084825
1011,11,1,0,0,1,71.66156253
95,2,0,1,0,1,17.52409668
1015,7,1,1,0,0,72.47085384
990,11,1,1,0,1,67.97717775
1017,10,1,1,1,1,75.05548363
100,1,0,1,0,0,17.18246737
104,3,0,1,0,1,16.72219837
95,1,0,1,0,0,18.04942086
91,2,0,0,0,1,19.20296049
1007,8,1,0,0,1,73.8889756
1007,12,1,0,0,0,69.90357233
106,2,0,1,0,1,17.78977103
1002,9,1,1,0,0,69.49533941
1002,10,1,0,0,0,71.10496066
989,11,1,0,0,1,68.88815576
979,11,1,0,1,0,91.24970577
99,3,0,1,0,0,15.78267582
975,11,1,1,0,0,64.47495173
1041,10,1,0,0,0,76.01364694
108,3,0,1,0,0,15.06808125
993,12,1,1,0,0,66.69582889
971,9,1,1,0,0,67.09840531
1010,10,1,0,0,1,72.92802775
1016,9,1,1,0,0,71.45778887
1009,9,1,0,0,1,73.5984827
1008,9,1,1,0,0,71.36809904
964,11,1,1,0,1,64.40190118
995,13,1,1,0,0,65.24186602
971,8,1,1,1,1,72.81268171
982,12,1,1,0,0,64.58398354
948,9,1,0,0,0,66.1571376
982,7,1,1,0,0,70.76269257
1050,6,1,1,0,0,79.24185219
108,3,0,1,0,0,15.23105675
106,3,0,0,0,0,17.34000998
95,5,0,1,0,0,13.46791598
988,10,1,1,0,0,68.02471499
996,7,1,1,0,0,71.92102652
973,8,1,1,0,0,67.03101199
1002,11,1,0,0,1,71.47192818
108,4,0,1,0,1,16.12036171
1022,13,1,1,0,0,68.12107925
1004,9,1,0,0,0,73.0795
93,4,0,0,0,1,16.76207419
101,4,0,1,0,0,14.76955516
1026,12,1,1,0,0,70.40676702
974,11,1,0,0,0,67.38614154
1020,7,1,1,0,1,75.27684195
1001,13,1,1,1,0,69.91389751
985,14,1,0,0,0,65.25001746
97,2,0,1,0,0,16.27966792
102,3,0,1,0,1,16.4247546
101,3,0,1,0,0,14.82652726
993,11,1,1,0,1,68.63950845
101,4,0,0,0,0,15.8619005
101,4,0,0,0,0,16.73584024
1024,12,1,0,0,0,71.43116853
1013,9,1,1,0,0,71.16464331
98,2,0,0,0,0,19.02273621
980,6,1,1,0,0,70.24623192
989,12,1,1,0,1,66.50709399
91,5,0,1,0,0,13.52930284
983,11,1,1,0,0,65.92829503
1002,8,1,1,0,0,71.0607907
1041,7,1,1,0,1,77.12135085
1003,10,1,1,1,0,72.33706899
101,3,0,0,0,0,18.09573495
997,13,1,0,0,0,67.94746143
1006,7,1,1,0,1,73.25832359
1034,8,1,1,0,1,76.01951349
106,2,0,1,0,0,16.66496163
103,4,0,1,0,0,14.90729308
985,14,1,1,1,0,66.13797869
1008,8,1,0,0,0,73.7305036
101,3,0,1,0,0,14.73555386
1012,10,1,1,0,1,71.90625274
1008,13,1,1,0,1,67.57713437
1007,7,1,1,0,0,72.88969284
95,3,0,1,0,1,15.98751297
1000,13,1,0,1,1,91.19075451
1001,9,1,0,0,0,71.49329493
102,4,0,1,0,0,14.55056576
1011,9,1,0,0,0,73.14929635
1013,10,1,0,0,0,72.62973886
1003,9,1,1,0,0,70.12060112
991,7,1,0,0,0,72.46990474
1013,9,1,1,0,1,72.97050345
993,10,1,0,0,1,72.33329649
994,11,1,1,0,0,66.57829055
95,2,0,1,0,0,15.80849912
991,14,1,1,0,0,64.58348226
978,10,1,1,0,1,66.80895695
994,10,1,1,0,0,68.88445571
982,10,1,0,0,1,70.80665392
973,9,1,0,0,0,69.39365307
102,4,0,0,0,1,17.30456405
1019,7,1,1,0,0,74.06034157
101,2,0,0,0,0,17.62856433
984,11,1,1,0,0,66.5025763
976,9,1,1,0,0,66.32552758
1012,12,1,1,0,0,68.23619559
1025,10,1,0,0,0,73.74211251
1010,5,1,1,0,1,74.96914436
97,4,0,1,0,0,15.00183593
97,3,0,1,0,0,16.3546395
991,9,1,1,0,0,69.53632966
974,10,1,1,0,1,67.19556369
101,4,0,1,0,0,14.19955974
1019,12,1,1,0,0,69.08201286
989,11,1,1,1,0,69.4345764
90,3,0,0,0,0,17.17918411
1003,11,1,1,0,0,68.70039897
969,12,1,0,0,0,65.05132089
101,4,0,1,0,0,14.56808204
94,5,0,1,0,1,14.28106006
975,10,1,1,0,0,65.57394074
101,3,0,0,0,1,19.05485729
1007,14,1,1,0,1,67.59360545
101,3,0,1,0,0,15.27360725
95,3,0,1,0,1,16.39378071
97,3,0,1,0,0,15.96814415
1002,10,1,1,0,0,68.85466764
102,4,0,1,1,0,17.14611034
998,11,1,1,0,0,68.16561061
1013,10,1,0,0,0,72.17644843
1006,8,1,1,0,0,71.59283719
101,4,0,1,0,0,15.2592141
1005,10,1,1,1,1,73.64274462
105,3,0,1,0,0,15.80482976
104,3,0,1,1,0,18.22142121
986,9,1,0,0,0,69.65569519
90,4,0,1,0,1,15.2090653
98,2,0,0,0,0,18.56709978
1000,7,1,1,0,0,72.61067906
1008,8,1,1,0,1,73.2367136
107,4,0,1,0,0,14.55828121
1011,9,1,1,1,1,76.52205453
996,7,1,0,0,1,73.85748917
973,8,1,1,0,0,68.28823072
960,8,1,0,0,0,68.98274188
103,2,0,1,0,0,16.30128407
1001,10,1,0,0,1,72.83490668
102,2,0,0,0,0,18.48479338
1019,11,1,1,0,0,70.25861887
1008,9,1,1,0,0,71.03711628
94,3,0,1,0,1,15.76810332
1018,7,1,1,0,0,74.12892796
1032,10,1,1,0,0,72.66838419
1003,11,1,1,0,1,69.48380915
995,9,1,1,0,0,68.92929801
96,1,0,0,0,0,19.47701067
963,7,1,1,0,1,69.34173303
1035,7,1,1,0,0,75.61378427
1012,11,1,1,0,0,69.21908449
1014,9,1,1,0,0,71.58299225
1023,10,1,1,0,1,71.22907343
1022,10,1,1,0,0,70.16280953
99,3,0,1,0,0,14.9621872
972,11,1,1,0,0,65.76786801
1002,7,1,1,0,0,72.12921202
992,14,1,0,0,0,66.35308995
972,7,1,1,0,0,70.22721781
1018,11,1,1,0,0,69.82289266
94,4,0,0,0,0,15.79493643
94,2,0,1,0,1,17.12386979
969,10,1,1,0,0,65.54908275
1023,11,1,1,0,0,69.7534981
979,12,1,1,0,1,65.60253962
96,2,0,0,0,0,19.0516391
106,2,0,1,0,1,17.85242686
99,5,0,0,0,0,15.76977864
1012,8,1,1,0,1,72.69642681
957,10,1,1,0,0,65.14660791
1002,9,1,0,0,0,72.60435413
98,4,0,1,0,0,13.72809004
100,2,0,1,0,0,16.65026964
1023,9,1,1,0,0,72.97273113
993,8,1,0,0,1,73.73606109
1014,10,1,0,0,1,74.19035793
1004,8,1,1,0,1,71.95628581
999,8,1,1,0,0,71.41225149
991,11,1,1,0,0,66.66719329
974,11,1,1,0,0,65.49622093
987,5,1,1,0,1,73.49186953
994,11,1,1,0,0,66.93011675
96,4,0,0,0,0,15.70025755
1013,13,1,1,0,0,68.00690805
984,12,1,1,0,0,65.61142628
1020,9,1,0,0,0,74.6375714
987,10,1,1,0,0,67.16203489
981,8,1,0,1,0,93.88634519
994,13,1,1,0,1,67.01823524
982,13,1,1,0,0,63.06119183
111,4,0,1,0,1,16.42426818
107,4,0,0,1,0,22.30245454
105,1,0,1,1,1,20.90125397
108,1,0,1,0,0,17.55328998
98,4,0,1,0,0,14.92370051
971,14,1,1,0,1,63.18545503
1017,11,1,1,0,0,69.87106027
99,2,0,1,0,0,15.85759646
91,4,0,0,1,0,22.09371759
1012,10,1,1,0,1,72.27620109
101,3,0,1,0,0,14.59984068
978,9,1,1,0,0,66.97064363
93,3,0,1,0,0,14.73485027
96,4,0,0,1,0,21.11621007
1015,10,1,1,1,1,74.98344663
93,4,0,0,1,0,21.39209224
1020,9,1,1,0,0,72.40547838
994,10,1,1,0,1,68.35595105
989,8,1,1,0,0,70.61475104
1024,8,1,0,0,0,75.97838525
991,10,1,1,0,0,67.76621798
1023,13,1,0,0,0,71.23974428
986,12,1,1,0,0,65.71361063
1014,11,1,1,0,0,69.4764368
992,10,1,1,0,0,68.47689631
1030,12,1,1,0,0,70.2313799
988,12,1,1,0,0,65.63481891
992,8,1,1,0,0,71.20629419
989,10,1,0,0,1,70.18147272
1006,12,1,0,0,1,71.82702624
999,12,1,1,0,1,67.91498188
996,11,1,1,0,0,68.42298994
1001,10,1,1,0,0,69.02121014
1014,11,1,1,0,0,69.22247519
1003,13,1,0,0,1,69.65390699
1005,10,1,1,0,0,69.22190734
106,2,0,1,1,1,20.10502808
1002,13,1,0,0,1,68.9032262
1018,6,1,0,0,0,76.86106473
1021,7,1,1,0,1,76.07910739
1028,9,1,1,0,0,73.03802925
949,13,1,1,0,1,61.64305868
981,12,1,1,0,1,66.06264181
998,9,1,1,0,0,70.13428861
986,8,1,1,0,1,70.36650033
1014,8,1,1,0,0,72.6968145
1009,11,1,1,0,1,70.33992253
1008,13,1,1,0,1,67.85002785
984,13,1,1,0,0,65.53310584
106,3,0,1,0,1,16.38112659
108,2,0,1,0,1,17.28130542
94,3,0,1,0,1,16.19310593
1012,10,1,0,1,0,95.26543268
982,7,1,1,0,0,69.36673891
990,10,1,1,0,0,67.84776549
1013,13,1,0,0,0,70.50694124
1009,11,1,0,0,0,70.65886036
983,9,1,1,0,0,67.47755593
104,5,0,1,0,0,14.39473196
1010,11,1,0,0,1,71.82704645
1028,14,1,1,0,0,67.31687558
971,9,1,0,0,0,68.95951501
101,3,0,1,0,0,16.02011538
97,3,0,1,0,1,16.91560242
966,7,1,1,0,0,68.58415225
970,8,1,0,0,0,69.96894926
1026,10,1,1,0,0,71.78594974
1000,8,1,1,1,1,75.75584082
1006,9,1,0,0,1,74.54232292
1002,10,1,1,0,0,69.35098696
1020,8,1,1,0,0,73.29594114
1023,6,1,0,0,0,77.82898934
995,10,1,1,0,0,68.13846567
995,10,1,0,0,0,71.08696325
101,3,0,1,0,0,15.49304567
1018,10,1,1,0,1,72.30862738
96,3,0,0,0,0,17.54525183
98,2,0,1,0,0,16.4266638
103,3,0,1,0,1,16.92766307
972,5,1,1,0,0,70.93356064
101,2,0,1,0,1,17.82495852
100,4,0,1,0,0,13.82178476
105,4,0,0,0,0,17.17584969
975,10,1,1,1,0,68.92716654
989,7,1,1,0,0,71.32909392
1009,14,1,0,0,1,69.02901191
103,4,0,1,0,1,16.7155694
1018,8,1,1,0,0,72.30716352
1016,7,1,0,0,0,76.15744308
996,9,1,1,0,0,71.19589982
1017,9,1,1,0,1,72.97078924
994,12,1,1,0,0,65.50659487
1028,10,1,1,0,0,71.84941294
1006,11,1,1,0,0,68.90968308
1010,14,1,1,0,0,65.78646878
1012,12,1,1,0,0,68.49653929
96,1,0,1,1,0,20.10995942
98,3,0,0,0,0,17.91069643
102,2,0,1,1,0,19.96073977
98,3,0,0,0,0,17.28005426
102,4,0,1,1,0,17.91374353
972,10,1,1,1,1,69.90650863
1012,9,1,0,0,0,73.23113053
988,8,1,1,0,0,69.05072199
1001,5,1,0,0,0,76.24289099
1002,9,1,1,0,1,71.24024514
1007,11,1,1,0,1,69.6910544
1017,9,1,1,0,0,72.57772932
1008,13,1,1,0,0,66.46075823
92,2,0,1,0,1,17.42663035
95,4,0,1,0,0,15.14749665
958,14,1,1,0,1,62.08499222
98,3,0,0,0,0,17.54271691
1026,11,1,1,0,0,70.71967268
1040,9,1,0,0,0,75.63842495
107,2,0,1,0,0,16.81747847
92,3,0,1,0,0,15.65790239
998,10,1,1,0,1,70.38968744
98,3,0,1,0,1,16.4552956
1020,8,1,1,1,1,77.04968324
973,10,1,1,1,1,70.17920449
1007,8,1,1,1,1,75.43598937
985,9,1,1,0,1,69.45050362
1016,13,1,1,0,0,67.85268625
1000,9,1,1,0,0,70.31124825
1001,7,1,1,0,0,72.81720441
106,3,0,1,0,0,15.25860577
99,2,0,1,0,1,16.93671171
99,3,0,0,0,1,18.01745687
103,3,0,1,0,1,15.54284018
1053,10,1,1,0,0,74.10590451
999,12,1,1,0,0,67.91450927
1029,8,1,1,0,1,75.61923837
999,10,1,1,0,1,70.24743424
964,9,1,1,0,0,65.29841468
1003,9,1,0,0,1,73.33761715
1010,11,1,0,0,0,70.82321789
100,3,0,1,0,0,14.93210277
1016,13,1,1,0,0,68.39870503
98,2,0,0,0,0,18.8124258
97,3,0,0,0,0,16.91697312
104,3,0,1,0,1,17.51326415
1021,14,1,1,0,0,67.50842515
966,11,1,0,0,1,67.15250715
975,9,1,0,0,0,70.03749569
1013,8,1,1,0,0,72.2085924
99,3,0,1,0,1,16.47037439
1019,8,1,1,0,0,72.94295056
1006,10,1,1,0,1,70.34038699
1014,6,1,1,0,0,75.48748307
1014,9,1,0,0,0,74.17987681
985,12,1,0,1,0,89.78699622
98,4,0,1,0,0,14.48967586
991,9,1,1,0,1,70.75518693
1018,14,1,0,0,0,68.6289341
991,12,1,1,0,0,65.70790964
987,9,1,0,0,1,71.87387136
1002,8,1,1,0,0,71.4874283
102,2,0,1,0,0,15.83292785
988,7,1,0,0,0,73.30922943
992,8,1,1,0,1,71.28061035
1005,12,1,1,0,0,67.77712723
956,10,1,1,0,0,64.97287824
990,7,1,1,0,0,70.66781356
999,11,1,1,0,0,67.94999185
103,4,0,1,0,0,14.60538247
99,3,0,1,0,0,15.86724106
102,3,0,1,0,1,16.34211485
1030,11,1,0,1,0,97.14446747
99,3,0,1,0,0,15.04529718
1036,7,1,0,0,0,78.11940487
104,3,0,1,0,1,16.94382105
1000,13,1,1,0,0,67.70494542
91,3,0,0,0,0,17.47459414
1001,12,1,0,0,0,69.3875508
100,2,0,0,0,0,18.85353901
102,3,0,1,1,0,19.04331326
1026,11,1,1,0,0,70.77864024
95,2,0,0,0,0,19.08937363
106,3,0,1,0,0,15.96152565
1014,10,1,1,0,0,70.98667917
981,10,1,0,0,0,69.08937571
1034,7,1,0,0,0,78.81946342
101,3,0,1,0,0,16.62170269
1005,9,1,1,0,0,70.35201454
1009,9,1,0,0,0,72.48528436
1029,9,1,1,0,0,72.1860073
995,8,1,0,0,0,72.69435506
1023,10,1,1,0,0,72.06985536
108,3,0,0,0,1,19.04819982
985,11,1,1,1,1,70.34872532
1010,10,1,1,0,1,70.48926626
975,10,1,1,0,0,66.96276956
1014,8,1,0,0,0,74.46193197
990,8,1,1,0,0,70.13553112
1014,13,1,0,0,0,69.19091151
1011,7,1,1,0,1,74.51180939
99,4,0,0,0,0,17.21198357
96,3,0,1,0,0,14.46845317
1009,11,1,0,0,0,70.99578387
998,8,1,1,1,0,73.35338843
978,6,1,1,0,0,70.29538014
1030,9,1,1,0,1,73.97459237
990,12,1,0,0,0,67.56684346
1002,8,1,1,0,0,70.81542414
988,11,1,1,0,0,66.29223267
982,11,1,0,0,0,68.32736558
979,11,1,0,0,0,67.9413958
989,11,1,1,0,1,67.4057159
97,3,0,0,0,0,18.07047987
99,2,0,0,0,1,20.06067124
999,13,1,0,0,1,69.10902118
996,7,1,0,0,0,74.09675623
994,9,1,0,1,0,93.95541125
983,10,1,1,0,0,68.37738786
995,7,1,1,0,0,71.17102568
101,3,0,1,0,0,15.30086683
99,4,0,0,0,0,16.21861394
996,11,1,0,0,1,69.79127024
999,14,1,1,0,0,65.36251138
973,13,1,1,1,0,65.82506789
1016,11,1,0,1,1,96.48758069
95,3,0,1,0,1,15.61446028
94,4,0,1,1,0,16.83189278
978,14,1,0,0,1,65.99161826
980,12,1,1,0,0,64.58510959
1015,11,1,0,0,0,70.99602517
103,4,0,1,0,0,13.5086896
976,10,1,1,0,0,65.59758711
1019,11,1,0,0,0,71.56324444
989,9,1,0,0,0,71.38223696
1000,11,1,1,0,1,69.62345989
1032,10,1,0,0,0,74.69891939
974,11,1,1,0,0,64.9421535
959,12,1,0,0,0,65.25151558
1011,11,1,1,0,1,69.03264124
102,2,0,1,1,0,20.13521983
1004,10,1,1,0,0,69.18333269
95,5,0,1,1,0,16.42342311
995,5,1,1,0,0,72.4257385
103,3,0,0,0,0,17.40822164
1012,8,1,1,0,1,73.46705839
982,12,1,1,0,0,64.43357261
1020,11,1,0,0,0,72.03703785
101,4,0,1,0,0,14.20502767
104,4,0,0,0,0,16.43093094
1019,10,1,1,0,1,72.90405361
994,10,1,1,0,0,67.44365045
1005,9,1,1,0,1,70.57471151
106,4,0,1,0,1,14.88784255
1053,11,1,1,0,1,74.68096559
1030,10,1,0,0,1,75.41118541
98,3,0,1,0,0,15.82616191
103,3,0,1,0,0,16.08206192
972,14,1,0,0,0,63.49238939
995,10,1,1,0,0,68.37951539
964,10,1,1,0,0,65.00039175
1016,11,1,1,1,0,73.28765598
987,11,1,1,0,0,66.99763747
991,12,1,1,0,0,65.85203917
1000,9,1,1,0,0,69.42027758
980,8,1,1,0,1,69.63590228
946,12,1,1,0,0,60.64343629
94,3,0,0,0,0,17.45148418
99,3,0,1,0,1,16.31747048
1022,11,1,1,0,0,70.42846938
97,2,0,1,0,0,16.14622296
994,11,1,1,1,0,70.23687338
1009,7,1,0,0,0,75.84069792
98,3,0,0,0,0,17.05574013
100,2,0,1,1,1,20.28253717
101,2,0,1,0,0,15.66656192
99,3,0,1,0,1,16.23820572
995,11,1,1,0,0,67.82424956
1000,11,1,1,1,1,71.98947423
96,1,0,1,1,0,20.26419634
1018,9,1,1,0,0,71.20812513
943,9,1,1,0,1,65.86624703
1035,11,1,1,0,0,70.77269166
982,11,1,0,0,0,68.3457479
98,1,0,1,1,1,21.44091041
966,9,1,0,0,1,69.20302207
998,10,1,1,0,0,68.16989746
978,9,1,1,0,0,68.01942554
94,3,0,1,0,0,14.65711003
1042,14,1,1,0,0,70.01060633
976,12,1,1,0,0,64.47536653
1005,12,1,1,0,0,67.40496755
101,5,0,1,0,1,15.20176115
107,4,0,1,0,0,14.46763269
95,4,0,1,1,0,17.45284193
1001,10,1,1,0,0,68.3809719
1005,10,1,1,0,1,70.59258724
992,10,1,1,0,0,68.28639295
982,11,1,0,0,0,68.46982559
98,4,0,1,0,0,13.97357885
989,10,1,1,0,1,68.73570254
104,4,0,1,0,0,15.16981991
975,6,1,1,0,0,70.01205458
105,2,0,0,0,0,18.2981866
1016,7,1,0,0,1,77.32718268
1012,13,1,0,0,0,68.93492082
1016,8,1,0,1,0,98.3352627
103,3,0,0,0,0,17.9034212
89,3,0,1,1,0,18.42714
98,3,0,0,0,0,17.35391547
1001,9,1,1,0,0,70.18177542
1004,12,1,1,0,0,67.92403356
1023,11,1,1,0,1,71.95003913
100,5,0,1,0,0,13.65363737
103,3,0,0,0,0,18.34167721
92,2,0,0,0,0,19.09955945
94,3,0,0,0,0,16.49812999
1019,11,1,1,0,1,71.58896345
993,8,1,1,0,0,69.95921374
967,10,1,1,1,0,67.80282225
91,3,0,1,0,0,15.14086782
1015,9,1,0,0,0,72.81857509
92,2,0,0,0,0,18.74141567
1037,9,1,1,0,0,74.88367372
1042,8,1,1,0,1,77.83615018
1012,10,1,1,0,1,70.82425251
1016,11,1,1,0,1,70.99611729
100,2,0,1,0,0,17.42772899
1024,11,1,1,0,0,69.81973899
976,14,1,1,0,1,63.45488606
980,10,1,1,0,0,66.25935089
986,11,1,1,0,1,68.14462983
93,3,0,0,0,1,18.10955172
977,8,1,1,0,0,68.37405858
983,11,1,1,0,0,66.38432941
956,10,1,0,0,1,66.86578387
971,9,1,0,0,0,68.73925531
105,2,0,1,0,1,17.23989535
1004,12,1,1,0,0,68.08497509
991,11,1,1,0,0,66.51235302
999,12,1,1,0,0,66.6837963
107,2,0,1,0,0,16.79302269
1014,11,1,1,0,0,69.9374623
978,11,1,0,0,0,67.87483742
980,10,1,1,0,0,67.18235556
111,1,0,0,0,0,19.71435902
986,11,1,0,0,0,67.79096795
111,2,0,1,0,1,16.75965814
106,2,0,0,0,0,17.63896604
95,3,0,1,0,0,14.57526389
996,9,1,1,0,1,69.37318237
1005,11,1,0,0,1,71.40323981
101,2,0,1,0,1,17.69801119
102,5,0,1,1,0,16.16608566
996,12,1,0,0,0,68.62422828
1009,12,1,1,1,1,72.7506815
990,9,1,1,0,0,67.96309268
104,2,0,0,1,0,23.19259314
980,12,1,1,0,1,65.94249
985,8,1,1,0,1,71.03615456
969,12,1,1,0,0,62.99118115
1042,13,1,0,0,0,73.16687033
93,3,0,1,0,0,15.12113807
1016,10,1,1,1,0,73.47478363
1016,11,1,0,0,1,71.98774772
970,9,1,0,0,0,67.86801131
994,10,1,1,0,0,68.54936277
999,8,1,0,0,1,74.14331337
993,10,1,1,0,1,69.73562458
1014,9,1,1,0,1,72.37210051
976,11,1,1,1,0,68.55158136
1011,6,1,1,0,1,74.70349503
986,12,1,1,0,0,65.81007219
1005,12,1,0,0,0,69.16867784
988,12,1,1,0,0,65.96776998
992,8,1,0,0,0,72.36926342
1007,7,1,1,0,0,72.25551377
1004,9,1,1,0,0,70.8094717
1021,9,1,0,0,1,76.27210398
989,11,1,1,0,0,67.30586467
985,12,1,0,1,1,91.02208055
974,9,1,1,0,1,68.23098173
107,1,0,1,0,0,18.63364279
979,10,1,1,0,0,66.35431125
1007,9,1,1,0,0,69.4935593
103,3,0,0,1,0,21.81611314
1001,9,1,1,0,0,69.26626074
997,8,1,1,0,1,71.89701078
105,1,0,1,0,0,17.46793718
961,10,1,1,0,0,64.006635
111,4,0,1,0,0,14.85354358
1022,9,1,1,0,0,72.887595
1028,9,1,0,0,0,74.9087458
981,10,1,1,0,0,67.60430046
101,2,0,0,1,0,24.12446937
947,13,1,0,0,0,62.29899923
105,3,0,0,0,0,17.05623831
103,4,0,1,0,0,14.35927369
1029,11,1,0,0,1,73.53202374
1035,10,1,1,0,1,73.70628492
1010,12,1,1,0,1,69.8090012
1009,8,1,1,0,1,72.96490078
999,9,1,1,0,0,70.35029791
99,2,0,1,0,0,16.37462454
999,11,1,1,0,0,68.23255258
97,3,0,1,0,0,15.61346879
998,10,1,1,0,0,69.03091798
94,3,0,0,0,1,18.65772408
108,3,0,1,1,1,19.81614433
1003,11,1,0,0,0,69.72216937
91,3,0,1,0,0,15.16237814
1006,10,1,1,0,1,70.43672631
974,9,1,0,0,1,69.59114347
1015,10,1,1,0,1,72.02198883
970,9,1,0,0,0,68.98835963
1012,8,1,0,0,0,73.19561261
99,4,0,1,0,1,14.7424485
974,10,1,1,0,0,66.56895365
1014,10,1,0,0,1,73.76875402
985,14,1,0,0,1,66.20744398
978,7,1,1,0,0,69.77154101
997,10,1,1,0,1,69.51356156
1017,8,1,1,0,1,73.71826941
990,9,1,0,1,1,94.63150157
103,3,0,1,1,1,19.53512059
1031,11,1,1,0,0,71.8500681
1007,10,1,0,0,0,72.02935069
97,3,0,1,0,1,17.45720504
1009,10,1,1,0,0,69.98003196
108,3,0,0,0,1,18.62114915
1016,10,1,1,1,1,74.85517042
990,11,1,1,0,0,66.34100717
1000,10,1,1,0,0,68.7324012
102,5,0,1,0,0,14.1666358
980,7,1,0,0,0,71.82679733
998,10,1,0,1,0,93.07200016
1029,10,1,1,1,1,76.26430843
95,3,0,0,0,0,18.17274822
994,9,1,0,0,0,70.89050065
981,9,1,1,0,0,67.38091129
1002,8,1,0,0,1,73.65456834
1053,11,1,1,0,1,76.2886477
1032,9,1,1,0,0,74.57669107
993,13,1,1,0,0,64.92435181
1031,8,1,1,0,0,74.50304706
1005,9,1,1,0,0,71.15233458
1053,10,1,1,0,1,76.53085561
992,8,1,0,0,1,72.45523175
980,7,1,1,0,1,70.92694624
1012,10,1,1,0,0,69.73793165
993,7,1,1,0,1,72.18763883
92,6,0,1,0,0,12.71860962
994,8,1,1,0,0,69.94300046
1005,11,1,0,0,0,69.99587735
998,12,1,1,1,0,69.55138437
1018,12,1,0,1,0,94.91879854
976,12,1,0,0,0,66.47324288
93,4,0,1,0,0,15.02512915
1013,9,1,1,0,0,72.46273595
989,12,1,1,0,0,66.02124737
106,3,0,1,0,0,16.12414894
1052,12,1,1,0,0,72.51765561
96,1,0,0,0,0,18.94897949
97,2,0,0,0,0,18.5812656
979,12,1,1,0,0,65.29178585
1008,10,1,1,0,1,70.59677421
1003,10,1,1,0,0,69.79315726
1000,8,1,1,0,0,70.01031489
1018,9,1,0,0,0,73.49113556
1042,10,1,0,0,0,75.68886427
984,13,1,1,0,0,64.62278963
107,4,0,0,1,0,22.44105455
95,2,0,1,1,0,19.02766358
1039,8,1,1,0,0,75.48197092
1044,9,1,0,0,1,78.28689686
988,10,1,1,1,0,70.71647842
105,3,0,0,0,1,18.709434
1015,12,1,1,0,1,69.21693144
103,4,0,0,0,0,16.79714814
958,11,1,1,0,1,64.92612566
989,8,1,1,0,0,69.25852269
993,7,1,1,0,0,69.94201362
991,7,1,1,0,1,72.27134312
1026,10,1,1,0,1,72.22774018
991,13,1,1,0,1,66.77327238
995,10,1,1,0,0,68.96669474
1009,11,1,1,0,0,69.11286097
991,8,1,1,0,1,71.44115727
1005,12,1,1,1,0,70.23637668
978,15,1,1,0,1,62.54436901
988,10,1,0,0,1,70.94056162
105,1,0,1,0,1,18.4322568
101,2,0,1,0,0,16.66509302
982,12,1,1,0,1,66.62272515
952,8,1,0,0,1,69.02801624
97,1,0,1,0,0,17.59366197
992,9,1,1,0,1,70.83885416
997,11,1,0,0,1,70.55539952
967,12,1,1,0,0,63.38083683
92,3,0,1,0,1,16.33659711
999,14,1,0,0,1,68.23581306
103,3,0,1,0,0,15.03599167
91,4,0,1,0,0,14.63651685
99,4,0,1,0,0,15.12506886
1017,12,1,1,0,1,69.55709935
999,7,1,1,0,0,72.49860577
994,9,1,1,1,0,72.75265936
990,13,1,1,0,0,64.98006458
1037,7,1,1,1,0,79.52193564
1016,14,1,0,1,1,93.00218713
972,11,1,0,0,0,67.84492466
995,8,1,1,0,1,72.4493576
91,4,0,0,0,0,16.27340002
1006,11,1,1,0,0,67.96424881
98,4,0,1,1,1,17.65916436
995,13,1,1,1,1,68.21804639
103,3,0,1,0,0,15.73194751
1000,13,1,1,1,0,69.2425709
98,1,0,0,0,1,21.56551956
1021,10,1,0,0,1,74.21379037
1005,15,1,1,1,0,68.11397332
990,10,1,0,0,0,71.01396863
1025,9,1,1,0,1,74.17880627
990,11,1,1,0,0,67.56440393
102,4,0,0,0,1,17.4877302
106,4,0,0,0,1,18.36277903
943,14,1,0,0,0,60.69936482
99,4,0,1,0,1,15.46971843
968,10,1,1,0,0,65.52597664
971,8,1,1,0,0,67.27200558
101,3,0,1,0,1,16.74968792
95,3,0,0,0,1,17.86857878
113,2,0,0,1,0,24.22469648
1005,12,1,1,0,1,68.05819444
1002,13,1,0,0,0,68.64333461
96,1,0,1,0,0,18.49249498
104,3,0,1,0,1,15.87823416
97,3,0,0,0,0,17.9490587
1016,11,1,1,0,0,70.3719164
1000,10,1,0,0,1,71.86302113
975,7,1,0,0,1,72.05977029
101,3,0,0,1,0,22.40672064
1001,12,1,0,0,0,69.44745402
1007,7,1,1,0,0,72.64716671
959,9,1,1,0,1,66.56959508
106,3,0,0,0,0,17.60708687
100,5,0,0,0,0,15.61394249
106,3,0,0,1,0,22.52773095
1013,14,1,0,0,0,68.41248538
1000,5,1,1,0,0,73.98521773
94,3,0,0,1,0,22.8266653
995,10,1,0,0,0,70.5882609
993,14,1,1,1,1,68.60684906
97,3,0,1,0,1,16.31098788
994,9,1,0,1,0,93.8321963
99,3,0,0,0,1,18.52667587
96,3,0,0,0,1,17.88880762
91,2,0,0,0,1,18.20130915
1045,14,1,1,1,0,73.67935565
987,8,1,1,0,1,69.96233968
101,3,0,1,1,0,18.39317005
103,3,0,1,0,1,15.7584167
1013,6,1,1,1,0,77.22847166
1011,9,1,1,0,0,71.19579333
966,14,1,1,0,1,62.20248265
997,8,1,1,0,0,70.63654835
1070,10,1,1,0,0,76.55965927
995,12,1,1,0,0,66.88834372
1033,10,1,1,0,1,73.28791252
101,3,0,1,0,0,14.88695236
978,10,1,1,0,0,66.731184
998,7,1,0,0,0,73.88491551
99,3,0,1,0,0,15.48406465
967,8,1,0,0,0,69.35313819
993,13,1,0,0,0,66.46384119
1017,9,1,1,0,0,72.85121066
108,2,0,1,0,0,16.00154458
1009,7,1,0,0,0,74.78215832
987,7,1,1,0,0,71.18292753
990,11,1,1,0,0,66.36753952
984,10,1,1,0,1,67.99860802
1000,11,1,1,0,0,67.84291166
994,7,1,1,0,0,71.17667681
1005,10,1,1,1,1,73.2681125
93,3,0,1,0,0,15.94385119
974,10,1,1,0,0,66.18514802
101,4,0,1,0,0,14.44933097
997,8,1,1,0,0,70.97809117
976,12,1,1,0,0,64.5414885
988,13,1,0,0,0,66.46171042
964,6,1,1,0,0,69.48831601
101,3,0,1,0,1,16.2151549
1027,10,1,0,0,0,74.04805153
97,1,0,1,0,0,17.52787983
998,7,1,1,0,0,72.63190532
100,5,0,1,1,0,16.9278942
994,9,1,1,0,1,69.31200219
1006,12,1,1,0,0,66.95095339
1037,13,1,1,0,0,70.31317718
96,3,0,0,0,1,18.43940872
992,10,1,1,0,0,67.76004536
987,11,1,1,0,1,67.42663229
999,10,1,0,0,0,70.99616387
1008,11,1,1,0,0,69.10719699
1009,9,1,1,0,0,71.20787562
99,3,0,1,0,0,15.1323553
1004,9,1,1,0,1,70.59451077
107,2,0,1,0,0,16.96038676
989,12,1,1,1,0,69.74665615
99,4,0,0,0,1,17.29554899
1012,9,1,1,0,0,70.92390481
100,5,0,1,0,1,14.55508576
977,9,1,1,1,0,70.67901584
105,2,0,0,0,0,18.77413661
1000,9,1,1,0,0,70.42469648
993,8,1,1,0,0,70.30811124
1005,5,1,1,1,0,77.78899349
958,13,1,1,0,0,60.82853459
1016,11,1,0,0,0,71.70805951
1005,10,1,1,0,0,69.718648
1005,10,1,0,0,0,71.70461504
970,6,1,1,0,0,69.77504691
960,10,1,1,0,0,64.40368866
1002,10,1,1,0,1,70.11054857
991,13,1,0,0,0,66.76382567
1016,11,1,1,0,0,70.09200794
979,9,1,1,0,0,67.30212536
963,11,1,1,1,1,67.5006711
971,9,1,1,0,1,68.77345833
1008,9,1,1,0,0,71.29912154
969,10,1,1,0,0,65.62320834
990,12,1,0,0,0,67.49882618
1032,9,1,0,1,0,98.8744917
1009,7,1,1,0,0,73.81710097
90,2,0,1,0,0,16.56142853
1016,11,1,1,0,0,69.6529878
100,4,0,1,0,0,14.67240291
1021,9,1,1,0,0,72.52971755
995,12,1,1,0,0,66.0358233
101,4,0,0,0,1,18.00165981
1013,10,1,1,0,0,70.67926603
96,2,0,1,0,1,17.35054747
972,10,1,1,0,1,66.3464739
1008,11,1,1,0,0,68.87702909
97,1,0,0,0,0,19.35248203
101,4,0,1,0,0,15.44090794
104,3,0,0,0,1,18.5003774
94,2,0,0,0,1,20.10970509
996,10,1,1,0,0,68.83993952
101,3,0,1,0,0,14.52437279
1024,8,1,1,0,0,73.56260425
992,11,1,0,0,0,69.21814143
984,8,1,1,0,0,68.90627916
100,3,0,1,0,0,16.14169763
994,9,1,1,0,0,69.27646951
1017,10,1,0,0,1,74.13312556
949,10,1,1,0,1,65.32148734
997,10,1,0,1,0,93.55908662
983,10,1,1,0,1,67.49358527
995,10,1,1,0,1,69.44525538
977,12,1,0,1,1,89.50247634
1018,10,1,1,0,0,71.11808878
1013,10,1,1,0,1,71.72741699
977,11,1,1,0,0,65.92877455
100,4,0,0,0,0,16.46390985
1032,7,1,1,0,0,75.87332322
1024,9,1,1,0,0,71.80609577
1000,9,1,1,0,0,69.44165009
975,9,1,1,0,0,67.84884102
995,10,1,1,0,0,68.5638286
99,2,0,0,0,0,18.12248011
100,4,0,0,0,0,16.74338488
1012,12,1,1,0,0,67.63637582
980,9,1,1,0,1,68.47449638
990,9,1,0,0,0,71.81781406
1019,15,1,1,0,0,66.49057266
1024,8,1,1,0,0,73.66985145
1030,8,1,1,0,1,75.45028358
1012,7,1,1,0,0,73.35748106
1004,13,1,1,0,0,66.5451033
1019,12,1,1,0,1,70.14870984
1008,7,1,1,0,1,74.02546321
1002,9,1,1,0,0,70.47384833
980,12,1,1,0,1,65.57239915
1002,11,1,1,0,0,68.10697917
974,10,1,1,0,0,66.97371751
1002,10,1,1,0,1,69.85792007
982,9,1,1,0,0,68.06056293
1016,11,1,1,0,0,69.69876696
98,4,0,1,0,0,14.62380806
986,15,1,1,0,0,62.56015725
105,2,0,1,0,0,16.77191505
988,8,1,0,1,1,95.94159573
103,3,0,0,0,1,19.04241019
998,9,1,1,0,0,69.77819185
1037,9,1,1,1,0,76.63795538
990,10,1,0,0,0,69.91580298
972,8,1,1,0,0,68.277415
1014,11,1,1,0,0,70.14548604
1009,9,1,1,0,0,70.75081291
1008,10,1,1,0,0,69.48852785
960,10,1,1,1,0,67.35543344
1009,8,1,1,1,1,76.29022069
1009,15,1,1,0,1,66.34135278
94,4,0,1,0,0,14.18248388
1020,11,1,1,0,0,70.34035978
994,10,1,1,0,0,68.53905943
1024,11,1,0,0,1,74.18083637
96,2,0,1,0,1,16.80841195
106,1,0,1,0,0,17.18771868
987,7,1,0,0,0,72.02535598
100,3,0,0,0,0,17.37114382
985,7,1,1,0,1,70.59371768
100,3,0,1,0,0,16.21098527
98,2,0,0,1,0,23.3309438
1026,8,1,0,0,0,77.02306672
1004,6,1,0,1,0,98.41215585
102,2,0,0,0,1,19.53239744
1023,6,1,0,0,1,78.84477125
998,12,1,0,0,0,69.04210206
993,13,1,1,1,0,69.20661403
97,3,0,1,0,0,15.73772196
985,9,1,1,0,1,68.55333781
988,9,1,1,0,0,69.43661491
98,3,0,0,0,0,18.16926534
101,1,0,1,0,0,16.6176062
104,1,0,1,0,1,18.27219384
984,9,1,0,0,0,70.75396128
100,2,0,1,0,0,16.27123519
958,9,1,1,1,0,67.37823893
1010,9,1,0,0,0,73.3985328
999,8,1,1,1,0,73.44552892
106,2,0,0,0,1,19.11250202
998,12,1,1,0,0,66.60666103
1013,11,1,1,0,1,70.69915645
998,12,1,1,0,0,66.61296873
1009,9,1,1,0,1,71.84000076
100,4,0,1,0,0,13.902653
100,2,0,1,0,0,16.06795869
1009,11,1,0,1,0,94.64653874
1003,9,1,0,0,0,72.90991446
966,11,1,0,0,0,66.28395655
101,4,0,0,0,0,17.68940873
91,1,0,0,0,0,19.25594365
1005,9,1,1,0,0,70.46221747
999,8,1,1,0,0,70.91417252
977,7,1,1,0,0,69.23605033
101,2,0,1,0,0,16.63851944
1007,9,1,1,0,1,72.11433793
98,2,0,0,0,1,19.4920099
987,13,1,1,0,0,64.18664695
95,2,0,0,0,0,18.40355706
103,3,0,0,0,1,18.9674575
1052,10,1,0,0,1,77.70959326
994,12,1,1,0,1,66.96191003
97,4,0,1,0,0,14.53676905
106,4,0,0,0,0,16.90306036
993,12,1,1,0,0,66.72941871
107,5,0,1,0,1,14.41090457
991,10,1,0,0,0,69.95705501
102,4,0,1,1,0,17.58108584
105,2,0,1,1,0,19.55028634
99,2,0,0,0,0,19.24909194
982,14,1,0,0,0,64.85305727
993,10,1,0,0,1,71.35976166
1003,11,1,1,0,0,68.10407049
1020,14,1,1,1,1,70.39596654
987,13,1,1,1,0,68.15766794
108,3,0,0,0,0,17.30632831
1003,10,1,0,0,1,72.57377148
1012,15,1,1,0,0,65.78623332
1030,11,1,0,0,0,73.56189497
1019,10,1,1,0,0,70.41217745
991,11,1,1,0,1,67.99267071
1004,10,1,1,0,0,69.13099475
99,3,0,1,0,1,16.67451151
95,3,0,1,0,0,15.02193866
107,2,0,1,1,1,19.95335367
97,1,0,1,0,0,17.25500708
991,8,1,1,0,0,70.33423636
991,8,1,1,0,0,70.34464677
100,2,0,0,0,0,18.32215745
100,4,0,1,0,0,14.08797789
1028,10,1,1,1,0,74.76171188
87,3,0,0,0,0,17.12177168
1026,11,1,1,0,0,70.89571504
985,9,1,0,0,0,70.71184237
1008,13,1,1,0,0,66.45078807
1016,10,1,0,0,1,74.25203274
108,5,0,1,0,1,15.50244597
110,4,0,1,0,1,16.02981811
1019,8,1,0,0,0,74.89413751
95,4,0,1,1,0,17.68059133
1005,9,1,1,0,0,69.88395729
1011,12,1,1,0,1,69.46677818
99,2,0,0,0,0,17.81578928
984,12,1,1,1,0,68.12363459
98,2,0,1,0,0,17.55384531
1025,12,1,0,0,0,71.16198646
999,10,1,1,0,1,70.79230186
976,11,1,0,0,0,67.6354387
1015,8,1,1,0,0,72.37980021
991,10,1,1,1,0,70.9413688
107,3,0,1,0,1,17.35394698
984,7,1,1,0,1,70.95095443
108,3,0,1,0,1,16.84714232
1001,10,1,0,0,0,72.09902314
968,9,1,1,0,0,66.64322801
98,3,0,1,0,0,15.87825164
1008,8,1,1,1,0,75.13148388
95,5,0,1,0,0,13.0403267
1009,9,1,1,0,0,70.26062587
1011,12,1,1,0,0,67.70158232
973,9,1,1,0,1,67.73415649
94,3,0,1,0,1,16.75344762
102,3,0,1,0,0,15.39907565
96,2,0,1,0,0,16.71067315
104,4,0,0,0,0,15.83233741
97,3,0,1,0,0,15.53455971
1000,7,1,1,0,1,73.57911044
1007,10,1,1,0,0,70.49221475
994,10,1,1,0,0,68.21680056
1024,8,1,1,0,0,73.53006113
996,8,1,1,0,0,69.98139483
988,11,1,1,1,0,69.61461892
1001,7,1,0,0,1,75.55205734
1025,10,1,1,0,0,72.32397274
982,8,1,1,0,0,69.07578633
1024,13,1,1,0,0,68.96718551
1013,14,1,0,1,0,91.15755899
1034,11,1,1,0,1,72.98104321
997,11,1,1,0,1,68.43210777
992,15,1,1,0,0,63.534634
962,9,1,1,0,0,65.94526315
952,11,1,0,0,0,64.83570274
103,3,0,1,0,0,15.34740008
976,12,1,0,0,0,66.33222587
1013,13,1,1,1,0,69.77827805
984,13,1,1,1,0,67.49016653
95,3,0,1,0,1,16.90213897
1021,11,1,1,0,0,70.74383101
1002,13,1,0,0,1,67.75546358
974,8,1,1,0,0,68.69031749
102,2,0,0,0,1,19.55068334
986,12,1,0,0,0,67.93774438
97,5,0,1,0,0,13.2717644
1016,11,1,1,0,0,69.82530468
1019,9,1,1,0,0,72.33664633
1021,12,1,0,0,1,71.43153253
1012,13,1,1,0,0,67.3634101
992,11,1,1,0,0,67.27429946
998,11,1,1,0,0,67.30937128
994,12,1,0,0,0,68.76965075
974,12,1,1,0,0,64.51009779
101,3,0,0,0,1,18.43976859
1001,10,1,0,0,0,71.37553721
96,4,0,1,0,0,14.63939178
1003,10,1,0,0,0,70.49409293
97,2,0,1,0,1,16.72807253
1003,16,1,1,0,0,64.16723302
1025,12,1,1,0,0,70.09078611
104,2,0,1,0,0,17.52084831
976,10,1,0,0,0,68.35914646
1022,9,1,1,0,0,73.15333249
1024,12,1,1,0,0,69.6317733
100,4,0,1,1,0,18.08818746
980,10,1,0,0,1,70.29795449
1027,9,1,1,0,1,74.64802019
1018,11,1,1,0,0,69.46267781
980,9,1,1,0,0,67.60265907
1016,14,1,0,0,0,69.23768308
992,9,1,1,0,1,70.60717291
974,6,1,1,0,0,69.75640881
1003,8,1,1,0,1,72.75477295
1018,11,1,1,0,1,70.35362277
107,2,0,1,0,1,16.11110305
102,2,0,0,1,1,24.1314829
100,4,0,1,0,0,14.10289653
97,1,0,1,0,0,16.64679299
983,14,1,0,0,0,64.60644973
988,10,1,1,0,0,67.32456102
990,9,1,0,0,0,71.90257014
98,1,0,1,0,0,17.90792759
1024,9,1,1,0,0,72.0436276
97,4,0,0,0,0,16.56495079
979,8,1,1,0,0,68.80778201
104,4,0,0,0,0,16.45622083
1004,9,1,1,0,0,71.46300115
989,10,1,1,0,0,68.01149334
980,8,1,1,0,1,70.53425245
97,4,0,0,0,0,16.77827961
992,8,1,1,0,0,70.18116356
1024,9,1,1,0,0,72.483846
983,10,1,1,1,0,69.29941127
102,2,0,1,0,1,18.23661876
998,13,1,1,0,0,65.51912274
988,11,1,1,0,0,66.18254906
966,11,1,1,0,0,63.98862687
103,3,0,1,0,0,15.90498032
983,13,1,1,0,0,63.97034033
1028,6,1,1,0,1,77.13232916
1003,10,1,1,0,1,70.69318324
994,11,1,1,0,0,67.10700405
1011,9,1,0,0,1,74.88848313
103,2,0,1,0,1,17.57507848
987,12,1,1,0,1,65.70380892
969,9,1,1,0,0,66.80164835
105,3,0,1,1,0,18.44917503
107,3,0,0,0,1,18.42854572
979,9,1,1,0,0,67.45029034
1010,10,1,0,1,1,96.65279072
108,4,0,1,0,0,14.31077521
105,0,0,1,0,1,20.10890684
978,12,1,0,0,0,66.72374024
988,9,1,1,0,1,69.16495355
115,3,0,1,0,0,15.99682981
970,12,1,1,1,0,67.0386971
996,11,1,1,0,1,68.04646889
966,10,1,1,0,1,65.59826874
972,8,1,0,0,0,70.49858263
979,8,1,1,0,1,69.6848513
1010,8,1,0,0,0,73.82511796
1016,9,1,1,0,0,71.15788335
966,9,1,1,0,0,66.47834184
105,3,0,1,0,0,16.22447949
1012,10,1,1,0,0,69.09136776
1037,9,1,0,0,0,76.44266165
95,4,0,1,0,0,15.06761859
1006,13,1,0,0,0,67.88559674
1004,8,1,0,0,1,74.3168582
1013,8,1,1,0,0,71.8099232
996,11,1,1,0,0,67.41302527
977,11,1,1,0,0,65.63100332
979,8,1,1,0,1,69.64357168
990,9,1,1,0,0,69.82801352
1020,11,1,1,0,0,70.22389876
100,4,0,1,0,0,14.87163263
972,12,1,0,0,0,66.33858679
97,2,0,0,0,0,18.86562155
1019,11,1,1,0,1,71.35224476
1030,8,1,1,0,0,74.65394469
946,13,1,1,0,0,59.79673028
934,11,1,0,0,1,63.87097444
100,4,0,1,0,0,14.50463401
995,10,1,1,0,1,68.80703466
1019,10,1,1,0,0,71.13717316
981,10,1,0,0,0,68.69782796
106,4,0,0,0,0,16.36181117
107,3,0,0,0,0,18.28947625
1003,12,1,0,0,0,69.71717893
1010,10,1,1,0,1,71.04167968
986,11,1,1,0,0,66.22982458
980,10,1,1,0,0,66.86370445
101,3,0,0,0,0,17.50462054
89,3,0,1,0,0,15.18585576
104,6,0,1,1,1,16.26052417
1015,12,1,1,1,0,70.68998293
98,2,0,0,1,0,23.52466686
954,10,1,0,0,0,66.80061106
1017,11,1,1,0,1,71.47500975
1005,11,1,1,1,0,71.19459513
102,2,0,1,0,0,16.77588119
997,13,1,0,0,0,67.42473391
100,3,0,1,0,1,16.54374791
103,4,0,0,0,0,16.74464783
1027,10,1,1,0,1,72.57533198
996,8,1,0,0,0,72.95804016
91,3,0,0,0,0,17.54731494
963,8,1,1,1,0,68.97434731
103,3,0,1,0,1,15.96571391
106,3,0,1,0,1,16.90086012
103,3,0,1,0,0,14.98023204
1005,7,1,1,0,0,73.05483071
972,9,1,1,0,1,66.93123664
995,11,1,1,0,1,68.95903817
980,10,1,1,0,0,66.51812983
993,13,1,1,1,0,68.38122445
991,14,1,0,0,1,67.34388158
989,10,1,1,0,1,69.81823088
962,10,1,0,1,0,89.1895047
995,7,1,1,1,0,74.33624945
1018,7,1,1,0,0,74.30936987
978,11,1,1,0,0,65.48555072
963,12,1,1,0,1,63.86570174
1023,12,1,1,0,0,69.06171647
88,1,0,1,0,0,16.48757284
975,10,1,1,0,0,66.34223348
937,12,1,0,0,0,63.62321465
108,1,0,1,1,0,20.74488114
1027,8,1,1,0,1,75.99441058
965,9,1,1,0,1,67.88496156
985,8,1,1,0,0,69.86569327
1002,11,1,1,0,1,69.75614011
1023,9,1,1,0,0,71.92092569
983,9,1,1,0,0,68.89765344
1024,10,1,0,0,0,73.89624124
1001,9,1,1,0,0,70.31470182
998,7,1,1,0,0,71.83788176
1028,10,1,1,0,0,71.77925695
982,7,1,1,0,0,70.27597133
102,3,0,1,0,1,16.20724066
1004,8,1,0,0,0,74.02541726
1041,8,1,1,0,1,76.61038147
1006,9,1,1,0,1,71.60422516
98,5,0,0,0,0,15.40189291
1001,7,1,1,0,0,71.35838161
1004,12,1,0,0,0,69.31713152
1045,10,1,1,0,0,74.40764885
962,9,1,0,1,0,90.32974784
996,12,1,1,0,0,66.63036705
972,13,1,0,0,1,66.17161435
1005,9,1,1,0,0,71.01494538
1022,9,1,1,0,0,72.81248232
1023,7,1,1,0,0,74.22859038
1016,11,1,1,0,0,70.1398247
986,9,1,1,0,1,69.7244722
1028,9,1,1,0,0,72.38778711
969,7,1,1,0,0,68.37348236
987,10,1,1,0,0,67.39713905
1005,11,1,1,0,0,69.2659197
1023,12,1,0,0,0,71.75614802
1008,10,1,1,0,0,70.25003566
994,11,1,1,0,1,67.91117579
1006,13,1,1,0,1,67.16675009
1005,10,1,0,0,0,71.6998218
103,2,0,0,0,0,18.19653404
984,11,1,1,0,1,66.75437118
98,4,0,1,0,0,14.33004026
1018,10,1,0,0,0,73.66769922
994,9,1,1,0,0,67.94369854
1002,9,1,1,0,0,70.14974446
992,11,1,0,0,1,69.7406529
977,11,1,1,0,0,65.28086778
969,13,1,1,0,0,62.84651527
988,12,1,0,0,0,68.54529915
987,9,1,1,0,0,68.02753728
986,12,1,1,1,0,68.96418806
1001,13,1,1,0,0,66.03898557
1012,9,1,1,0,1,72.0474393
1029,9,1,1,0,0,73.5802398
996,10,1,1,0,1,69.12473917
98,2,0,1,0,0,16.5541808
972,8,1,1,0,1,69.67309043
94,3,0,1,0,0,15.95618951
101,2,0,1,0,0,16.72345957
985,7,1,1,0,0,71.12135548
102,3,0,1,0,0,16.12970997
99,5,0,1,0,0,13.90179418
989,13,1,0,0,0,66.5398437
102,3,0,1,0,0,16.0443754
1001,7,1,1,1,1,76.54584328
1009,6,1,0,0,1,77.01864101
108,5,0,1,0,1,15.702968
102,5,0,1,0,0,13.29249761
971,8,1,1,0,0,67.87855238
1006,14,1,1,0,0,66.09060394
971,8,1,1,0,0,67.96639998
971,12,1,0,1,0,88.68409945
96,5,0,1,0,0,13.49054877
988,9,1,1,0,1,69.7081543
1042,12,1,1,0,0,72.58239889
991,11,1,0,0,1,70.24316154
1011,11,1,1,0,1,70.65810327
1050,9,1,1,0,0,74.92822913
96,3,0,1,0,1,15.78023616
98,2,0,1,0,1,17.92068189
1024,14,1,1,0,1,68.43266373
1021,8,1,0,0,0,75.48370359
1006,10,1,1,0,0,69.86915688
1045,6,1,1,1,0,81.10374603
1006,9,1,1,0,1,72.10995935
1038,11,1,0,0,0,74.62575894
971,10,1,0,0,0,68.03596427
1021,8,1,1,0,0,73.39818476
103,2,0,1,0,0,16.10557603
1008,10,1,0,0,1,73.40534214
993,10,1,0,0,0,70.09177395
1003,10,1,1,0,0,69.62065249
1016,10,1,0,0,0,72.31809692
98,5,0,1,0,0,13.91351322
978,10,1,1,0,0,66.60481651
992,9,1,1,0,0,69.11440664
1009,9,1,1,0,0,71.18114464
1012,5,1,1,0,1,76.09364291
1003,8,1,1,0,0,70.71852853
1019,10,1,1,0,0,71.37224076
1022,10,1,1,0,1,73.46651872
1009,8,1,0,0,0,74.50929843
102,1,0,1,0,1,18.16193529
102,4,0,1,0,0,13.79761459
990,10,1,0,0,0,69.79153849
1013,12,1,1,1,1,72.57961766
993,12,1,1,0,1,66.93040775
1001,6,1,1,0,1,73.62554936
1015,12,1,1,0,0,68.27932636
996,9,1,1,0,0,68.87559786
986,10,1,0,0,0,68.79678029
100,3,0,1,0,0,15.6894621
1005,10,1,0,0,1,72.03964022
96,3,0,1,0,0,15.96620676
999,10,1,1,0,1,69.91026082
1039,13,1,1,0,1,71.47089359
94,3,0,1,0,0,15.01391906
96,4,0,1,0,0,14.77191836
996,8,1,1,1,0,73.64626396
95,2,0,0,0,1,19.41489584
1002,8,1,0,0,0,73.40704284
987,8,1,1,0,0,69.27385719
1008,9,1,0,0,1,75.37949822
1014,9,1,1,0,1,72.17985361
1015,11,1,1,1,0,72.82774133
93,1,0,1,0,0,17.91649744
95,4,0,1,0,0,14.69039127
999,9,1,1,1,0,72.1261617
992,8,1,0,0,1,73.03194919
986,12,1,0,0,0,67.52677551
994,10,1,0,0,1,71.13085656
988,11,1,1,0,0,67.32437128
105,2,0,1,0,1,18.15546746
97,4,0,1,0,1,16.35288059
974,7,1,1,0,0,68.05859005
977,13,1,1,0,0,62.81535325
98,4,0,1,0,0,14.48044176
99,3,0,1,0,1,17.53858294
1017,9,1,1,0,1,73.72818365
1020,10,1,0,0,0,72.59509362
94,2,0,1,0,1,16.72753797
1015,15,1,1,0,0,64.92723973
100,4,0,0,1,0,22.13580854
965,8,1,1,0,0,67.20543668
983,10,1,0,0,0,69.85996825
968,10,1,1,0,0,66.85109577
1024,7,1,0,0,0,75.84750033
108,2,0,0,0,0,18.53788341
1004,10,1,1,1,0,72.95336828
1008,11,1,1,0,1,69.21766325
100,2,0,0,0,0,19.19865472
92,4,0,0,0,0,16.4882404
1011,9,1,1,0,0,70.83895505
990,9,1,1,0,0,68.97350293
999,8,1,1,0,0,70.55952542
1017,10,1,1,0,1,71.72441882
987,10,1,1,0,0,68.20159052
982,9,1,1,0,0,67.62774366
984,9,1,1,0,1,68.92367225
1032,13,1,0,0,0,71.43924274
107,1,0,1,1,1,21.5162862
998,8,1,0,0,0,72.69812032
983,10,1,0,0,1,70.81228568
998,13,1,1,0,1,66.08420314
984,9,1,0,0,0,71.70537316
98,3,0,0,0,0,17.37578662
1013,14,1,1,0,0,67.20787207
107,5,0,0,0,0,15.27296962
104,3,0,0,0,1,18.38837379
985,12,1,1,0,0,65.78510016
1015,11,1,0,0,0,71.56603007
992,9,1,1,0,0,69.64451547
994,12,1,0,0,1,69.0387003
1035,12,1,1,0,0,70.70120141
103,3,0,0,0,0,17.79245102
974,8,1,1,0,0,68.46560994
1009,9,1,1,0,1,71.18008948
1015,9,1,1,0,0,71.1601126
964,10,1,0,0,0,67.14809453
1008,10,1,1,0,0,70.67821882
101,2,0,1,0,0,15.87550029
108,3,0,1,0,0,16.09469591
996,11,1,1,0,1,67.53790918
995,9,1,1,1,0,72.71623283
1014,10,1,0,0,0,72.64587916
1016,14,1,0,1,1,93.75605531
1003,7,1,1,0,0,72.47683065
1011,8,1,0,0,0,74.37544024
993,9,1,0,1,0,95.04278857
994,11,1,0,0,0,70.4812427
996,13,1,0,0,0,67.49214601
1010,11,1,1,0,0,68.24028785
1002,10,1,1,0,1,70.59055761
976,13,1,0,0,0,66.12889247
975,8,1,1,0,1,70.02849001
97,2,0,1,0,1,18.03939012
97,4,0,1,0,0,14.7671576
1003,10,1,1,0,0,69.32934373
95,3,0,0,0,0,18.03993405
1009,8,1,1,0,0,72.73650416
1005,9,1,1,0,0,71.49390776
993,11,1,1,0,0,67.37619879
1004,12,1,1,0,1,68.64700173
1006,11,1,0,0,1,72.2200798
104,3,0,1,0,0,15.53868239
995,8,1,1,1,1,73.77725428
1006,11,1,1,0,0,68.0002686
102,2,0,1,0,0,16.27349946
90,4,0,1,0,1,15.65475314
107,2,0,1,0,1,17.17798543
104,2,0,0,0,1,20.78595269
1014,11,1,1,0,0,69.53523855
1023,7,1,1,0,1,76.60933613
99,1,0,0,0,0,20.10326268
1009,13,1,1,0,1,68.17230497
102,3,0,1,0,0,15.8124733
1014,12,1,1,0,0,68.93802614
108,2,0,1,0,0,16.75515419
97,3,0,1,0,0,15.29676039
1021,10,1,1,0,0,71.90635489
987,10,1,1,0,1,68.51785935
104,3,0,1,0,0,15.2287504
1005,13,1,0,0,0,68.12357518
105,5,0,1,0,0,14.37264953
104,3,0,1,0,0,15.89574186
999,8,1,1,1,0,73.84953335
1006,11,1,1,0,1,69.15474875
975,9,1,1,0,1,68.23863488
1017,7,1,1,0,1,75.71548275
1023,12,1,1,0,1,70.11992439
99,2,0,1,0,1,17.00385683
1004,11,1,1,0,0,69.18352814
980,9,1,1,0,1,68.96293411
1012,10,1,1,0,0,70.28735436
89,3,0,0,0,0,17.3158903
1035,9,1,0,0,1,77.32434512
1008,6,1,0,1,0,99.82885584
98,4,0,1,0,0,14.20541718
982,10,1,1,0,0,66.56588497
1007,12,1,1,0,0,67.5154416
108,4,0,1,0,0,15.26019295
1006,4,1,1,0,0,75.75585635
978,7,1,1,0,0,70.2823871
998,9,1,0,1,0,94.25538426
988,11,1,1,0,0,66.33477719
107,2,0,1,0,0,17.45231529
100,5,0,0,1,1,21.16771566
1045,10,1,1,0,1,75.92255889
1023,11,1,0,0,0,73.09156234
973,12,1,1,0,1,64.40415478
964,12,1,1,0,0,63.31718388
100,3,0,0,0,0,16.73491779
1001,11,1,1,0,0,67.78867651
1007,7,1,1,0,0,73.97098288
988,9,1,1,0,0,69.3205961
104,4,0,1,0,0,14.51829123
96,3,0,1,0,0,15.25633859
101,2,0,1,0,1,17.80779434
982,8,1,1,0,0,68.54912799
1000,11,1,1,0,1,67.884385
1019,11,1,1,0,1,71.01273918
1019,10,1,0,0,0,73.47023618
987,11,1,1,0,0,66.71422574
994,9,1,1,1,1,73.37274324
993,14,1,1,0,0,63.99434819
1036,12,1,0,0,1,75.24743549
1001,11,1,0,0,0,69.11876789
992,10,1,1,0,0,68.39213736
997,7,1,1,0,0,72.02751459
985,8,1,1,0,0,69.22193552
991,12,1,1,0,1,66.62939188
110,4,0,1,0,0,13.96548575
100,4,0,1,0,1,16.83674571
102,3,0,1,0,0,15.55932847
1005,10,1,1,0,1,70.33863837
981,10,1,1,0,0,67.10372049
988,10,1,0,0,1,70.55971797
97,4,0,1,0,1,16.04392425
982,9,1,1,0,0,68.20670518
94,4,0,1,0,0,13.86936686
979,10,1,0,0,0,68.60765296
1004,12,1,1,0,1,68.39015394
98,3,0,0,0,1,18.12167217
101,4,0,1,0,1,15.4233752
991,8,1,0,0,0,72.59670459
1010,10,1,0,0,0,71.95667249
99,2,0,0,0,1,19.31191556
95,4,0,1,0,0,13.24567173
1028,8,1,1,0,0,74.52850091
1018,12,1,1,0,0,68.71253461
1009,10,1,1,0,0,70.43727606
986,11,1,1,0,0,66.17264431
1006,9,1,0,0,1,74.05715658
1019,16,1,1,0,0,65.72353708
993,9,1,1,0,0,69.78907568
1000,11,1,0,1,1,93.08103653
98,3,0,1,0,1,15.81106796
99,3,0,1,0,1,16.69406456
1000,8,1,1,0,1,72.50552194
101,3,0,1,0,0,14.5545381
993,12,1,1,0,0,67.28484845
971,10,1,1,0,0,66.29528689
107,3,0,1,0,0,15.39250201
111,6,0,1,0,0,13.07870965
102,4,0,1,0,0,14.76653938
1048,9,1,1,0,0,76.05972943
1000,8,1,0,0,1,73.29133625
100,3,0,1,0,0,15.40709163
1010,10,1,1,0,0,70.87487451
111,3,0,0,1,0,22.69480925
970,11,1,1,0,0,65.08015648
995,10,1,1,0,0,68.38959886
986,10,1,1,0,0,66.97769473
98,5,0,1,0,0,13.74418313
108,3,0,0,0,0,17.12905712
99,4,0,1,0,0,15.04853359
990,14,1,0,1,1,89.62446988
104,4,0,1,0,0,14.62527273
107,1,0,1,1,0,20.47420699
995,11,1,1,0,0,67.55081897
1007,10,1,1,0,0,70.07941774
991,13,1,1,0,0,63.467898
1010,12,1,0,0,0,70.72471148
1015,8,1,0,1,0,98.30119679
114,3,0,1,0,0,15.56821162
993,9,1,1,0,0,68.92796604
998,11,1,1,0,0,68.66889854
1008,7,1,1,0,0,73.16099637
100,4,0,1,0,0,14.22555727
978,10,1,0,0,0,68.43541069
93,2,0,1,0,1,17.13080551
99,2,0,0,0,0,19.12856642
1020,6,1,0,0,0,77.31267568
1002,11,1,0,0,0,69.75974256
975,9,1,1,1,0,70.80100004
993,9,1,0,0,0,71.63127528
1017,9,1,1,0,0,71.77416582
970,8,1,1,0,0,67.8428388
1001,12,1,1,0,0,68.20269657
1006,10,1,1,0,1,71.83350611
978,12,1,0,0,0,66.20665113
1029,12,1,1,0,1,71.66557171
100,2,0,1,0,0,16.60503781
93,2,0,1,0,0,16.24580815
1003,10,1,1,0,0,70.57875589
1006,10,1,1,0,0,69.8742786
1016,11,1,1,0,1,71.98343851
1027,9,1,1,0,0,72.86476119
97,3,0,1,1,0,17.43970658
971,8,1,1,1,1,72.54948046
1016,9,1,1,0,0,71.99374825
1029,9,1,1,0,0,72.36579811
100,3,0,0,0,0,18.01180531
975,12,1,1,0,0,63.56278801
1014,10,1,1,0,0,70.77374959
105,3,0,1,0,1,16.61607938
96,4,0,1,0,0,14.50463635
957,12,1,0,0,0,63.88109522
990,7,1,1,0,1,71.57539384
96,3,0,1,0,0,15.23895509
102,4,0,1,0,0,13.93111682
1017,13,1,0,0,0,69.00446064
101,1,0,1,0,1,18.96962292
95,3,0,1,0,1,16.67984084
1028,10,1,1,0,0,72.41985382
98,3,0,1,0,1,16.50932221
101,1,0,0,0,0,19.53244581
1009,12,1,0,0,0,69.30183959
1006,10,1,1,0,0,69.73787773
1032,11,1,1,0,1,72.35877095
1018,10,1,1,1,1,74.6486768
1009,12,1,1,0,1,69.2542927
1002,9,1,0,0,1,73.23745173
981,11,1,1,0,1,66.25271785
108,5,0,1,0,0,12.73409537
980,11,1,1,0,0,65.35544464
1016,10,1,1,0,0,70.9008119
94,4,0,1,0,1,15.94012717
106,5,0,0,0,0,15.31767489
103,2,0,1,0,0,16.29288896
1026,9,1,1,1,0,74.68820927
986,9,1,1,0,1,69.77009589
999,7,1,0,0,0,73.30218651
1041,11,1,1,0,1,74.14272092
95,3,0,1,0,1,16.70554876
985,9,1,0,0,0,70.59869546
993,12,1,1,0,1,67.12147166
97,3,0,1,0,0,15.37722001
92,3,0,0,0,1,18.82205186
1008,10,1,0,1,0,95.47940938
996,15,1,1,0,0,63.91583649
1025,7,1,1,0,0,74.91562897
1003,11,1,1,0,0,67.87638531
1000,14,1,1,0,0,64.95079026
106,3,0,1,0,0,15.96212709
93,4,0,1,0,1,15.21224133
983,11,1,1,0,1,66.41183269
1015,7,1,1,0,0,73.76539375
987,11,1,1,0,1,67.57982709
993,8,1,0,0,0,72.27816537
96,3,0,0,0,0,17.38336619
969,11,1,0,0,1,67.29368026
995,10,1,1,0,0,68.42379808
100,2,0,1,0,0,16.43572515
94,4,0,0,0,0,16.71387453
979,10,1,1,0,0,67.06138402
990,9,1,1,0,0,68.79395746
98,2,0,1,0,0,16.43543562
1015,13,1,1,0,1,68.91532172
86,5,0,1,0,0,13.49606821
102,2,0,0,1,0,23.8812508
99,4,0,0,0,0,16.12795128
999,9,1,0,0,1,73.89498764
964,8,1,1,0,0,67.24919598
993,9,1,1,1,0,72.04400277
996,11,1,1,0,0,67.66405551
91,2,0,1,0,0,16.22208108
98,5,0,1,1,0,16.13731953
1012,12,1,1,0,1,69.48694581
980,10,1,1,0,1,67.94353471
1011,11,1,0,0,0,71.28712265
102,3,0,1,0,0,15.4523003
991,12,1,1,0,0,66.10221181
993,10,1,1,1,1,71.6906111
973,14,1,0,0,0,64.81469177
101,3,0,1,0,0,15.30668588
97,4,0,1,0,0,15.12986417
996,12,1,1,0,0,66.1772039
1000,8,1,1,0,0,72.09831844
991,9,1,1,0,1,69.58471366
993,12,1,1,0,0,66.28895375
950,11,1,1,0,0,61.75233788
987,14,1,1,0,0,63.77095795
1006,12,1,1,0,0,67.16408564
101,2,0,1,0,0,16.76945321
995,13,1,0,1,0,89.95589325
1002,8,1,1,0,1,72.48303897
1005,8,1,1,0,0,71.5800859
101,3,0,1,0,0,15.68979197
995,12,1,1,0,1,67.88573698
103,4,0,1,0,0,14.33703225
1004,11,1,1,0,0,68.2920052
989,11,1,0,0,1,70.12302263
107,4,0,0,0,0,15.07285985
103,4,0,0,0,1,17.87861248
90,2,0,0,0,0,19.33610535
995,13,1,0,0,1,67.17603146
1027,8,1,1,0,0,74.62686209
978,8,1,1,0,0,69.4273542
1041,10,1,1,1,0,76.21546937
1032,12,1,1,0,0,71.06164846
98,4,0,0,0,0,16.81554087
996,10,1,1,0,1,69.50813577
106,3,0,1,0,0,15.49535755
1003,9,1,0,0,0,72.32365517
99,3,0,1,0,0,15.54242926
986,12,1,1,0,0,65.19447895
96,2,0,1,1,0,20.20995635
100,3,0,1,0,1,16.95345939
1017,9,1,0,0,0,74.43341808
97,3,0,0,0,1,18.43687563
990,6,1,1,0,0,71.46115563
991,8,1,1,0,0,69.33321648
1009,9,1,1,0,1,72.73936474
997,9,1,0,0,1,72.58899932
990,9,1,1,0,0,68.31480555
999,12,1,1,0,1,67.80798221
1013,9,1,1,0,0,71.97483157
1034,13,1,1,0,0,69.32296298
101,3,0,1,0,0,16.29435853
98,3,0,1,0,0,14.99391506
1006,9,1,1,0,0,70.34749398
1015,11,1,1,1,1,73.72432415
96,2,0,0,0,0,17.73493289
1002,10,1,1,0,0,69.43910076
997,12,1,1,0,0,66.64111938
951,8,1,1,0,0,65.98645297
1019,13,1,1,0,0,67.5613614
993,9,1,1,0,0,69.39903763
99,3,0,1,0,1,16.67085351
97,3,0,1,0,0,15.44779506
1016,8,1,1,0,0,72.01608061
1016,10,1,1,0,1,72.1041849
103,5,0,1,0,0,14.18538049
1050,10,1,1,1,1,78.31360758
973,11,1,1,0,0,64.45499093
100,4,0,0,0,0,16.89911458
1004,9,1,1,0,1,71.21765469
984,10,1,0,0,0,68.22754449
1017,15,1,1,0,1,66.5961146
1006,16,1,1,0,0,63.57578949
103,5,0,1,0,0,13.28888912
1019,10,1,1,0,0,71.08327083
1023,10,1,1,0,1,72.33223615
100,5,0,1,0,0,13.71205393
996,7,1,1,1,1,74.91811204
994,13,1,0,0,1,68.04446605
95,2,0,0,1,0,22.80856133
106,4,0,1,0,1,15.8913935
995,10,1,1,0,0,67.91494576
108,3,0,1,0,0,15.30817364
99,4,0,0,0,0,16.30622227
979,11,1,1,0,0,65.33496525
997,11,1,1,0,1,69.24964742
977,11,1,1,0,1,66.27324846
101,4,0,1,0,0,14.58171361
995,9,1,0,0,1,71.74250822
101,5,0,0,0,0,16.47459329
102,5,0,0,0,0,16.02792855
1031,13,1,0,0,1,71.43388242
1013,10,1,1,0,0,70.08303664
1008,12,1,1,0,0,68.05669009
1019,14,1,1,0,0,66.59249989
103,3,0,1,0,1,16.53225091
983,10,1,1,0,0,66.92736098
1008,10,1,1,0,0,69.74573235
1009,11,1,1,0,1,69.2340541
990,7,1,1,0,0,71.16725876
1004,9,1,1,0,0,70.47825224
1006,7,1,0,0,0,75.34223499
1016,12,1,0,0,0,71.24073913
103,4,0,1,0,1,15.54451532
1051,12,1,1,0,0,72.82591054
1007,6,1,1,0,0,73.3816787
104,4,0,1,0,0,14.74192808
965,7,1,1,0,0,69.02777409
1009,8,1,1,0,0,71.68120606
96,1,0,1,0,0,17.98880807
974,9,1,1,0,0,66.84982089
1050,9,1,1,0,1,76.17899951
1012,6,1,1,0,0,75.53949613
1038,8,1,0,0,1,77.95788613
991,9,1,0,0,0,71.0185288
999,9,1,1,0,1,70.32771995
975,8,1,0,1,0,91.96392058
1015,10,1,1,0,0,70.65409915
108,3,0,1,0,0,15.91064065
98,1,0,1,0,1,18.77834825
98,3,0,1,0,1,16.19431301
97,3,0,1,0,0,15.64643669
104,3,0,1,0,1,17.24639746
102,1,0,1,0,0,18.08850089
1005,10,1,0,1,0,95.35045598
92,2,0,1,0,0,16.41138832
1013,12,1,0,0,0,69.3923343
1004,11,1,1,0,1,69.89054535
1050,11,1,1,0,1,73.92787191
1032,11,1,0,0,0,73.2116053
1011,11,1,1,0,1,70.30256474
103,5,0,1,0,0,13.55400708
1008,10,1,0,0,0,72.04406995
95,3,0,1,0,0,15.54469262
96,3,0,1,0,0,14.84236323
100,3,0,0,0,0,17.00502194
1034,11,1,1,0,1,72.98615981
1006,11,1,1,0,1,70.16374703
99,3,0,1,0,1,16.36479619
102,3,0,1,1,0,19.04858645
1024,10,1,1,0,0,72.41197922
996,8,1,1,1,0,73.47000664
99,3,0,0,0,0,16.89431521
1015,12,1,0,0,0,71.05987927
96,4,0,1,0,0,14.02862593
105,4,0,1,0,0,15.01369641
976,9,1,1,0,0,66.24234804
973,12,1,1,0,0,64.01422803
1002,10,1,1,0,0,69.47143394
959,10,1,0,0,1,67.52203893
1018,11,1,1,0,1,70.60886658
98,4,0,0,0,0,15.79370807
984,13,1,1,0,1,65.02163766
997,11,1,1,1,1,71.8119978
968,9,1,1,0,0,66.49055188
986,7,1,0,0,1,73.3891437
974,8,1,1,0,0,67.45542954
996,8,1,0,0,1,73.32729073
101,4,0,1,0,0,14.69053328
964,11,1,1,0,0,63.57773113
1030,13,1,1,1,0,71.66428604
1003,10,1,1,0,0,68.80388266
988,9,1,1,0,1,69.36679999
94,4,0,0,0,0,17.38468707
981,13,1,1,0,0,63.66576081
993,9,1,1,0,0,69.23729682
1020,9,1,0,0,1,75.18098595
1026,8,1,1,0,0,74.10518082
1001,11,1,0,0,0,70.14042149
100,6,0,1,1,0,16.12469877
93,3,0,1,1,0,18.59737792
101,4,0,0,0,1,17.37187716
1017,10,1,0,0,0,72.87538683
1006,12,1,1,0,1,68.57216031
990,11,1,1,0,1,67.87010867
985,9,1,1,1,0,71.28112531
994,12,1,1,0,0,66.90524495
966,9,1,1,0,0,66.94419453
983,9,1,1,0,0,68.11922004
96,3,0,0,0,0,16.87220365
984,11,1,1,0,0,65.21116944
970,7,1,1,0,0,68.74278516
99,1,0,1,0,0,17.27310791
1048,11,1,1,0,0,73.39854705
983,12,1,1,0,1,65.87461113
103,2,0,1,0,1,18.21418832
1018,12,1,1,0,0,68.17217077
953,12,1,1,0,0,62.9293519
1016,13,1,0,0,0,69.75279985
969,11,1,0,0,0,65.83669752
1006,14,1,1,0,0,66.14997321
998,12,1,1,0,1,67.83344527
101,3,0,1,1,0,18.31102126
98,4,0,1,1,1,19.49263795
112,4,0,1,0,0,15.20242096
994,14,1,0,0,0,65.71317111
99,2,0,1,0,0,16.90264337
970,8,1,0,0,0,69.71447589
1060,10,1,1,0,0,75.61442179
1019,14,1,0,0,0,69.12937384
93,4,0,1,0,1,15.06480988
96,3,0,1,0,0,15.72745521
986,14,1,0,1,0,88.16930614
1009,13,1,1,0,1,68.4570723
981,8,1,1,0,0,69.79123446
985,12,1,1,0,0,63.84646844
1013,9,1,1,1,0,74.15782405
102,2,0,1,0,0,16.55857287
107,3,0,0,0,1,18.30816052
1004,9,1,1,0,0,70.50343544
991,12,1,1,0,0,65.99020487
100,3,0,1,0,1,17.61950327
99,1,0,1,0,1,18.34576632
985,9,1,0,0,1,71.36974223
954,11,1,1,0,0,62.96058996
95,2,0,1,0,1,17.80963002
1057,9,1,0,0,0,77.96693228
982,10,1,1,0,1,67.80364007
1067,13,1,1,0,0,74.01575947
1030,9,1,1,0,1,74.72405827
987,12,1,1,0,0,65.5145429
992,12,1,1,0,0,65.84116404
1000,6,1,1,0,0,72.87783333
998,12,1,0,0,1,69.80243915
1051,10,1,1,0,0,75.12440562
98,3,0,1,0,0,16.04074023
1001,9,1,0,0,0,72.29987209
966,7,1,1,0,0,68.03087121
992,10,1,1,0,1,69.36689879
99,2,0,0,0,0,17.59561283
956,7,1,0,0,0,68.03585881
1009,12,1,0,0,0,69.14116434
1037,9,1,1,0,0,74.70897278
103,4,0,0,0,1,17.11468935
100,5,0,0,0,1,15.65492913
1004,14,1,1,0,0,65.81383988
107,4,0,1,0,0,14.50591638
1011,11,1,1,0,0,69.54499746
997,10,1,0,1,0,93.42212718
999,11,1,1,0,1,69.56897942
102,4,0,1,1,0,17.50235527
103,4,0,1,0,0,14.5951406
1008,11,1,1,0,0,68.25395823
999,7,1,0,1,0,96.51901185
992,13,1,0,0,0,67.9402522
987,13,1,0,0,1,68.50619298
102,3,0,0,0,0,18.02940631
1008,11,1,1,0,0,69.27845634
1005,6,1,1,0,1,74.52373902
101,3,0,1,0,1,17.31492024
1021,12,1,0,0,1,72.59167564
994,11,1,1,0,0,66.72715637
107,4,0,1,0,0,15.18914548
978,10,1,1,0,0,66.32556871
102,1,0,0,0,0,19.47448614
107,3,0,0,0,1,19.38990928
102,1,0,0,0,0,20.46066208
92,3,0,1,0,0,15.45901276
990,5,1,1,0,1,74.10206724
99,3,0,0,0,1,18.72643551
1033,10,1,0,0,1,75.07754792
993,10,1,0,0,0,70.03607745
995,11,1,1,0,0,67.63099438
993,10,1,1,0,0,68.6049952
92,3,0,0,0,0,18.01690711
995,11,1,0,0,0,69.32939347
982,7,1,1,0,1,71.42957765
109,3,0,1,0,0,15.5441962
98,1,0,1,0,0,17.2624907
975,11,1,0,0,0,68.30192786
976,12,1,1,0,1,65.42117215
982,12,1,0,0,0,66.70962806
976,6,1,1,1,0,73.44298543
95,4,0,1,0,0,15.05312258
1009,13,1,1,0,1,67.16928026
1021,8,1,1,0,1,74.72923328
1006,10,1,1,0,0,70.01655749
980,8,1,1,0,0,67.48509844
110,2,0,0,0,0,18.2231725
985,11,1,0,0,0,69.46271332
1031,11,1,0,0,0,73.15080388
91,3,0,1,0,0,15.11366819
98,4,0,1,0,0,13.42790392
961,10,1,1,0,0,64.83962841
93,4,0,0,0,1,17.46754724
99,4,0,1,0,1,15.58199673
1000,10,1,0,0,0,71.3597915
1022,14,1,1,1,0,69.88902066
103,4,0,0,0,1,17.88610342
1012,12,1,0,0,1,71.789528
102,5,0,1,0,0,13.75035224
100,2,0,1,0,0,16.28480273
93,2,0,0,0,1,19.510683
986,9,1,1,0,0,68.23244876
985,9,1,0,1,0,93.54361149
993,10,1,1,0,0,68.44479162
1001,8,1,0,0,1,72.81630729
94,2,0,0,0,0,18.98503962
98,3,0,1,0,0,15.35830152
110,2,0,1,1,1,21.69502122
981,8,1,1,0,1,70.11630777
1027,8,1,1,1,0,76.86843213
1015,14,1,1,0,1,67.47701421
1028,10,1,0,0,1,75.80791374
97,2,0,1,0,0,17.03005682
1048,8,1,1,1,1,80.73721099
1026,10,1,1,0,0,72.02548808
1003,7,1,0,1,1,99.07915245
1002,11,1,0,0,1,70.86026496
1013,8,1,0,0,1,75.87432987
1009,9,1,1,0,0,70.81484191
991,9,1,0,0,0,71.06734229
991,11,1,1,0,0,66.48117743
1006,13,1,0,0,1,69.77826205
1005,10,1,1,0,1,70.22677191
1014,14,1,1,1,0,69.51262187
1026,11,1,1,1,1,74.52958989
978,11,1,1,0,0,65.46315979
1034,7,1,1,0,0,75.76068222
975,12,1,1,0,0,64.3698239
952,10,1,1,0,0,63.01132681
1027,9,1,1,0,0,72.59279584
1005,12,1,0,0,0,69.31647097
985,11,1,0,0,1,70.15603668
991,10,1,1,0,0,67.44496783
1007,9,1,1,0,0,70.58077797
99,2,0,1,1,0,19.6479219
969,7,1,1,0,0,69.32671609
100,3,0,1,0,1,16.84300879
964,8,1,1,0,1,68.30780024
1027,12,1,1,1,0,72.29891478
1004,14,1,1,0,0,65.89192055
1018,8,1,1,0,0,72.29156402
1043,10,1,1,0,0,74.8581477
995,10,1,0,0,0,70.6197811
99,2,0,0,0,0,18.05106291
1015,11,1,0,0,0,71.50485046
1014,9,1,0,0,1,74.3579498
1000,12,1,0,0,1,69.79196275
101,3,0,0,0,1,19.20199683
96,3,0,1,1,0,18.3536907
972,13,1,1,0,0,63.8981869
993,8,1,0,0,0,72.13459591
1015,11,1,0,0,0,71.74669329
1014,11,1,0,0,0,71.32322104
102,3,0,0,1,0,22.5769453
98,4,0,0,0,0,16.72833896
990,8,1,1,0,1,71.05001359
975,11,1,0,0,0,67.58313065
1015,11,1,0,0,1,71.92106953
988,9,1,0,0,0,70.68889561
1001,5,1,1,0,1,74.76881313
969,11,1,1,0,1,66.09446047
1009,9,1,0,0,0,73.10664942
1019,10,1,1,0,0,70.58039601
1016,14,1,1,1,0,69.51625397
976,7,1,1,0,0,69.93979243
960,12,1,1,0,0,62.88912931
1021,8,1,1,0,0,72.91358058
110,3,0,1,0,0,15.68327298
96,4,0,1,0,0,14.36001327
97,3,0,1,0,0,15.08464695
1021,9,1,1,0,1,73.15516606
105,3,0,0,0,0,17.82551209
99,3,0,1,0,0,16.22424499
105,3,0,1,0,0,16.14959924
101,4,0,1,0,0,14.34980189
1005,11,1,1,0,0,69.67038498
106,3,0,1,0,0,15.64065337
994,9,1,1,1,1,73.73360332
990,12,1,0,0,1,69.5438646
105,4,0,1,0,0,14.24650178
987,8,1,1,0,0,68.86129546
1021,7,1,1,1,0,76.70474085
1003,13,1,1,0,0,65.92108036
995,6,1,1,0,0,73.42770457
992,8,1,0,0,1,72.44892361
101,4,0,0,1,0,20.5307261
1005,9,1,1,0,0,70.41865901
98,2,0,1,0,0,16.70135629
1018,11,1,1,0,1,70.99991398
1021,10,1,1,0,0,71.96482715
107,2,0,0,0,0,19.05506946
108,3,0,0,0,0,17.48383552
985,9,1,1,0,0,68.76977197
1006,9,1,1,1,1,74.24266398
108,4,0,1,0,1,15.33508911
108,3,0,0,0,0,18.09438349
1018,14,1,1,0,1,67.95119934
95,2,0,1,0,0,16.70264509
1013,9,1,1,1,1,75.78442397
1022,10,1,1,0,0,71.91523601
101,3,0,0,0,0,18.08004065
1006,9,1,1,0,0,70.73614193
1034,12,1,1,0,0,71.94675957
973,9,1,0,0,0,68.73272207
98,4,0,1,0,0,14.07446638
982,10,1,0,0,0,69.56063571
1001,8,1,1,0,0,71.49918557
1021,13,1,0,0,0,70.54832101
1012,10,1,1,1,0,72.72938701
1016,12,1,1,0,0,69.50543432
970,8,1,0,0,0,69.3806454
982,13,1,1,0,0,64.779123
1015,10,1,1,0,0,70.37759473
95,2,0,1,1,0,19.42603492
999,9,1,1,0,0,69.55755238
1025,11,1,1,0,1,71.7416397
989,9,1,1,1,0,71.96087923
1019,9,1,1,1,0,75.09860679
96,1,0,1,0,1,18.36434201
97,3,0,0,0,0,16.93442989
1002,10,1,0,0,0,71.34395798
1001,11,1,1,1,1,72.97022544
1004,10,1,1,0,1,71.07376565
1007,8,1,0,0,0,74.70305859
1014,13,1,0,0,1,70.07531808
991,12,1,0,0,1,69.11612473
1035,12,1,1,0,1,71.43948575
978,10,1,1,1,0,69.69604308
1053,13,1,1,0,0,72.24964201
1025,8,1,1,0,0,73.34085483
108,1,0,1,0,1,17.7384596
997,13,1,0,0,1,68.02297092
90,4,0,0,0,1,17.08384684
975,10,1,1,0,1,67.08476465
99,3,0,1,0,1,17.37729802
1004,9,1,0,0,0,73.23394689
981,7,1,1,0,0,70.19790391
997,10,1,1,0,0,68.57001784
968,8,1,1,0,0,67.75345284
1008,13,1,1,0,0,67.33080232
984,9,1,1,0,1,69.28049404
1015,9,1,1,0,0,71.70504423
1039,12,1,1,0,1,72.43384213
97,4,0,1,0,1,15.29649793
109,1,0,0,0,1,20.26370849
95,4,0,1,0,0,14.93379831
1032,11,1,1,0,0,71.9839982
1004,10,1,0,0,1,72.18196353
990,12,1,1,0,0,65.82430181
96,2,0,0,0,0,18.26943205
986,12,1,1,0,1,66.64874438
977,10,1,1,0,1,66.81101463
991,11,1,0,0,0,69.21720269
95,2,0,1,0,0,16.62423352
102,2,0,1,0,0,15.9207696
988,10,1,1,0,0,68.17301508
983,14,1,1,0,0,62.93468261
1004,8,1,0,0,0,73.04019063
1016,10,1,1,1,0,74.13351162
991,9,1,1,0,0,69.89174381
96,3,0,0,0,0,18.0234842
101,3,0,0,0,0,17.20412174
1002,9,1,1,0,1,70.20874894
102,3,0,0,0,1,18.05204004
987,10,1,0,1,1,93.71266361
989,11,1,1,0,0,67.5721843
104,3,0,1,0,1,15.73580273
1018,11,1,0,1,1,96.48215432
100,2,0,0,1,0,23.15408475
1012,8,1,0,0,1,75.8896295
993,9,1,1,0,1,69.5042648
997,10,1,1,0,0,68.0399362
1008,9,1,1,0,1,71.60052657
99,4,0,1,0,0,14.67632837
1018,8,1,0,1,0,98.74507064
1037,9,1,1,0,1,74.5001627
1030,9,1,0,0,0,75.57579718
977,12,1,1,0,0,63.58841926
110,1,0,1,0,1,18.91319645
990,9,1,1,0,0,69.01800117
1011,8,1,1,0,1,72.00190924
106,3,0,1,0,1,17.30021664
999,10,1,1,0,0,69.66883633
105,5,0,1,0,0,13.48005697
89,4,0,0,0,0,16.22501508
1001,13,1,1,0,0,64.85294424
107,4,0,0,0,1,17.49261942
978,14,1,0,0,1,64.65958022
93,3,0,0,0,0,16.62492617
991,10,1,1,0,1,68.84520535
1022,12,1,0,0,1,73.46036331
92,2,0,1,0,0,15.44930734
993,10,1,1,0,0,68.77667406
1003,11,1,1,0,1,69.74321713
996,11,1,1,0,0,68.34670158
1001,8,1,1,0,1,72.27889051
964,7,1,1,0,0,67.48292985
988,13,1,0,0,0,66.38208358
96,3,0,1,0,0,16.44743582
1020,7,1,1,0,1,75.55597761
97,2,0,1,0,1,17.15790184
955,12,1,1,0,0,62.24123366
109,4,0,1,0,0,14.3498289
108,3,0,1,0,0,15.62996979
1019,12,1,1,0,0,68.35978511
976,11,1,1,0,1,66.5650543
1022,8,1,0,0,0,75.021861
997,10,1,1,0,0,68.89186006
92,3,0,1,0,0,15.17344631
94,4,0,0,0,0,15.69477075
1000,6,1,0,0,0,75.28580539
1009,12,1,1,0,0,67.92023176
93,4,0,1,0,1,14.79788015
1016,10,1,1,0,1,71.84823448
978,10,1,1,0,1,67.52748769
996,11,1,1,0,0,67.56614533
994,8,1,0,0,0,72.31159065
1010,15,1,1,0,1,66.03301263
978,13,1,0,0,0,66.17254723
96,5,0,0,0,0,15.00853116
1014,10,1,1,0,0,70.51501615
102,2,0,1,0,0,17.05747492
995,11,1,1,0,0,67.16085598
996,10,1,1,0,0,68.84711619
1004,10,1,1,0,1,70.1293291
988,11,1,0,1,0,91.50770736
1014,9,1,0,1,0,96.69691387
1011,8,1,1,1,1,76.59673031
114,3,0,1,0,0,15.86062777
101,4,0,1,0,0,14.67434959
1009,12,1,1,0,0,67.47495857
1013,12,1,1,0,0,67.97513084
100,1,0,1,0,0,16.72017005
1009,7,1,1,0,0,72.4144284
98,3,0,1,0,1,17.11380747
980,12,1,1,0,0,65.18238739
995,15,1,0,0,0,64.94009891
93,2,0,1,0,0,15.89532373
96,2,0,0,0,1,19.35245086
978,9,1,1,0,0,67.69095965
999,9,1,1,0,0,69.18742734
1005,6,1,1,0,0,72.94538143
986,14,1,0,0,0,64.62331731
978,12,1,1,0,1,65.44516881
101,5,0,1,0,0,14.00316348
1026,16,1,0,0,0,67.30732815
996,10,1,1,0,0,69.35183431
100,3,0,1,0,0,15.53313658
105,4,0,0,0,1,17.974138
102,4,0,0,0,1,18.05618971
93,4,0,1,0,1,15.62735454
976,8,1,1,0,0,68.12957902
1008,7,1,1,1,0,76.53220587
1012,10,1,1,0,0,70.79514767
100,3,0,0,0,0,17.61992958
974,10,1,0,0,0,68.50479301
1013,13,1,1,0,1,67.76357687
1010,8,1,1,0,1,72.54237712
988,8,1,1,0,0,70.04808089
102,4,0,0,0,0,16.35375815
104,2,0,1,1,1,21.64900326
973,10,1,1,0,0,66.18064822
105,4,0,1,0,0,14.70072455
1008,12,1,0,0,1,71.40400891
105,3,0,1,0,0,15.94566708
979,10,1,1,0,0,66.36926881
1002,10,1,1,1,1,73.14614747
1012,11,1,1,0,0,69.35330501
1004,12,1,1,0,1,68.53084221
995,13,1,1,0,0,65.8757996
1006,8,1,1,0,0,71.78054707
1001,8,1,1,0,0,71.75803553
1035,8,1,1,0,0,74.74939769
1032,12,1,0,0,0,72.45411644
1002,6,1,1,0,0,73.3768156
984,9,1,1,1,0,71.6954376
1020,13,1,1,0,0,68.71327496
990,10,1,1,0,0,67.07641874
987,10,1,1,1,0,71.23018479
987,11,1,1,0,0,66.65118674
1002,11,1,1,0,1,68.20435762
990,7,1,1,0,1,71.8298785
1000,6,1,0,1,0,97.80761763
105,2,0,0,1,1,25.06977901
995,14,1,0,0,1,67.35263731
999,9,1,1,0,0,70.18837143
98,3,0,1,0,1,16.58495185
1044,10,1,1,0,0,73.4856797
974,10,1,1,0,0,66.15223628
105,2,0,1,0,0,16.8438041
96,4,0,1,1,1,18.63833388
1018,13,1,1,1,0,71.17781183
94,3,0,1,1,0,17.73014647
1024,9,1,1,0,0,72.95619666
101,2,0,1,0,0,15.82371543
99,3,0,1,0,1,16.22457822
1007,13,1,1,0,1,68.02702165
105,2,0,0,1,0,23.75725862
1022,9,1,1,0,0,72.59505578
96,3,0,0,0,0,17.0235572
1011,10,1,1,0,0,70.27427999
953,8,1,1,1,0,69.47032783
1026,12,1,0,0,1,72.7559491
972,11,1,1,0,0,65.48281044
975,10,1,1,0,0,66.36567591
105,3,0,1,0,0,15.30561168
101,4,0,0,0,0,15.51551945
983,8,1,1,0,0,69.67643172
1037,10,1,1,0,0,74.06093237
103,4,0,1,0,0,14.43876597
1028,11,1,1,0,1,72.3177285
957,11,1,0,0,0,64.93113195
1033,8,1,1,0,1,76.10163786
1037,10,1,1,0,0,72.95769633
101,3,0,1,0,1,17.03525233
98,1,0,1,0,0,17.42149345
1012,12,1,1,0,1,68.94425439
966,11,1,1,0,0,63.92618797
968,6,1,1,0,0,69.93293377
996,13,1,1,0,0,65.46020753
1024,10,1,1,0,1,73.71802778
1007,8,1,0,1,0,96.98371043
1019,9,1,1,0,1,73.92890386
1026,11,1,1,0,0,71.00216407
109,3,0,1,0,0,15.73472209
980,9,1,1,0,0,67.46540818
97,3,0,1,0,0,15.34188378
1003,11,1,1,0,0,68.30994659
1018,13,1,1,0,0,69.33963555
983,12,1,1,0,1,66.81435737
997,10,1,0,1,1,94.89975326
1031,8,1,1,0,1,75.30597355
1008,10,1,0,0,0,71.37746032
975,12,1,1,1,0,67.68433494
1004,8,1,1,0,0,71.0985173
1001,8,1,1,0,1,71.66579785
1001,10,1,1,0,1,70.20766546
104,3,0,1,0,1,16.26548445
1011,9,1,0,0,0,73.35720822
982,4,1,1,0,0,73.42254682
1032,12,1,1,0,0,71.02858571
102,2,0,1,0,0,16.02543813
954,10,1,0,1,0,87.73600835
1017,9,1,1,0,0,73.44008622
998,11,1,1,0,1,68.38410614
987,8,1,1,0,0,69.9888314
973,11,1,0,1,0,88.92869657
990,7,1,1,0,0,71.0863884
1019,10,1,1,1,1,74.56319648
998,8,1,1,0,1,70.82375016
1029,10,1,1,0,1,74.17842081
1007,9,1,0,0,0,72.92143946
1019,10,1,1,0,0,70.5481405
90,4,0,0,0,0,17.22187338
991,9,1,1,0,0,69.15157398
1006,12,1,1,0,0,67.72697259
986,9,1,1,0,0,68.81131944
1006,11,1,1,0,0,68.46721475
99,2,0,0,0,0,18.2582037
994,12,1,1,0,1,67.5818678
975,11,1,1,0,1,65.19046624
966,11,1,1,0,0,64.21288931
974,15,1,1,0,1,62.40783127
1046,11,1,1,0,0,72.4821025
97,4,0,1,0,1,14.25354251
102,3,0,0,0,0,16.6577743
108,3,0,1,0,0,15.88241878
1014,11,1,1,0,0,69.07043605
993,10,1,1,0,1,68.62619883
106,2,0,0,0,0,18.70249288
1029,13,1,1,0,0,69.27606329
1023,8,1,0,0,1,75.74731202
99,3,0,1,0,0,15.69529827
1057,9,1,0,0,1,80.37411814
99,3,0,0,0,0,17.27555996
1006,9,1,1,0,0,70.63279088
997,9,1,0,0,0,71.82097537
989,10,1,1,0,0,67.82392125
997,12,1,1,0,0,67.1931065
984,12,1,0,0,1,68.22773688
1001,12,1,1,0,0,67.27015879
1012,9,1,1,0,0,71.52317672
103,2,0,0,0,1,19.4897758
105,2,0,0,0,0,18.34487682
98,3,0,1,0,0,15.9793787
1004,9,1,0,1,0,94.77528979
1009,10,1,1,0,0,70.30795774
997,8,1,1,0,0,70.36952312
106,3,0,1,0,0,15.80514633
1008,12,1,1,0,0,67.85781855
1037,8,1,1,0,1,75.68808999
994,12,1,1,1,0,69.16183095
1023,8,1,1,0,0,73.71081847
101,3,0,1,0,0,16.24389641
997,12,1,0,0,1,69.00230359
1025,10,1,0,0,1,74.36234714
1009,6,1,1,0,1,74.21061175
102,3,0,1,0,0,15.8856895
984,9,1,0,0,0,70.178896
92,4,0,0,0,0,16.23697765
107,3,0,1,0,0,15.58976963
99,2,0,0,0,0,19.55335468
973,12,1,1,0,0,62.90026391
1020,12,1,0,0,1,72.33265424
1031,10,1,0,0,0,74.59406656
998,9,1,0,0,0,71.82323085
100,5,0,1,0,0,12.58846064
100,3,0,1,0,0,16.0640206
998,11,1,1,0,0,67.39992901
101,3,0,0,0,0,18.58076817
103,1,0,1,0,0,17.63057917
1006,9,1,1,0,0,71.17496271
113,3,0,1,0,0,15.21389206
978,10,1,0,0,0,68.70538498
96,4,0,0,0,1,17.2221721
99,2,0,1,0,1,17.14276763
1041,9,1,0,0,1,77.77375616
968,13,1,1,0,1,64.05461542
986,7,1,1,0,0,71.23964935
990,7,1,1,0,1,72.35504573
106,3,0,0,0,0,17.90804387
996,6,1,1,0,0,72.6673661
1015,9,1,1,0,0,71.3369553
101,3,0,1,0,0,15.38225338
100,4,0,1,0,0,14.03672293
1005,12,1,0,0,1,71.14134477
986,8,1,1,1,0,71.85353602
1034,12,1,1,1,0,73.73821379
104,3,0,0,1,0,22.89735489
1001,10,1,1,0,0,69.14446099
1004,11,1,1,0,0,68.48658856
93,3,0,1,0,1,16.6924606
972,8,1,1,0,0,67.6750829
998,11,1,1,0,0,67.87768017
94,2,0,1,0,0,16.27165857
1012,14,1,1,0,0,65.79402084
1031,10,1,1,0,1,73.02778798
91,3,0,1,0,0,14.88987688
1023,9,1,1,0,0,72.46768025
1014,9,1,1,0,1,72.13265062
965,10,1,1,0,0,64.45828277
986,11,1,1,0,0,66.85619294
96,2,0,1,0,1,17.07409317
1019,13,1,0,0,0,70.22797401
1000,10,1,0,1,1,94.07824852
98,2,0,1,0,0,16.66526611
95,3,0,1,0,0,14.52633208
1035,7,1,1,0,0,75.90620923
98,2,0,0,0,0,18.53213913
1002,10,1,0,0,0,71.93089135
106,3,0,0,0,0,17.67643539
101,2,0,0,0,0,17.81177362
99,4,0,1,0,0,14.33371927
99,3,0,0,0,1,18.5761987
989,9,1,1,0,1,69.89063488
1020,13,1,1,0,1,69.51503531
1038,11,1,1,0,0,72.57058642
91,2,0,1,0,1,17.56868134
951,7,1,1,0,0,66.05350202
103,3,0,1,0,1,16.30034743
1015,10,1,1,0,0,70.12232742
1042,9,1,1,1,0,77.08834688
996,10,1,1,0,0,68.3905956
999,10,1,1,0,1,70.3348919
97,3,0,0,0,0,17.82455851
1018,11,1,0,0,1,72.874499
1006,12,1,1,0,1,69.33423473
970,11,1,0,0,0,66.36785318
87,2,0,1,0,0,15.84333201
1010,10,1,1,0,1,70.81500564
999,16,1,1,0,0,63.1692057
974,9,1,1,0,1,69.02732643
95,5,0,1,0,1,14.13815847
990,12,1,1,0,0,66.50828247
999,10,1,0,0,0,70.71831237
98,2,0,1,0,1,17.73917749
101,3,0,0,0,1,19.24340989
1009,13,1,1,0,0,67.9300378
96,3,0,1,0,0,15.27599928
1019,13,1,0,0,0,69.74501419
984,8,1,0,0,0,71.07762436
105,4,0,1,0,0,13.18671687
103,3,0,1,0,0,15.33948848
989,9,1,1,0,0,68.81032324
103,3,0,1,0,0,14.70688313
1010,11,1,0,0,0,70.69477451
970,12,1,1,0,1,65.52827795
992,12,1,1,0,0,65.95131891
1013,11,1,1,1,1,73.52100645
104,3,0,1,0,0,16.85597137
102,2,0,1,0,1,18.055537
995,11,1,0,0,0,68.93003894
992,14,1,1,0,0,64.78034892
972,9,1,1,0,0,67.74843645
91,3,0,1,0,0,14.92517951
1023,8,1,1,0,1,73.93124411
1045,7,1,0,0,0,78.74339548
1015,9,1,0,0,1,74.16985776
996,11,1,0,0,1,70.29271457
1012,13,1,1,0,1,68.76040073
1054,8,1,1,0,0,76.49355006
1026,9,1,1,0,0,73.3473982
980,10,1,1,0,1,67.98428648
995,10,1,1,0,1,69.38893934
1002,12,1,0,0,0,68.89766731
102,3,0,1,0,1,16.15775653
1003,10,1,1,0,1,69.86925798
93,2,0,1,0,1,17.35201124
977,13,1,1,0,1,64.98118315
101,3,0,1,0,1,16.26904985
1010,11,1,1,0,0,68.85194473
1005,12,1,1,1,0,69.8069925
991,9,1,1,0,1,69.57232485
109,4,0,1,1,1,17.95757665
106,0,0,1,0,1,19.64146311
95,4,0,1,0,0,14.69893639
1013,14,1,1,1,0,69.6987202
99,4,0,1,1,0,16.72032871
99,3,0,1,0,0,15.98527877
989,11,1,1,0,0,66.38116853
967,9,1,1,0,1,66.86554706
1029,12,1,0,0,1,73.1637261
99,4,0,1,0,0,14.51878441
1006,8,1,0,1,0,96.7573164
1020,9,1,0,0,0,73.81926324
99,3,0,0,0,0,16.84043775
103,3,0,1,0,0,15.57202427
1032,8,1,0,0,0,76.90516925
1004,9,1,1,0,0,70.46987531
1023,7,1,1,0,0,74.64194347
92,3,0,1,0,0,15.38336422
107,5,0,1,0,0,13.54833469
1011,8,1,1,0,1,72.86286203
988,11,1,1,0,0,66.34041469
985,12,1,1,0,0,65.71899339
987,14,1,0,0,0,65.28525181
999,12,1,1,0,1,67.85446271
1000,8,1,1,0,0,70.71403966
985,9,1,1,0,1,70.12035505
103,3,0,1,1,0,18.80047778
1011,11,1,0,0,0,71.19413554
91,1,0,0,0,1,20.06003798
999,10,1,1,0,0,69.6655355
998,10,1,1,0,1,70.23564491
96,3,0,1,0,1,16.54670825
1007,14,1,0,0,0,68.5614617
1009,9,1,1,0,0,71.05596077
103,4,0,1,0,0,14.44676127
1038,10,1,0,0,1,76.09017922
978,11,1,1,0,0,65.35690922
1013,10,1,1,0,0,69.683826
1008,6,1,0,0,0,75.18448836
104,3,0,1,0,1,16.24260238
1025,12,1,1,1,0,73.00030181
960,9,1,1,0,1,68.18440571
957,12,1,0,0,0,63.75836896
105,4,0,1,0,0,14.87410287
1029,11,1,1,0,0,71.40251409
1000,9,1,0,0,0,72.86345299
1009,13,1,1,0,0,66.56035269
982,12,1,1,0,0,64.86362943
980,7,1,1,0,1,71.78548343
991,8,1,1,0,0,70.72971356
955,10,1,1,0,1,65.54926946
1024,13,1,1,0,1,68.8135881
1009,16,1,1,0,1,65.41506774
980,12,1,0,0,1,66.3438259
94,3,0,0,0,0,17.05963186
103,2,0,1,0,0,15.8705368
974,10,1,1,0,0,65.28669136
992,8,1,0,0,0,72.43992169
1015,13,1,0,0,1,70.377826
1025,9,1,1,0,1,73.25793205
1041,8,1,1,0,0,76.04151692
990,10,1,0,0,1,70.22682399
1007,9,1,1,0,1,72.17006137
1012,12,1,1,0,1,68.9273222
101,4,0,0,1,0,20.89768917
1035,12,1,1,0,0,70.88738041
970,8,1,1,0,0,67.87128708
1012,12,1,1,0,0,68.87615096
965,10,1,1,0,0,65.37296532
1001,8,1,0,0,1,73.71598139
995,12,1,0,0,0,68.65592578
1054,9,1,1,1,0,79.02729235
1014,8,1,0,1,0,97.89804579
98,3,0,1,0,0,14.9385992
1049,12,1,1,1,1,76.1777591
988,13,1,0,0,0,66.64867171
978,7,1,1,0,1,70.32459375
99,4,0,1,0,1,16.02345085
97,3,0,1,0,0,15.9748266
979,11,1,1,0,1,66.42306146
988,10,1,1,0,0,68.4584392
978,10,1,1,0,1,67.53578864
108,2,0,1,0,1,17.81940562
1021,9,1,1,0,0,73.30745072
102,3,0,1,0,0,16.08203067
1025,12,1,1,0,0,69.69273321
1022,4,1,1,0,0,77.1276988
983,6,1,1,0,1,72.57302441
997,8,1,1,0,0,70.95495167
984,10,1,1,0,0,66.95513758
98,1,0,0,0,0,19.04339708
1007,11,1,1,0,0,68.02386662
997,13,1,1,1,0,69.10734646
1005,10,1,1,0,0,68.79341693
983,13,1,1,0,0,64.45867727
97,3,0,1,0,0,14.94780578
1011,11,1,1,1,1,72.69919078
965,10,1,0,0,0,67.00808541
103,3,0,0,0,0,18.42050562
991,9,1,1,0,0,69.67117102
1005,12,1,0,0,0,68.5359305
988,11,1,1,0,0,66.59845346
1004,12,1,1,0,1,67.86613136
100,5,0,1,0,0,14.02488404
111,2,0,0,0,0,19.45195729
989,13,1,0,0,1,67.21982746
980,11,1,0,0,0,67.92688283
93,2,0,0,0,0,18.23301776
1038,14,1,1,0,1,69.72215491
95,0,0,1,0,1,18.9538524
997,11,1,1,1,1,71.39989207
99,3,0,1,0,1,16.06613425
1004,6,1,1,0,1,74.15108559
1034,9,1,1,0,0,73.22317093
968,10,1,1,0,0,65.98839356
986,12,1,0,0,0,67.28283205
1011,8,1,1,0,1,73.59978729
83,2,0,1,0,1,17.0738717
997,9,1,1,0,1,70.65673868
1001,7,1,0,0,1,74.88938639
985,10,1,1,0,0,67.9771813
99,4,0,0,0,0,16.46953856
975,6,1,1,0,0,70.64680669
96,4,0,1,0,1,16.35163489
981,8,1,0,0,0,70.91216901
108,4,0,1,0,1,16.43827755
103,2,0,1,0,0,16.06782876
97,4,0,1,0,1,15.61158443
967,12,1,1,0,0,63.93554191
1005,9,1,1,0,0,69.95052097
99,3,0,1,0,0,15.08989669
98,4,0,1,0,0,14.29393577
1045,7,1,1,0,1,78.06987237
100,4,0,0,0,0,16.95269801
1016,10,1,0,0,0,72.62728141
1002,11,1,1,0,0,68.19117464
977,12,1,1,0,0,64.15310874
988,8,1,1,0,1,70.84518058
1046,13,1,1,0,1,73.07618681
996,11,1,0,0,0,69.61342488
1027,8,1,1,0,0,74.47060094
1004,12,1,1,0,0,66.60399697
957,10,1,0,0,0,65.86301735
994,12,1,1,0,1,68.20739506
988,11,1,1,0,1,68.1164492
96,3,0,1,0,0,15.1704362
1032,9,1,0,0,0,75.50210883
1006,10,1,1,0,1,70.14241373
1004,9,1,0,0,0,72.75139627
992,9,1,0,0,1,71.92700108
1019,11,1,1,0,0,70.07773844
1031,10,1,1,0,0,72.3455958
104,1,0,1,0,0,16.95949729
1037,11,1,0,0,0,73.98599354
983,10,1,0,0,0,68.69787468
1005,9,1,1,0,1,71.62866057
972,11,1,1,0,0,64.43368324
105,3,0,1,0,0,15.11598349
997,11,1,1,0,0,67.38152516
1045,12,1,1,1,0,74.59727958
967,8,1,0,0,0,69.79521491
1003,11,1,1,0,1,68.4064152
983,11,1,0,0,0,68.64583962
94,4,0,0,0,0,16.48479874
1019,11,1,1,1,1,74.00375883
105,4,0,1,0,0,13.96659818
1023,11,1,1,0,0,71.02202861
109,2,0,1,0,1,18.59416201
979,12,1,1,0,1,65.05948418
1020,10,1,0,0,0,73.28778552
100,2,0,0,0,0,17.69298458
967,11,1,1,0,0,64.99157487
98,3,0,0,0,1,18.20752798
997,9,1,0,1,0,95.04865744
992,9,1,1,0,0,69.37775929
1009,13,1,1,0,0,66.99747308
945,9,1,1,1,0,66.34796177
1010,11,1,1,0,0,68.96317422
992,11,1,1,0,1,68.35876474
987,10,1,1,0,0,67.77308968
987,9,1,0,0,0,70.4469301
105,4,0,0,0,1,17.97225048
996,9,1,0,0,1,72.68630782
101,1,0,0,0,0,19.5264326
992,7,1,1,0,0,72.24542711
107,3,0,1,0,1,16.43369314
1000,10,1,1,0,0,69.69547114
987,9,1,1,0,0,68.62465104
1017,9,1,1,0,0,71.63827558
979,11,1,0,0,1,68.19942079
106,2,0,1,1,0,19.57321904
102,2,0,0,0,1,20.04120773
987,10,1,1,1,0,70.1792955
1001,6,1,1,0,0,72.75670319
99,5,0,0,0,0,16.09359304
994,8,1,0,0,0,72.51548739
1000,11,1,1,0,1,69.25605498
106,5,0,1,0,0,13.46579541
102,3,0,0,0,1,18.49195593
1008,9,1,1,0,0,70.77750106
1014,13,1,0,0,0,69.66636089
936,12,1,0,0,0,62.07961469
983,10,1,1,0,0,66.98729755
98,4,0,0,0,0,17.17617113
99,3,0,1,0,1,16.35107274
95,3,0,1,0,0,15.49810601
998,9,1,0,0,0,71.52894952
1001,9,1,1,0,0,69.1968382
1002,11,1,0,0,0,69.54643885
1053,12,1,1,0,0,73.73355697
985,10,1,1,0,0,67.89474504
96,2,0,0,0,0,18.56233288
103,3,0,0,0,1,19.44268536
103,1,0,1,0,0,17.68558829
1017,11,1,0,1,0,95.07481293
104,2,0,1,0,0,16.45291938
996,8,1,1,0,0,70.19069719
95,4,0,1,0,0,13.9511628
111,4,0,1,0,0,14.96232848
1002,10,1,1,0,0,67.81020699
101,2,0,1,0,0,16.76047579
1027,10,1,1,0,0,71.95712081
980,8,1,1,1,0,71.75233673
1044,10,1,0,0,0,75.94391192
111,3,0,1,0,0,15.2414465
98,4,0,1,0,0,14.44682142
966,10,1,1,0,0,65.13141666
983,9,1,1,0,0,68.26730996
92,4,0,0,0,0,16.10120254
994,10,1,1,0,1,69.16614973
1022,13,1,1,0,1,70.16569075
1014,10,1,1,0,0,70.36804908
109,3,0,1,0,1,17.00883751
1003,8,1,1,1,0,74.27642791
1008,7,1,1,1,1,77.0130466
100,2,0,1,0,0,16.41632967
987,13,1,0,0,0,66.44050352
1007,11,1,1,0,0,67.81736565
969,10,1,0,1,1,91.45992359
999,11,1,1,0,0,67.99494872
995,11,1,1,0,0,67.31080456
965,8,1,1,0,0,67.84596508
980,12,1,1,1,0,67.85254881
1008,13,1,0,0,0,68.4702294
1024,8,1,0,0,0,75.47907118
982,11,1,1,0,0,66.51592156
1006,12,1,1,0,0,68.08039105
1002,11,1,1,0,0,68.66815353
976,8,1,1,0,0,67.58102627
1002,9,1,1,0,0,70.31863366
1003,13,1,0,0,1,69.11974995
962,9,1,1,1,0,69.25207575
985,9,1,1,0,0,68.44499432
987,10,1,1,1,0,70.45908359
1002,10,1,1,0,0,68.97721713
1019,10,1,1,0,0,70.97300829
1005,8,1,1,0,1,72.92437111
101,4,0,0,0,0,17.28092268
998,8,1,0,0,0,71.90355283
1023,9,1,1,0,1,74.31333989
99,4,0,1,0,1,16.09327135
1017,10,1,1,0,0,70.67281676
1000,12,1,1,0,0,67.1890846
105,1,0,1,0,0,17.78943083
1024,11,1,0,1,1,97.29300677
94,2,0,0,0,1,19.30867991
100,2,0,1,0,0,16.09797907
988,10,1,1,0,0,68.43535038
994,8,1,1,0,1,71.32042053
994,8,1,1,0,0,70.54540818
97,2,0,1,0,1,18.28748343
103,5,0,0,0,0,15.26890887
966,10,1,0,1,0,90.5372217
93,2,0,0,0,0,18.48376526
985,11,1,1,0,0,67.33667282
102,3,0,0,0,1,18.36313571
1009,11,1,1,0,1,70.56815609
1000,14,1,0,0,0,67.08699177
1000,11,1,1,1,1,71.26017435
1006,8,1,1,0,0,72.33537744
1001,10,1,1,0,0,69.38219545
104,2,0,1,0,1,17.65607231
954,14,1,1,0,0,59.20279928
1000,10,1,1,0,0,68.3570564
104,4,0,1,0,0,15.31602904
994,10,1,1,0,0,67.73944158
107,3,0,1,0,0,15.9804856
989,8,1,1,0,0,70.09193891
976,14,1,0,0,1,65.47768024
1030,10,1,1,0,0,72.18107461
995,7,1,1,1,1,75.95470051
96,4,0,1,0,0,14.5147992
993,7,1,1,0,0,71.36296196
995,11,1,1,0,0,66.74885005
988,9,1,0,0,0,70.87228556
998,10,1,1,0,0,67.88641638
1025,9,1,1,0,0,72.66199977
1028,11,1,1,0,0,72.12506502
1016,11,1,1,0,0,69.55645472
1012,11,1,1,0,1,70.20138665
939,11,1,0,0,0,63.10245222
1005,8,1,1,0,1,72.23129185
1018,11,1,1,0,0,69.74308361
1021,9,1,1,0,0,72.67873617
96,4,0,1,0,1,16.09495745
1002,10,1,1,0,0,68.07038574
959,12,1,1,0,0,62.98742784
1006,9,1,1,0,0,71.29898912
1020,11,1,0,0,0,72.05848727
1028,9,1,0,0,1,75.98584268
105,5,0,1,0,1,14.23975226
1019,7,1,1,0,0,73.86691135
97,2,0,0,0,0,18.97518201
96,1,0,0,0,0,19.19058224
1019,11,1,0,0,0,72.25979828
1015,9,1,1,1,0,74.8826932
982,9,1,1,0,0,69.17243071
1009,7,1,1,0,1,74.66393931
1002,10,1,1,0,1,69.86377163
1019,9,1,0,0,1,75.17451333
97,4,0,1,0,0,14.85175062
994,12,1,1,0,0,66.94617011
99,2,0,1,0,0,15.21432551
1028,9,1,1,0,0,72.9504384
990,9,1,0,0,1,72.10963375
96,2,0,1,0,0,16.10488408
1013,10,1,1,1,0,73.68903798
1006,11,1,1,0,1,70.32692915
1007,10,1,0,0,0,71.19005271
961,14,1,1,0,1,62.15450225
103,4,0,0,0,0,15.79736468
997,10,1,1,0,0,68.88964818
1011,14,1,0,0,0,67.68549363
1030,7,1,1,0,0,74.81443593
1002,8,1,0,0,0,72.58245894
961,9,1,1,0,1,66.25665065
93,4,0,1,1,0,17.73379535
986,10,1,1,0,0,67.66949093
1014,8,1,1,0,0,72.16390368
1021,8,1,1,0,0,73.33627536
1009,12,1,1,0,0,68.96037875
110,4,0,1,0,0,14.91511505
95,2,0,1,0,0,16.82837468
1031,9,1,1,0,1,74.24800057
100,2,0,1,0,0,16.38681621
1018,11,1,1,0,0,71.06953853
1013,13,1,0,0,0,70.01886753
986,11,1,0,0,0,68.18575156
994,10,1,1,0,0,68.71411176
976,14,1,1,0,0,62.514492
971,10,1,1,0,1,67.43976068
974,13,1,1,0,0,62.5038057
1017,9,1,1,0,0,72.42663525
999,9,1,0,0,0,71.41179856
95,3,0,1,0,1,16.26815366
968,7,1,1,0,1,69.34867258
97,4,0,0,0,0,16.01548332
1010,10,1,1,0,0,69.91134405
1020,13,1,0,0,0,70.92183736
999,13,1,0,1,0,91.20257308
1032,7,1,1,0,0,74.7101701
106,5,0,1,0,0,13.09422986
983,10,1,1,0,0,67.75799805
977,10,1,1,0,0,66.76886246
964,12,1,1,0,0,63.44220103
98,2,0,1,0,0,16.17247493
993,13,1,1,0,0,65.67379865
1012,12,1,1,0,1,68.93493623
109,3,0,1,0,0,16.32704818
982,8,1,0,0,0,70.77913924
962,7,1,1,0,1,68.27402253
955,10,1,1,0,1,65.59185128
996,9,1,1,0,1,70.61100035
1006,11,1,0,0,1,71.51628356
1002,8,1,1,0,1,72.00164724
1020,8,1,1,0,0,73.11766885
999,11,1,1,0,1,68.2177401
98,2,0,1,0,0,16.10924074
1005,12,1,1,0,1,68.40478188
104,3,0,1,1,0,18.05250113
96,4,0,1,0,0,15.06300101
1002,11,1,1,0,1,70.95039541
96,3,0,1,0,0,16.06126359
97,2,0,1,0,1,17.16898135
969,11,1,1,0,1,65.35720966
1006,13,1,1,0,0,65.75742428
1017,9,1,1,0,0,72.59540624
98,2,0,0,0,0,18.53682265
981,13,1,1,0,0,63.94471371
96,3,0,1,1,0,18.57834714
978,9,1,1,0,1,67.31233133
105,3,0,1,0,0,16.12806612
990,10,1,0,0,0,70.6255577
98,4,0,1,0,0,13.70990419
1014,11,1,0,0,0,70.6210569
1019,10,1,0,0,1,73.91660779
94,3,0,0,0,0,17.43666986
977,11,1,1,0,1,66.34656025
103,2,0,0,0,0,18.37971746
101,3,0,1,0,0,15.9762123
988,8,1,1,0,0,69.28254603
999,10,1,1,1,0,71.46667303
1019,9,1,1,0,1,73.25529445
90,5,0,1,0,0,13.46572463
1007,10,1,0,1,1,96.39898545
994,10,1,1,0,0,68.26984773
1024,12,1,1,0,0,69.68806666
1027,8,1,0,0,0,75.83603515
969,15,1,1,0,0,59.99815757
101,2,0,1,0,1,17.24293597
1019,11,1,1,0,0,69.29040389
1008,8,1,1,0,0,71.71198437
1013,13,1,1,0,0,66.96429081
1005,7,1,0,0,1,75.41294107
977,8,1,0,0,0,69.75823153
980,9,1,1,0,1,68.56086761
98,2,0,1,0,0,16.80262093
971,11,1,1,0,0,65.05485899
972,11,1,1,1,0,67.78656421
1006,14,1,1,0,0,65.91442338
103,4,0,1,0,1,16.18712795
960,8,1,0,0,0,69.04022463
106,3,0,1,0,0,15.44163362
993,13,1,0,0,0,67.1368558
993,11,1,1,0,0,67.51271524
100,1,0,0,0,0,19.64916511
999,11,1,1,0,0,67.5972293
1003,8,1,1,0,0,70.66551805
1019,12,1,1,0,0,68.39125444
1008,12,1,0,0,0,70.15850887
98,2,0,0,0,1,20.07231134
1022,11,1,1,0,0,70.38593574
1009,8,1,1,1,0,75.28414747
997,14,1,0,0,0,66.40096807
978,9,1,1,0,0,67.35923497
1026,9,1,1,0,0,73.10490544
107,2,0,1,0,0,16.16605653
974,10,1,1,0,0,66.02027853
103,2,0,1,0,0,17.64853755
103,2,0,0,0,1,19.30188094
1033,10,1,1,0,1,73.77070323
100,4,0,1,0,1,14.80335184
1012,11,1,1,0,0,69.17771565
105,3,0,1,0,0,15.70037035
982,14,1,1,0,0,63.01145379
93,3,0,1,0,0,15.03636943
1020,7,1,1,1,0,77.24355482
999,11,1,0,0,0,69.80706163
1005,10,1,0,0,1,72.51780085
97,2,0,1,0,0,16.78231316
980,8,1,0,0,0,69.84740452
1009,10,1,0,0,0,72.64993276
963,15,1,0,0,1,62.94334241
1029,9,1,0,0,0,74.91802807
98,2,0,0,0,0,17.99188441
109,3,0,1,1,1,19.94667524
1018,12,1,1,0,1,69.73798214
1023,8,1,1,1,0,76.11370683
99,3,0,1,0,1,15.91031888
96,5,0,1,0,1,14.12699439
103,2,0,1,0,0,17.12819921
996,11,1,1,0,0,67.77155541
1007,10,1,1,0,0,70.20833373
101,6,0,0,0,1,16.0170083
983,13,1,1,1,0,67.50545376
998,11,1,1,0,0,68.3208207
977,10,1,0,0,0,68.63567082
90,6,0,1,0,0,12.8907115
92,3,0,0,1,1,22.55466313
985,13,1,1,0,0,64.77340077
1000,13,1,1,0,0,66.24557061
1018,11,1,0,1,0,95.40361652
985,10,1,1,0,0,66.76264777
993,9,1,1,0,0,69.87008079
100,4,0,1,0,0,14.86167486
109,3,0,1,0,1,16.75530322
1020,10,1,1,0,1,72.45302031
1000,9,1,1,0,1,70.52776404
940,12,1,1,0,1,61.2269689
968,7,1,1,1,0,71.33628105
96,2,0,1,0,1,17.73173305
1004,9,1,0,0,0,72.33012829
100,1,0,1,0,1,18.60067718
962,12,1,0,0,0,64.55825947
974,10,1,1,0,0,65.16992339
991,12,1,1,0,0,66.13905098
1009,9,1,1,0,1,71.99090093
94,2,0,1,0,0,17.17601311
98,4,0,1,0,0,14.47301862
1004,12,1,1,0,1,67.50515968
1013,11,1,0,0,0,71.50587335
990,8,1,1,0,0,69.92364073
1031,8,1,0,0,0,76.04806951
959,10,1,1,0,1,65.34942462
1003,10,1,1,0,0,69.02544642
982,7,1,1,0,0,70.41169057
960,10,1,1,0,1,65.95314097
965,5,1,1,1,1,74.51209274
1004,10,1,1,0,1,69.92077503
958,8,1,0,0,1,69.17895602
1042,10,1,1,1,0,76.66035563
105,2,0,0,1,0,22.82145528
990,14,1,1,1,1,67.5519229
1019,12,1,1,0,1,69.74089033
1045,10,1,1,1,0,77.36804979
1005,15,1,1,0,0,65.52073053
1017,12,1,0,0,0,70.4862076
974,12,1,1,0,1,65.20889623
984,9,1,0,1,1,93.52818103
89,5,0,0,0,1,16.76388579
986,13,1,0,1,1,89.90738802
1002,9,1,0,0,0,71.68279044
1015,12,1,1,0,0,69.25894533
1008,9,1,1,0,0,70.7366687
977,10,1,0,0,0,68.26676953
103,3,0,1,0,0,15.69645275
997,10,1,0,0,0,71.18580845
998,10,1,1,0,0,68.86775761
104,2,0,0,0,1,19.9346571
984,12,1,1,0,0,65.63392575
1000,9,1,1,0,0,70.06707935
1005,10,1,1,0,0,69.90225291
1009,9,1,1,0,1,71.84252324
956,10,1,1,0,0,65.22359207
105,2,0,1,0,1,16.94237687
108,3,0,1,0,0,15.74171518
1001,10,1,0,0,0,70.78071438
994,11,1,1,0,0,67.05526737
100,3,0,1,0,0,15.27277588
1008,10,1,1,0,1,71.05758611
993,13,1,1,0,0,65.520975
982,11,1,0,0,0,68.15276622
98,3,0,1,0,0,16.04801663
979,13,1,1,0,0,63.50540065
1020,9,1,1,0,0,72.71964378
97,2,0,0,0,0,18.01191552
994,6,1,1,0,0,72.0003694
94,3,0,1,0,0,16.40697251
98,4,0,1,0,0,14.76965112
981,10,1,1,0,0,67.67450042
1014,6,1,1,0,0,74.15342932
999,9,1,1,0,0,70.86374173
96,4,0,1,0,1,15.12805245
1003,10,1,1,1,0,72.31990416
981,11,1,1,1,0,68.98687254
1024,13,1,1,0,1,69.75389809
1002,7,1,1,0,1,73.54060377
103,4,0,0,0,0,16.83618887
100,3,0,1,0,0,16.52905848
1002,9,1,1,0,0,70.26725885
1045,10,1,1,0,0,74.03710605
1006,9,1,1,1,1,75.26424606
94,3,0,1,0,1,15.86852092
103,3,0,0,0,1,17.58766469
988,12,1,1,0,0,66.14593043
968,7,1,1,0,0,67.79788463
1033,9,1,0,0,1,76.71711533
993,9,1,1,0,0,70.00207132
1016,5,1,1,0,1,76.46529561
108,4,0,0,0,0,16.75408425
983,12,1,1,1,0,68.8481649
976,11,1,1,0,0,66.01649527
1012,8,1,1,0,0,72.21385177
1041,11,1,1,0,1,73.89993749
1008,6,1,0,0,0,75.45328989
957,8,1,1,0,0,66.2995018
970,9,1,1,0,1,67.70168323
983,13,1,1,0,0,64.46461808
1002,10,1,0,0,0,71.0028526
1005,11,1,0,0,0,69.95534764
1010,10,1,1,0,0,69.7202867
109,3,0,0,0,1,18.65028584
98,3,0,1,0,1,16.05403636
1013,9,1,1,0,0,71.48039217
1018,13,1,1,0,1,69.78912048
984,10,1,1,0,1,68.21870658
1019,10,1,1,0,1,72.90118943
1023,10,1,1,0,0,71.29205789
100,4,0,1,0,0,14.80910413
88,2,0,1,0,0,16.10219826
966,10,1,1,0,0,65.57155568
100,3,0,1,0,0,15.95391423
1038,8,1,1,0,0,75.15806683
103,2,0,1,0,0,15.99019943
1024,9,1,1,0,0,72.83535769
991,12,1,0,0,1,68.9426438
1026,8,1,1,0,1,75.24274479
110,3,0,1,0,0,16.60397276
990,12,1,1,0,0,66.08313039
964,12,1,0,0,0,64.75871576
97,2,0,0,0,0,18.66223241
1026,10,1,0,0,0,73.9917562
104,4,0,1,1,1,19.25824544
983,8,1,1,0,0,68.58323338
108,2,0,1,0,0,16.15127299
1012,10,1,1,1,0,72.72085655
1040,12,1,1,0,0,71.10590181
963,11,1,1,0,0,63.63342012
1014,10,1,1,0,0,70.19325078
995,13,1,0,1,0,90.59869132
95,2,0,1,0,0,16.44723865
1030,11,1,1,0,0,72.14786749
998,11,1,1,0,0,67.87061632
980,7,1,1,0,1,71.2778879
981,11,1,1,0,1,67.18804453
983,10,1,1,1,1,70.46409534
1034,9,1,0,0,0,75.66221594
105,2,0,1,0,1,17.95639816
1047,8,1,1,0,0,76.24358355
970,10,1,0,0,1,68.84889188
98,3,0,0,0,0,18.27298376
1015,9,1,1,0,0,71.76619123
985,10,1,1,0,0,67.69014469
980,8,1,1,0,0,68.59528747
993,9,1,1,0,1,69.98710039
100,3,0,1,1,0,19.5589675
984,8,1,0,0,0,71.36821747
999,10,1,1,0,0,68.63016601
99,4,0,1,0,0,14.93561604
1021,8,1,1,1,1,77.16048329
1041,9,1,0,0,1,77.58923374
1041,8,1,1,1,1,79.32294191
976,11,1,1,0,0,64.58168403
104,2,0,0,1,0,23.51305015
1006,12,1,1,0,0,67.76533841
980,13,1,1,0,1,63.97928263
988,12,1,1,0,1,66.45341866
998,8,1,1,0,0,70.97292416
97,3,0,1,0,0,15.22097077
981,11,1,1,0,0,66.45659601
1000,12,1,1,0,1,68.06928289
1019,8,1,1,0,0,73.36656484
1022,13,1,1,0,0,68.0405487
989,13,1,0,0,1,67.06109132
976,11,1,1,0,0,64.49092493
1011,11,1,1,0,0,69.39550786
1004,14,1,1,0,1,65.3436316
1005,11,1,0,0,0,70.1081068
991,11,1,1,0,0,66.89576287
1020,13,1,1,0,0,69.1973184
985,8,1,0,0,0,71.28183463
992,11,1,1,0,1,67.95412562
1011,13,1,1,0,1,68.483864
1000,8,1,1,0,0,71.25218707
1002,10,1,1,0,0,69.41650485
999,7,1,1,0,0,70.93278802
1012,11,1,0,0,0,71.65580963
981,11,1,0,0,0,68.45424375
968,11,1,0,0,0,66.86348815
966,10,1,1,1,1,68.49715888
1004,12,1,1,0,0,67.28914823
1005,12,1,1,0,0,66.96034469
1003,5,1,1,0,0,73.84214053
97,3,0,1,0,0,15.52634758
1018,9,1,1,0,1,73.24256406
1008,8,1,1,0,1,73.18245901
998,10,1,1,0,0,68.07081876
1027,8,1,1,0,0,73.56387885
961,13,1,1,0,0,61.88382408
991,13,1,0,0,0,68.19089627
997,10,1,1,0,1,70.46449662
1002,12,1,0,1,1,93.45671971
1034,6,1,1,0,0,75.94382365
97,2,0,1,0,0,16.04044493
1038,5,1,1,0,0,78.3668858
993,7,1,0,1,1,96.89277425
999,8,1,0,0,0,73.90606616
1010,9,1,1,0,0,71.44434213
1011,12,1,1,0,0,68.3708661
1049,14,1,0,0,1,73.50762113
1009,11,1,1,1,0,72.53374446
103,3,0,1,0,0,15.33854176
100,3,0,1,0,1,16.3124757
1005,10,1,0,0,0,71.5649402
955,11,1,1,0,1,62.94196677
988,11,1,1,0,1,67.35823374
976,11,1,1,0,0,64.2754714
102,4,0,1,0,0,15.02816699
1018,9,1,1,0,0,72.05909025
992,13,1,0,0,0,67.44465388
991,7,1,1,0,0,70.8250471
106,4,0,1,0,0,14.8786138
964,12,1,1,0,0,63.60660808
993,14,1,1,1,1,68.17771566
986,12,1,1,0,0,64.66827581
1024,8,1,1,0,0,73.71788189
988,10,1,0,1,0,92.32086619
992,12,1,1,0,0,66.66788021
982,11,1,1,0,0,67.24501774
1016,9,1,1,0,1,72.51912466
1021,8,1,1,0,0,72.37903456
99,3,0,1,0,0,14.67850106
1016,12,1,1,0,1,70.49640275
994,11,1,1,0,0,67.89156986
98,4,0,0,0,0,16.70725661
1009,9,1,1,0,0,70.65611659
102,3,0,1,0,0,15.56678291
998,13,1,1,0,1,67.23913456
1019,11,1,0,0,1,73.50066082
1018,9,1,0,0,0,73.94185306
105,3,0,1,0,1,15.76220955
90,3,0,1,0,0,15.08830971
977,8,1,1,0,0,68.5885405
970,11,1,0,1,0,88.42295053
92,3,0,1,0,0,14.79860203
967,8,1,1,0,0,67.2137386
1033,9,1,1,0,0,73.54940077
979,11,1,0,0,0,68.29427206
1035,11,1,0,0,0,73.35547688
979,10,1,1,0,0,67.039859
993,9,1,1,1,0,72.14782833
956,10,1,1,0,0,64.04222835
103,5,0,0,0,0,15.53795808
1004,7,1,0,1,0,97.20278
98,3,0,1,0,1,15.89704271
998,12,1,0,0,0,68.7742852
1019,7,1,1,0,1,75.24751577
1022,12,1,1,0,0,70.5641576
91,5,0,1,0,1,14.82845072
97,3,0,0,0,0,16.9065976
997,7,1,1,0,1,73.40380498
98,3,0,1,0,0,14.86749216
1014,10,1,0,0,1,74.1397989
975,12,1,1,0,0,64.43885426
993,9,1,0,0,0,71.2466856
1020,9,1,0,0,0,73.84200276
993,11,1,0,0,0,69.80749636
105,3,0,1,0,0,15.60101978
989,8,1,1,0,0,69.67094751
1008,14,1,0,0,1,68.49236268
1014,5,1,0,0,0,77.64012355
1018,11,1,0,0,0,72.19217144
958,13,1,0,0,0,62.29109214
1006,11,1,1,0,1,70.58227684
101,2,0,0,1,0,23.43897533
985,11,1,0,0,0,68.18403483
1015,8,1,1,0,0,72.27941062
1006,10,1,1,0,0,69.58695581
981,11,1,0,0,0,66.43444602
1024,9,1,1,0,0,72.37222956
988,11,1,0,0,1,69.89809024
1029,9,1,0,1,0,98.88093497
967,9,1,1,0,0,65.95514287
1004,7,1,1,0,1,72.51815552
1003,11,1,1,0,0,67.59600509
995,10,1,0,0,0,70.69888153
981,11,1,1,0,0,66.01672707
1001,13,1,1,0,0,65.99620209
1010,11,1,0,0,0,70.9825078
1024,11,1,1,0,0,70.64026728
94,2,0,1,1,0,18.99091713
1004,11,1,1,0,0,69.03804346
103,2,0,1,0,0,16.52367601
1005,11,1,1,0,1,69.92492608
105,3,0,0,1,0,22.52622412
108,5,0,1,0,0,13.42995612
1009,11,1,1,0,1,70.21389957
994,9,1,1,0,0,69.93933641
993,8,1,1,0,0,69.50746498
1005,11,1,1,0,0,67.86715517
948,9,1,1,0,0,64.7827195
969,9,1,1,0,0,66.39510538
107,5,0,1,0,0,12.89699814
999,12,1,1,0,0,67.23264327
94,4,0,1,0,0,14.51996227
1000,10,1,1,0,0,68.30509702
1013,12,1,0,0,0,70.60820872
104,4,0,0,0,0,16.51500391
99,2,0,1,0,0,16.68865078
109,3,0,1,0,1,17.21723879
98,5,0,1,0,1,14.40767052
104,4,0,1,0,1,15.39447984
973,11,1,1,0,0,64.53174411
1018,7,1,1,0,1,75.18732951
101,4,0,0,0,0,16.69898094
102,4,0,1,0,0,15.12107449
995,11,1,1,0,0,67.24398678
1021,8,1,0,0,0,75.64892155
989,8,1,1,0,0,69.34666498
1000,13,1,1,0,0,64.92509432
107,3,0,1,0,0,14.68160397
976,12,1,1,0,1,65.95028305
978,12,1,1,1,0,67.44928503
1000,10,1,1,0,1,69.63828542
101,0,0,1,0,0,19.11735928
983,11,1,1,0,0,66.20609438
1007,10,1,1,0,0,69.07097095
962,10,1,1,0,0,64.43207936
1033,8,1,1,0,0,74.66837071
108,4,0,0,0,0,15.59952451
108,4,0,1,0,0,15.01534509
98,2,0,1,0,0,16.19007116
973,11,1,1,0,1,65.06175538
986,13,1,1,0,1,64.84582169
952,9,1,1,0,1,65.39144495
100,2,0,1,0,0,17.48481717
995,5,1,1,0,1,73.68546574
92,5,0,0,0,0,15.3667479
999,9,1,1,0,0,70.06635774
103,4,0,0,0,0,16.2621574
1010,8,1,0,0,1,75.12953574
993,8,1,0,0,0,72.09976521
983,11,1,1,0,0,66.85248659
1016,8,1,1,1,1,77.64793651
1015,10,1,1,0,0,70.98734958
988,9,1,1,0,0,70.5220808
996,14,1,0,0,1,67.18861664
996,8,1,1,0,0,70.76066194
1016,8,1,1,0,1,73.76918479
984,12,1,1,0,0,65.50447426
1024,11,1,1,0,0,69.60183783
966,11,1,1,0,0,64.76008543
104,3,0,1,1,1,19.73587142
101,3,0,1,0,0,15.34669731
93,5,0,1,0,0,12.51224725
101,3,0,1,0,1,16.92278089
995,10,1,0,1,0,93.65758662
1007,9,1,1,0,1,71.42274607
106,1,0,0,0,1,20.12502833
1020,10,1,0,0,0,73.27223919
995,10,1,1,0,0,68.59633111
972,10,1,1,0,0,65.61207986
93,3,0,0,0,0,17.23573984
91,1,0,1,0,1,19.23194645
979,6,1,0,0,0,71.83233245
1015,11,1,0,0,0,71.23874436
996,10,1,1,0,0,68.56547717
975,12,1,1,0,0,64.8252582
102,2,0,0,0,1,19.59067919
997,11,1,0,0,0,69.29543092
987,11,1,1,0,0,66.89411897
1009,9,1,1,0,1,72.02046501
975,8,1,0,0,0,70.44376152
108,2,0,1,0,0,16.67326163
1002,13,1,1,0,0,66.5653035
95,3,0,1,0,1,16.34461405
1002,9,1,1,0,1,71.13667786
1009,11,1,1,0,0,69.17825617
969,8,1,1,0,1,69.17998636
96,2,0,1,0,0,15.84887483
1015,8,1,0,0,1,76.13490689
1005,10,1,0,0,0,71.89981923
979,10,1,0,0,1,68.99250591
1001,9,1,1,0,0,69.38447894
101,3,0,1,0,0,15.29623872
101,4,0,0,0,1,17.30723609
1010,11,1,0,0,0,70.58800661
97,3,0,1,0,0,15.18436072
1009,11,1,0,1,1,95.33325196
1001,7,1,1,0,0,73.19172116
989,15,1,1,0,1,63.90359473
1032,11,1,0,0,0,73.27811277
1006,12,1,0,0,0,70.20954087
1021,12,1,0,0,0,70.81302438
102,3,0,1,0,1,16.28445803
996,11,1,1,0,0,68.00980048
989,10,1,1,0,0,68.34765655
964,10,1,1,0,0,64.90792946
97,2,0,1,0,0,16.81493151
984,14,1,1,0,0,62.31248976
961,7,1,1,0,0,67.37828505
98,3,0,1,0,0,15.70396051
998,11,1,1,0,0,68.07445311
986,9,1,1,0,1,68.4268531
987,7,1,0,0,0,71.7439379
98,3,0,1,0,0,15.18908079
1028,9,1,1,0,1,74.5088026
100,2,0,1,0,0,15.9650084
958,11,1,1,0,1,64.85595277
1018,9,1,1,1,0,74.60046216
94,3,0,1,0,0,15.05006708
989,12,1,1,0,0,66.08686816
95,4,0,1,0,0,15.06043163
947,11,1,1,0,0,63.23758444
993,14,1,0,0,0,66.89167299
1040,6,1,1,1,0,81.07945742
975,8,1,1,0,0,68.92893182
1012,9,1,1,0,0,70.92788842
104,3,0,0,0,0,16.94411133
94,4,0,1,1,0,17.61668202
100,3,0,1,0,0,15.96960091
1041,7,1,1,0,0,76.52664302
996,12,1,1,0,0,65.6343535
1026,11,1,1,0,1,72.79445141
977,10,1,1,0,0,66.72765653
1018,10,1,0,0,0,73.41531468
990,7,1,1,0,0,71.03241673
1022,10,1,0,0,0,73.54668515
993,6,1,1,0,1,73.17613217
992,11,1,1,0,0,67.404302
998,11,1,1,0,0,68.31140178
1015,8,1,1,0,1,72.96193403
1002,10,1,0,0,0,71.20864322
99,2,0,0,0,0,18.11061375
103,3,0,1,0,0,15.59284407
1003,9,1,1,0,0,70.02793569
995,10,1,0,0,0,71.02267368
990,11,1,1,0,0,67.02703521
1004,12,1,1,0,1,68.38037292
970,10,1,0,0,0,68.09988427
103,4,0,1,0,0,13.56599356
1020,9,1,1,0,1,73.39716037
87,3,0,1,0,1,15.13214775
978,10,1,0,1,0,90.79898524
1002,11,1,1,0,0,68.11817859
1014,14,1,1,0,1,67.7372141
107,2,0,1,0,0,17.29762446
982,13,1,1,0,0,64.40974134
1001,9,1,0,0,0,71.44693413
994,9,1,0,0,0,70.87342875
103,4,0,1,0,0,14.42809156
1014,12,1,1,0,0,68.42428401
983,12,1,0,0,0,67.79903636
993,9,1,0,0,0,71.492736
1003,8,1,1,0,1,72.67954375
1004,9,1,1,0,1,71.4469768
1001,12,1,1,0,0,67.37142158
990,9,1,1,0,0,69.03079054
102,3,0,1,0,0,15.63563557
1019,9,1,1,0,1,73.23169237
991,9,1,1,0,0,68.99012257
102,3,0,1,0,0,15.68850091
101,3,0,1,0,0,16.23602501
106,3,0,1,0,0,15.59282456
104,4,0,1,0,1,16.07145576
987,11,1,0,0,1,69.08284936
1004,8,1,0,0,0,73.52179379
982,8,1,1,0,0,69.31183978
958,9,1,0,0,1,67.82672551
984,10,1,1,0,0,66.61750538
95,4,0,1,0,0,14.34797695
1015,9,1,0,0,1,75.23411649
1005,8,1,0,0,0,73.16397432
963,9,1,1,0,0,65.1331059
1021,9,1,1,0,0,71.09366269
976,10,1,0,0,1,69.12704554
91,3,0,0,0,0,17.24257062
1010,12,1,1,0,0,67.19081117
1016,10,1,1,0,1,72.05849173
1001,12,1,1,0,1,67.82491291
99,2,0,1,0,0,15.53564135
993,11,1,1,0,1,68.8771483
999,9,1,1,0,0,71.14854676
97,5,0,0,0,0,15.4322624
1014,9,1,1,0,0,70.55448833
957,9,1,1,0,0,66.24443311
1008,11,1,1,0,0,68.5733958
999,14,1,0,0,1,68.67165183
1000,10,1,1,0,1,70.4035514
992,11,1,1,0,0,67.33105711
102,3,0,1,0,1,16.43009691
1012,8,1,1,0,1,72.62828783
107,2,0,1,0,0,16.19896458
1016,9,1,1,0,0,72.05631798
1020,7,1,0,0,0,75.90451501
103,3,0,1,0,1,16.14260191
1005,11,1,1,0,0,68.21940831
994,12,1,1,1,1,70.30274197
972,12,1,0,0,0,65.51216674
994,11,1,0,0,0,70.01312308
1009,15,1,1,0,0,64.61564755
988,12,1,0,0,0,67.82736797
1013,10,1,1,0,1,71.18670764
965,9,1,1,0,0,65.76036583
996,9,1,0,1,0,93.9385115
104,3,0,0,1,1,23.47681388
1031,9,1,1,0,0,73.12981173
1046,7,1,1,0,0,77.07269477
1031,10,1,1,0,1,73.54630659
104,3,0,1,0,0,15.44942908
102,3,0,1,1,0,17.99540854
989,12,1,0,0,0,67.98893448
965,11,1,1,0,0,63.79119631
1015,9,1,0,1,0,96.50197001
1022,14,1,1,1,1,72.11017116
1027,13,1,1,1,0,71.63858302
979,12,1,1,0,0,65.09857882
1030,13,1,1,0,0,69.2793068
104,3,0,1,1,0,18.25312647
99,3,0,1,0,0,15.90032177
1017,9,1,1,0,1,73.52504704
996,11,1,1,0,0,68.13212197
1038,12,1,1,0,0,71.75191431
991,11,1,1,0,1,67.59586052
982,9,1,1,0,0,67.69143914
989,9,1,1,0,1,70.24822848
104,5,0,1,0,0,13.38922951
1004,9,1,1,1,1,74.83879032
996,12,1,0,0,0,68.45120868
1001,10,1,1,0,1,69.937681
105,4,0,1,0,1,16.3610169
106,3,0,1,0,0,15.56999266
997,10,1,0,0,0,70.27912889
996,13,1,1,0,0,65.93909946
110,3,0,1,0,0,16.88271615
104,1,0,1,0,0,17.44001668
1004,8,1,1,1,0,73.55632192
1024,9,1,1,0,1,73.99182961
976,12,1,1,0,1,65.7463774
103,4,0,1,1,0,16.69913932
89,3,0,1,0,1,16.1299099
1023,13,1,1,0,0,67.90665783
1007,9,1,1,0,0,70.80086453
990,11,1,1,0,0,66.92009972
1017,10,1,1,0,0,71.30792628
100,2,0,1,0,1,17.68728881
1021,10,1,1,0,1,72.46383838
1021,15,1,1,0,1,67.08704652
991,6,1,1,0,0,71.8651064
988,9,1,1,0,1,69.42810644
1014,13,1,1,0,0,66.95631378
1018,12,1,0,1,1,95.69837162
988,11,1,0,0,0,68.78368912
100,3,0,0,0,0,17.11423369
1010,10,1,0,0,1,73.07865131
1003,11,1,1,0,0,67.77479775
1010,12,1,1,0,1,69.57532186
102,4,0,0,0,0,16.87748543
86,2,0,1,1,1,20.89816002
112,2,0,1,0,0,17.73929598
1008,7,1,1,0,0,73.66798006
971,11,1,1,0,0,64.85195967
993,7,1,1,0,0,71.27866103
994,10,1,0,0,0,70.73044939
986,8,1,0,0,1,72.16448849
1002,9,1,1,0,0,70.09669171
1014,8,1,0,0,0,74.4886778
999,9,1,1,0,1,70.85875065
92,3,0,1,1,1,18.644518
98,3,0,0,0,0,17.15611993
100,1,0,1,0,0,17.30157127
98,2,0,1,0,0,16.75352951
989,15,1,0,0,0,64.43055561
1017,9,1,0,0,0,73.75813714
101,3,0,1,0,1,17.19000491
985,9,1,1,0,0,68.4395112
103,3,0,1,0,0,16.05688844
1006,7,1,1,0,1,72.92248835
999,9,1,1,0,0,70.81237603
100,3,0,1,1,0,17.52100604
106,3,0,1,0,1,15.97682613
1028,7,1,1,0,0,74.83821151
1006,13,1,1,0,1,67.0479726
100,3,0,1,0,1,17.00991896
936,9,1,0,0,1,65.90739155
1010,10,1,0,0,0,71.55226726
1051,12,1,1,0,0,73.05708872
1022,7,1,1,0,0,74.10137634
992,11,1,1,0,0,67.17000678
1000,11,1,1,0,0,68.04504186
1017,6,1,0,0,0,76.93022711
101,5,0,1,0,1,14.38088223
977,11,1,1,0,0,65.99149592
963,11,1,1,0,0,64.08328207
105,2,0,1,1,0,18.29324731
967,8,1,1,1,0,70.82495172
1011,11,1,0,0,0,71.13008768
104,2,0,1,0,1,17.40536228
976,10,1,1,0,0,66.29247583
102,3,0,1,0,0,14.59970142
1009,10,1,0,0,1,73.2704869
97,4,0,1,0,0,13.74596671
980,12,1,1,0,0,65.25524934
986,14,1,0,0,1,66.25440654
992,6,1,1,0,0,72.2978753
979,12,1,0,0,1,67.94499558
980,12,1,1,0,1,65.86456489
1047,11,1,1,0,1,75.43747322
100,3,0,1,0,0,15.66900658
100,2,0,1,1,0,18.99852383
101,4,0,0,0,0,16.42215221
995,12,1,1,0,0,67.20348003
1006,11,1,1,0,1,69.31518433
1025,9,1,1,0,0,73.46698735
92,5,0,1,0,1,15.12584464
1018,10,1,1,0,0,71.21741859
974,14,1,0,0,0,64.50659618
985,7,1,1,0,0,70.95412024
100,3,0,0,0,0,18.45195724
995,15,1,0,0,0,65.53012806
999,9,1,1,0,0,69.44111302
97,4,0,1,0,1,15.85391016
970,13,1,1,0,1,63.74580223
966,12,1,1,0,0,62.424269
94,4,0,1,0,0,14.17433409
100,4,0,0,0,1,17.81860533
1013,10,1,1,0,0,70.07953056
1002,15,1,1,0,1,65.11362515
1040,9,1,1,1,1,78.60005011
1012,11,1,1,0,0,69.56930728
976,8,1,0,0,0,69.03206513
102,2,0,0,0,0,18.65146526
1013,10,1,1,1,0,74.57906499
100,3,0,0,0,0,18.20103357
1009,11,1,0,0,0,70.72699325
1018,9,1,1,0,0,72.54814483
1002,15,1,1,0,0,64.25610045
982,9,1,1,0,0,68.32749393
1037,10,1,1,1,1,78.44393733
99,3,0,1,1,1,19.46973128
101,1,0,1,0,0,17.80343335
90,3,0,1,1,0,18.35327057
973,8,1,1,0,1,69.4314691
980,8,1,0,0,1,71.43234556
1001,7,1,0,0,1,75.07621397
1003,15,1,0,0,0,66.94379496
982,7,1,1,0,0,69.89983547
108,4,0,1,0,0,14.14117331
104,3,0,1,0,0,15.40106203
103,4,0,0,0,1,16.90753609
994,9,1,1,0,0,69.7568204
102,4,0,0,0,0,17.01603022
988,9,1,0,0,0,70.46008745
962,12,1,1,0,0,63.4325567
96,2,0,1,0,0,16.49226374
1030,9,1,1,0,0,73.21544446
1000,9,1,1,0,0,70.96352433
99,2,0,1,0,0,17.24354023
965,12,1,0,0,0,65.13717892
1018,9,1,1,0,0,71.24867953
99,3,0,1,1,1,19.13286066
1020,11,1,1,0,0,70.3125387
105,2,0,1,1,0,19.26534638
1018,13,1,0,1,0,93.52927188
979,13,1,1,0,0,64.86022014
102,3,0,1,0,1,16.24494864
96,4,0,1,0,0,14.98251574
1037,11,1,0,0,0,75.06877674
1045,10,1,0,0,0,76.73821009
993,8,1,1,0,0,70.35516547
100,4,0,1,0,0,15.43039867
993,11,1,1,0,1,67.74200676
1008,13,1,1,0,0,66.82883348
997,9,1,1,0,0,69.05578685
1017,12,1,1,0,0,68.62229548
1024,9,1,1,0,0,71.52703372
102,5,0,1,0,0,13.56304748
1011,11,1,1,0,0,68.88393862
980,11,1,1,0,1,66.80573501
99,3,0,1,0,1,17.0090061
1020,9,1,0,0,0,74.44687049
1036,11,1,1,0,0,72.2293939
955,13,1,0,0,1,64.35899134
1002,11,1,1,0,0,69.31885804
95,3,0,0,0,0,17.21961519
1028,10,1,1,1,0,74.69155833
97,4,0,1,0,1,14.89894319
982,10,1,1,0,0,66.68886556
1014,8,1,1,1,1,76.53760883
970,12,1,1,0,1,64.08816426
94,4,0,0,0,0,16.18568113
976,10,1,1,0,0,66.35840523
1012,12,1,1,0,0,68.27985478
992,11,1,1,0,1,68.58368577
1005,13,1,0,0,1,69.0737658
100,3,0,1,0,0,14.48132581
1025,11,1,0,0,0,73.35930246
1013,11,1,1,0,0,69.08175249
96,1,0,1,0,0,16.5609241
998,9,1,1,0,0,70.51375434
105,4,0,1,0,1,15.48085595
999,11,1,1,0,0,68.03998163
970,9,1,0,0,1,69.57255888
986,13,1,1,0,0,64.81066576
991,10,1,1,0,0,68.25666849
1047,8,1,1,0,1,77.81782183
1024,8,1,1,0,0,73.37747601
981,6,1,0,0,0,72.90667306
966,10,1,1,0,0,64.96474488
96,2,0,1,0,0,17.36834655
971,9,1,1,0,1,67.71460406
1006,8,1,1,0,0,71.53996087
970,10,1,1,0,0,65.44175238
986,9,1,1,0,1,69.39000898
97,4,0,0,0,0,16.60765855
975,11,1,0,0,0,66.81294125
993,9,1,1,0,0,69.31098676
988,10,1,0,0,0,69.10247524
1015,9,1,0,0,0,73.7329207
999,13,1,1,0,0,65.66581113
1001,9,1,1,0,0,70.23974832
990,14,1,1,0,1,65.15572553
997,8,1,0,0,0,72.78611848
995,10,1,0,0,0,70.23382164
1014,12,1,1,0,0,68.6839551
999,9,1,1,0,0,69.64894218
996,9,1,0,0,0,71.16140094
996,10,1,1,0,0,68.58533758
1011,10,1,1,0,0,70.35683955
96,3,0,1,0,0,15.68311931
985,9,1,1,0,0,68.38925928
958,11,1,1,0,0,63.21427584
962,11,1,1,0,0,63.20479026
105,3,0,1,0,0,15.43358761
1032,10,1,1,0,1,73.96174663
1011,12,1,1,0,1,69.18409837
99,4,0,0,0,1,17.39645627
96,3,0,1,0,0,15.63194
982,8,1,0,0,1,71.77311006
104,3,0,0,0,0,17.59500694
99,4,0,1,0,0,14.5570604
996,11,1,1,0,0,66.57457329
104,5,0,0,0,0,14.43520734
986,10,1,0,0,0,69.35707551
987,9,1,0,0,0,69.21491378
102,4,0,1,0,0,14.35738055
1024,9,1,0,0,0,74.46639859
99,3,0,1,0,1,16.98429366
989,8,1,0,0,1,72.86406439
103,3,0,0,1,0,22.58098683
1024,10,1,1,0,1,72.91283
102,3,0,1,0,0,15.02097638
100,3,0,1,0,0,15.07728542
985,9,1,1,0,0,67.58079192
1019,12,1,1,0,1,70.59894889
96,2,0,0,0,1,18.62897315
1015,7,1,1,0,0,73.37656954
994,13,1,1,0,0,64.98027838
990,10,1,1,0,0,67.81977539
1019,6,1,1,0,0,75.23777062
1020,11,1,0,0,1,73.58373567
104,3,0,1,0,1,15.89009528
981,11,1,1,0,0,65.95594384
107,2,0,0,0,1,19.90938332
1023,10,1,1,0,0,71.37794218
1005,12,1,1,0,1,68.83925291
1027,10,1,1,0,0,72.46431387
97,2,0,1,0,0,16.86983951
1006,9,1,1,0,1,71.36936896
105,3,0,1,1,1,19.09546106
101,3,0,1,0,1,16.30325175
113,3,0,0,0,0,16.91905897
1003,14,1,1,0,0,66.04975572
1040,12,1,1,0,0,71.44409856
972,12,1,1,0,0,63.68462089
1044,9,1,0,0,0,76.30169842
1011,11,1,1,0,0,68.47927195
993,12,1,0,0,0,68.54167421
1022,8,1,1,0,1,74.07870296
1004,10,1,1,0,0,69.35949077
1029,9,1,1,0,0,74.23041171
1005,15,1,1,0,0,63.7345808
1008,9,1,1,0,0,71.60941753
988,4,1,1,0,1,73.24939204
1016,8,1,0,0,1,76.66231169
98,3,0,1,0,1,16.42861819
109,2,0,1,0,0,16.98438712
1017,11,1,1,0,0,70.281507
972,13,1,1,0,0,63.02019546
1028,9,1,1,0,0,72.86549983
1003,6,1,1,0,0,73.4774832
969,9,1,0,1,0,90.9358546
1048,13,1,1,0,0,71.81369458
980,8,1,1,0,1,70.42917262
986,10,1,1,0,0,67.67557496
97,4,0,1,0,1,15.65674166
1009,9,1,1,0,0,71.01559367
983,12,1,1,0,0,64.61076405
993,6,1,1,0,0,72.37268045
983,9,1,0,0,1,71.62837025
92,1,0,0,0,1,19.73083821
102,2,0,1,0,1,16.58789534
1026,9,1,1,0,0,73.60757405
106,2,0,0,0,0,18.41980563
1023,6,1,1,0,0,75.85904154
984,10,1,0,0,0,69.37576816
993,8,1,1,0,0,70.4786556
1008,12,1,1,0,0,67.99568405
1002,11,1,0,0,0,70.3523038
981,9,1,0,0,0,70.49208595
1019,10,1,0,0,1,74.34091723
999,10,1,1,0,0,67.80305389
1006,14,1,1,0,0,65.80717287
1011,9,1,1,0,0,71.45199021
1006,9,1,0,0,0,72.59959373
97,3,0,1,1,1,18.6875009
969,9,1,1,0,0,66.70604557
961,7,1,0,0,1,71.1540394
106,3,0,1,0,0,16.47693579
97,2,0,1,0,0,15.97900829
985,8,1,1,0,0,70.77171925
97,1,0,0,0,0,18.96736351
101,1,0,1,0,0,17.04568028
1008,10,1,1,0,1,70.68033708
984,12,1,0,0,0,67.63340913
994,12,1,1,0,0,66.32059334
97,5,0,1,0,0,14.78379944
106,3,0,1,0,1,15.62981968
96,3,0,1,0,0,15.67438701
971,12,1,0,0,1,66.23454773
1008,10,1,1,0,1,71.3798328
977,8,1,1,0,1,69.80096738
964,12,1,1,0,0,63.26267272
1006,6,1,1,0,0,73.76510311
103,2,0,1,0,1,17.35515539
978,8,1,1,0,0,68.63864609
969,10,1,1,0,0,65.66202378
995,10,1,0,0,1,71.83528021
980,13,1,0,0,0,66.07247271
963,9,1,0,0,1,69.13534371
1010,10,1,1,0,0,70.73248009
942,9,1,1,0,1,65.3308526
104,4,0,0,0,0,16.55487403
949,10,1,0,0,1,66.5362444
104,3,0,0,0,1,18.94399894
1013,11,1,0,0,0,71.7512272
100,2,0,1,0,0,15.63338482
102,4,0,1,0,0,15.74990658
985,14,1,1,0,1,64.56184623
1000,11,1,1,0,0,67.91368759
1014,9,1,1,0,0,71.0987188
1003,10,1,1,0,0,69.68634705
1013,10,1,0,0,0,72.30810044
106,3,0,0,0,0,17.21954863
997,10,1,0,0,1,72.60770946
990,11,1,1,0,0,67.18682839
1020,6,1,1,0,0,75.4248013
1014,10,1,1,0,0,70.79026778
97,3,0,0,0,0,17.73094149
95,3,0,1,0,0,15.96965979
100,3,0,1,1,1,19.4525177
1012,12,1,0,0,1,71.04368492
989,11,1,1,0,1,67.22373997
100,2,0,0,0,0,18.96973691
1000,8,1,1,0,0,70.79323325
1040,13,1,1,0,0,70.02567671
96,3,0,1,0,1,16.10831302
101,3,0,0,0,0,18.14601128
1018,9,1,1,0,0,71.82665929
109,3,0,1,1,0,17.54396326
969,6,1,1,0,0,70.78840189
1003,8,1,1,0,0,70.88625291
977,9,1,1,0,1,69.04205196
990,9,1,1,0,1,69.66870622
1027,11,1,1,0,1,71.67380024
109,3,0,1,0,0,16.06428602
95,3,0,1,0,0,14.5647022
994,10,1,1,0,1,69.0575432
98,4,0,0,1,1,22.47576583
988,9,1,0,0,0,69.66772668
972,11,1,1,0,1,65.61115053
1006,10,1,0,0,1,72.54609996
990,9,1,1,1,0,72.15050528
98,4,0,1,0,0,14.04092107
99,4,0,1,0,0,14.91955675
96,5,0,0,0,0,15.70960861
998,7,1,0,0,0,74.39562893
94,4,0,0,0,0,15.90103556
95,1,0,0,0,1,20.28285485
998,8,1,1,0,1,72.06956995
979,13,1,1,1,0,66.79785342
988,11,1,1,0,0,66.66592947
104,4,0,1,0,0,13.52728356
976,11,1,0,0,0,67.82356528
103,4,0,0,0,0,16.13901432
998,7,1,1,0,0,72.12951431
1011,8,1,1,0,1,73.3282152
1008,12,1,0,0,1,70.6172987
984,7,1,1,0,1,70.94209639
1018,9,1,0,0,1,75.66366939
991,10,1,1,0,1,69.03089128
1001,11,1,0,0,0,70.85497291
97,3,0,0,0,0,16.81613834
1036,14,1,1,0,0,68.96942553
967,8,1,1,0,0,67.22614882
1019,11,1,1,0,1,70.9702549
1015,11,1,1,0,1,69.88066293
105,3,0,1,0,0,15.04699999
1008,9,1,1,0,0,71.09665651
1001,13,1,0,0,1,69.93741223
989,8,1,1,0,0,69.68246781
110,2,0,0,0,1,19.33273379
1021,10,1,1,0,0,71.63299472
103,3,0,1,0,1,17.1549753
106,4,0,1,0,1,15.86050845
1011,11,1,0,0,0,72.02679349
1016,11,1,1,1,1,73.57747846
1031,7,1,1,0,0,75.81335739
90,4,0,1,0,1,15.36897058
1016,9,1,1,0,0,71.79664991
97,4,0,0,1,0,21.02203818
997,15,1,1,0,1,64.75523916
987,12,1,0,0,1,67.74323057
99,2,0,1,0,1,18.25842746
1025,5,1,0,0,0,79.64780213
1018,9,1,0,0,0,74.49500549
976,11,1,1,0,0,65.80021034
102,4,0,1,0,0,14.92568032
105,4,0,1,0,0,14.09102981
100,0,0,1,0,0,18.86575647
108,3,0,0,0,0,17.75783058
1008,7,1,1,0,0,72.68211466
1000,8,1,0,1,1,97.12493864
99,3,0,1,0,0,16.03758664
1008,12,1,0,0,0,70.4944606
990,11,1,0,0,1,69.89098502
998,7,1,0,0,0,73.48484876
1026,12,1,1,0,1,71.62648011
1017,6,1,1,0,0,74.58565622
95,3,0,1,0,0,14.75945617
999,8,1,1,0,0,70.59782728
1016,9,1,1,0,0,70.7463364
995,12,1,1,0,1,67.56379034
972,11,1,0,0,0,67.95943892
998,12,1,0,0,1,69.51962284
99,3,0,1,0,1,16.94798293
954,11,1,1,0,1,64.19383082
94,3,0,0,0,1,17.85764037
100,4,0,1,1,0,18.07450793
1019,14,1,1,0,0,67.6451251
1012,7,1,1,0,0,73.43624969
992,8,1,1,0,0,69.38988316
1021,11,1,1,0,0,70.39706828
99,2,0,1,0,0,16.44684214
1001,12,1,1,0,0,67.3889399
100,3,0,1,0,0,15.77450834
1011,11,1,1,0,0,70.04847047
1025,10,1,1,0,0,71.91502243
1001,9,1,1,0,0,71.27915462
987,10,1,1,0,1,69.06870347
1005,13,1,0,0,0,68.97302342
964,11,1,1,0,1,64.03306413
999,13,1,0,0,1,69.16086075
996,10,1,1,0,0,68.50596498
94,4,0,1,0,1,15.26161249
107,3,0,1,0,0,15.00023048
974,9,1,0,1,1,92.86377282
1003,14,1,0,0,0,67.53686484
998,11,1,1,0,0,67.75863237
993,10,1,1,0,0,68.18317259
1012,12,1,1,0,1,69.67757419
999,9,1,0,0,1,72.67239944
1009,11,1,0,0,0,71.38416407
964,11,1,1,0,0,64.12597852
968,10,1,1,0,0,65.47493558
1006,11,1,0,0,0,70.87531838
1002,6,1,0,0,0,75.6223848
1039,8,1,1,0,1,76.53224045
1006,12,1,1,0,0,67.61831913
1001,8,1,1,0,0,71.31546453
105,2,0,0,0,1,19.35206481
1009,10,1,1,0,0,69.88700033
956,12,1,1,0,0,62.67414927
981,10,1,1,0,0,66.79538234
981,10,1,1,1,0,69.71089781
1006,13,1,1,0,0,65.53832723
1037,9,1,1,0,0,74.67690073
97,4,0,1,0,0,14.85960879
103,4,0,1,0,1,15.44007671
103,4,0,1,0,0,15.21590114
100,2,0,1,0,0,16.63555508
968,8,1,1,0,0,67.88016134
1017,9,1,1,0,0,72.64857006
95,2,0,1,0,1,17.10510239
100,4,0,1,0,1,15.90819607
1008,10,1,0,0,0,72.02994
99,2,0,1,0,0,16.22592502
1014,8,1,1,1,0,75.77313897
1005,6,1,0,0,0,74.24119174
991,12,1,0,1,0,90.77441426
991,9,1,1,1,0,72.54469882
981,10,1,1,0,0,67.34724415
1032,13,1,0,0,1,72.15849887
98,2,0,1,0,0,16.37839633
1018,16,1,0,0,1,68.37437072
1006,9,1,0,0,0,72.52902733
104,5,0,1,0,0,12.63847623
974,10,1,1,0,1,66.94393878
102,4,0,1,0,0,14.49668319
988,10,1,1,0,0,66.77335329
1009,8,1,0,0,0,73.99105474
1023,11,1,1,0,0,70.72036593
981,8,1,1,1,1,72.81086263
89,4,0,0,0,1,17.44321948
1022,9,1,1,0,1,72.51206954
997,11,1,1,0,1,68.4720504
105,4,0,1,0,0,14.77427252
90,2,0,1,0,1,17.79592764
101,2,0,1,0,0,16.52333605
102,4,0,1,0,0,14.57574439
99,4,0,1,0,1,15.46880485
97,4,0,1,0,0,13.94419098
969,9,1,1,0,0,66.26219072
1007,12,1,1,0,0,69.05036046
1019,11,1,1,0,0,70.17269487
1016,9,1,0,0,1,74.91088542
995,10,1,1,0,0,69.01317581
1018,8,1,1,0,0,73.89732078
95,2,0,0,0,0,18.22523008
1003,11,1,1,0,0,68.82609424
103,4,0,1,0,0,13.85496081
992,10,1,0,0,1,70.53581654
1026,10,1,1,0,0,71.75341446
978,8,1,1,0,1,70.07423403
1008,8,1,1,0,0,71.67820169
980,9,1,1,0,1,68.62851581
99,2,0,1,0,0,16.50890512
988,10,1,0,0,0,70.30795149
986,10,1,1,0,0,67.33443143
1024,10,1,1,1,1,75.43516084
972,11,1,1,0,1,66.46107921
1010,9,1,1,0,0,71.45397994
995,10,1,1,0,1,69.2768692
988,10,1,1,0,0,68.04773436
1016,7,1,1,0,0,74.98810891
959,12,1,0,0,0,64.32493879
989,8,1,1,0,0,70.96717609
106,4,0,1,0,0,14.38928655
967,10,1,1,0,0,65.54463042
1007,10,1,1,0,1,70.94619356
102,4,0,1,0,0,14.99491499
1011,8,1,1,0,1,73.06261298
1007,8,1,0,0,0,73.39645648
100,4,0,1,0,0,14.28492537
102,2,0,0,0,0,18.23063856
103,3,0,1,0,0,15.6978367
93,2,0,0,0,1,19.19983428
1020,12,1,0,0,0,71.49898899
1018,9,1,1,0,0,72.3467655
988,14,1,1,0,0,63.37531358
99,3,0,0,0,1,19.03054544
1020,10,1,0,0,1,73.87022511
103,4,0,0,0,0,17.04721109
982,11,1,1,0,1,66.99397008
103,4,0,1,1,0,16.75599118
977,10,1,0,0,1,69.7968038
85,4,0,0,0,0,15.88013439
1008,13,1,1,0,0,66.73427655
98,3,0,0,0,1,18.52962615
100,1,0,0,0,0,20.8431549
1009,13,1,1,0,0,66.03309496
1010,11,1,1,0,0,69.25619132
1026,9,1,1,0,1,73.99295301
103,3,0,0,0,0,16.8275539
994,11,1,0,0,1,70.17485473
974,8,1,0,1,0,93.2625379
1025,9,1,1,1,1,77.00177847
96,2,0,1,0,1,17.10224091
99,3,0,0,0,1,18.94513215
999,9,1,1,0,0,69.47778857
94,4,0,0,0,0,15.32019117
100,2,0,1,0,0,16.86756711
994,7,1,1,0,0,70.97820463
996,11,1,1,0,0,67.06034355
104,4,0,0,0,0,16.07002331
106,4,0,1,1,0,18.15531927
970,11,1,1,0,0,64.67322508
1029,9,1,1,0,1,74.35025624
997,9,1,1,1,0,72.42443358
1009,10,1,0,0,1,73.2793578
999,9,1,1,0,0,70.35513568
1008,11,1,1,0,0,68.59584559
967,9,1,1,0,0,66.56062143
98,4,0,1,0,1,14.64317066
94,3,0,1,1,0,18.06497147
980,12,1,0,0,1,67.06261196
1000,11,1,1,0,1,70.44396251
101,4,0,0,0,0,16.81774032
1009,11,1,1,0,0,68.71146348
984,9,1,1,0,0,68.42487568
997,6,1,1,0,0,72.79107779
990,12,1,1,0,1,67.01186009
953,8,1,1,0,0,65.76959213
107,3,0,1,0,0,16.39013041
1050,10,1,1,0,1,75.79684903
1020,7,1,1,0,0,73.5838138
999,6,1,0,0,0,75.33956122
1000,15,1,1,0,1,65.39376015
1010,10,1,1,0,1,71.07779664
103,4,0,0,0,0,16.26608837
1012,13,1,1,1,0,71.06340565
966,11,1,1,0,0,64.55152891
1040,9,1,1,0,0,74.5026464
1005,9,1,1,0,1,72.70981303
995,11,1,1,0,0,67.88786584
1004,12,1,1,0,0,67.38203951
986,8,1,1,0,0,69.35047267
107,2,0,0,1,1,24.65993505
994,11,1,1,0,0,67.17907918
981,13,1,1,0,0,63.98488843
1039,11,1,0,0,1,75.05011487
981,8,1,1,0,0,68.31198862
972,9,1,1,1,0,70.30771566
100,3,0,1,0,0,14.23421658
998,12,1,1,0,0,66.63024152
100,2,0,0,0,0,18.23929051
1003,7,1,1,0,0,72.01893093
1008,5,1,0,1,0,100.2432108
1018,11,1,1,0,1,70.44373267
1003,7,1,1,0,0,72.66754376
95,2,0,1,0,0,16.64808605
93,2,0,1,0,0,15.9295525
104,3,0,0,0,0,17.59845618
1000,9,1,1,0,0,70.95224118
97,3,0,1,0,1,17.03180845
999,10,1,0,0,0,70.15387093
989,10,1,1,0,0,68.28895348
1000,8,1,0,0,0,73.51899665
987,12,1,1,0,1,65.96426885
105,3,0,1,0,0,15.98331857
95,3,0,1,0,0,15.25309321
1005,10,1,1,0,0,69.84536513
95,0,0,1,0,0,18.81241452
999,9,1,0,1,0,94.86071729
1010,11,1,1,0,0,68.64235805
1010,4,1,1,1,0,79.39789538
1020,7,1,1,0,1,75.0703541
102,3,0,0,0,0,18.06834206
1003,11,1,0,0,0,69.66369178
107,3,0,1,0,0,14.89003228
1020,11,1,1,0,0,70.10659504
987,10,1,1,0,0,67.28482484
98,4,0,0,0,0,16.36223727
96,4,0,1,0,1,15.68750684
1003,6,1,1,1,0,76.09772086
108,3,0,0,0,0,17.4834754
986,9,1,1,0,0,68.17818051
1019,9,1,0,0,0,74.25912122
1029,5,1,0,1,1,103.1410207
1028,11,1,1,0,0,71.27383483
997,11,1,1,0,0,67.46757621
981,9,1,0,0,0,70.54137891
100,3,0,1,0,1,16.26000026
999,8,1,1,0,1,72.24749443
96,3,0,1,0,0,15.06457232
991,12,1,0,1,1,91.97982267
1000,9,1,0,0,0,71.89860624
999,7,1,1,0,0,72.17110421
100,5,0,1,0,1,14.86127292
1011,12,1,0,0,0,69.78180148
94,2,0,1,0,1,16.8713656
1001,11,1,1,0,0,68.3589972
104,3,0,1,0,0,15.42075814
104,3,0,1,0,0,16.279488
102,2,0,1,0,0,17.20445187
995,8,1,1,0,0,70.66824984
1032,10,1,1,0,0,72.43390309
993,8,1,0,0,1,72.72129294
108,3,0,1,0,0,15.76213823
109,1,0,1,0,0,17.34356791
982,10,1,0,0,1,70.1199289
106,4,0,1,0,1,14.16997676
1020,13,1,0,0,0,70.09776334
94,3,0,0,0,0,17.25383324
106,2,0,1,1,1,21.0798281
1003,11,1,1,0,0,67.94918415
1043,14,1,1,0,0,70.4223018
1029,9,1,0,1,0,99.1728936
1023,8,1,1,0,0,73.84691356
1025,11,1,1,0,0,70.5665025
972,10,1,1,0,0,66.37740028
1024,9,1,1,1,0,75.42318528
987,10,1,1,0,0,67.38401501
105,3,0,1,0,0,15.32022459
93,4,0,0,0,0,17.25777415
989,12,1,0,0,0,67.15365969
100,2,0,1,0,1,17.53852804
1002,8,1,1,1,0,74.2584114
1003,15,1,1,0,1,64.14092252
985,6,1,0,0,0,74.22432356
989,12,1,1,0,0,66.25710072
100,4,0,1,0,1,15.59555867
996,11,1,1,0,0,67.17748899
988,13,1,1,0,0,63.84388732
986,10,1,0,0,1,70.89847111
96,3,0,1,0,0,16.04971362
1017,8,1,0,1,0,97.78973199
997,11,1,1,0,0,68.13236654
104,3,0,1,0,1,16.68162355
970,10,1,1,0,0,66.25553242
970,10,1,1,0,0,65.5780122
1018,11,1,1,0,0,70.2890981
1001,9,1,1,0,0,70.82716068
98,4,0,0,0,1,17.31843639
982,11,1,1,0,0,65.43360202
97,5,0,1,0,0,15.12138708
1005,7,1,1,0,0,72.45632553
102,2,0,1,0,0,17.14905315
94,4,0,1,0,0,13.359553
1008,11,1,0,1,1,95.70035989
995,10,1,1,0,0,68.66751309
994,12,1,1,0,0,66.60349585
996,12,1,1,0,1,67.15593609
977,12,1,1,0,1,65.67711063
1006,9,1,1,0,0,70.71539765
106,3,0,1,0,0,16.93764343
999,8,1,1,0,1,72.69759429
954,8,1,1,0,1,66.26559615
980,8,1,1,0,0,68.03565053
96,3,0,1,1,1,19.91772145
1019,11,1,1,0,0,69.86571134
957,12,1,0,0,0,65.03855954
997,10,1,1,0,0,69.00462555
991,9,1,1,0,1,69.71329968
97,3,0,1,0,0,14.62994003
105,4,0,0,0,0,16.17205737
1020,8,1,1,0,0,73.17107304
977,11,1,1,0,0,65.75517805
999,13,1,1,0,0,65.59272974
1022,12,1,0,0,1,72.76621003
1013,10,1,1,0,0,71.17878559
96,3,0,1,0,0,15.94985534
106,4,0,0,0,0,17.17169731
988,9,1,1,1,0,72.2888973
996,6,1,1,0,1,73.79474138
992,8,1,1,0,1,71.47697791
1008,13,1,0,0,0,68.77928352
96,5,0,0,0,1,16.43720728
1009,10,1,1,0,0,70.39293092
1010,11,1,0,0,1,71.44921055
102,3,0,1,0,0,15.06952526
1030,12,1,0,0,0,72.27077739
1003,6,1,0,0,0,74.74686302
974,10,1,0,1,0,90.6606611
93,4,0,1,0,0,13.57452603
107,5,0,1,0,0,13.01612865
105,2,0,0,0,1,18.8479715
995,10,1,1,0,0,69.29120025
107,3,0,1,0,0,15.90547853
97,3,0,1,0,1,15.82160034
986,8,1,1,0,1,71.11398938
91,2,0,1,0,0,16.58900643
102,2,0,1,0,1,17.72835623
99,4,0,1,0,0,14.06769859
1059,14,1,0,0,0,74.15358894
103,4,0,0,0,0,17.23157926
90,3,0,1,0,1,16.60901061
1026,15,1,1,0,0,67.22123529
1010,11,1,1,0,1,70.46748717
88,2,0,0,0,0,18.77524523
983,10,1,1,0,0,67.78652031
100,4,0,1,0,1,15.12234883
1004,11,1,1,0,0,67.9932022
982,10,1,1,0,1,67.15209444
1010,7,1,1,0,0,73.21700138
1026,10,1,0,0,1,74.06599532
103,4,0,1,1,1,18.22060637
1004,9,1,0,0,1,72.92179493
100,4,0,1,1,1,18.52460223
1001,8,1,1,0,0,70.99435104
970,10,1,0,0,0,67.20350332
99,3,0,1,0,0,15.73315626
95,3,0,1,0,0,15.96799232
1001,9,1,0,0,1,72.72880323
103,2,0,0,0,0,18.20046067
1039,13,1,1,0,1,71.35826648
99,5,0,1,0,1,14.34605896
109,2,0,0,1,1,25.00247852
88,2,0,1,0,0,15.60339492
978,12,1,1,1,0,67.43708059
1007,8,1,1,1,0,74.87462744
952,14,1,1,0,0,59.27961821
1021,13,1,0,0,0,70.32436246
102,3,0,1,0,0,15.97066974
94,3,0,1,0,0,15.1849144
997,12,1,0,1,1,92.47275901
1000,9,1,1,0,1,71.37691629
104,2,0,1,0,0,16.04227313
995,12,1,0,0,0,69.35507063
979,11,1,1,0,0,65.75227303
989,11,1,0,0,0,69.67329342
98,4,0,1,0,1,15.03745612
1008,12,1,1,0,1,69.51753608
998,10,1,1,0,0,68.77280264
1006,13,1,0,0,0,69.00499866
996,8,1,0,0,0,73.4436236
1001,12,1,1,0,0,66.91751883
965,9,1,1,0,0,65.80324573
1051,11,1,1,0,0,73.68122349
980,11,1,1,1,0,68.95285778
98,3,0,1,0,0,16.2060082
992,8,1,1,0,1,70.99236198
984,7,1,1,1,0,73.73294238
1007,10,1,1,0,0,69.95412682
1029,10,1,0,0,0,74.13928568
91,4,0,1,0,1,15.47253009
97,3,0,0,0,0,16.85166251
98,2,0,1,0,1,18.17663599
103,3,0,0,0,1,19.16349382
1002,9,1,0,0,0,72.54223548
93,2,0,1,0,1,17.00693296
104,4,0,0,0,0,16.54656292
99,3,0,1,0,0,15.04574989
1015,10,1,1,0,0,71.09000242
998,8,1,1,0,1,72.16607281
966,9,1,0,1,1,91.67286758
955,8,1,1,0,0,66.30328301
1000,7,1,0,0,0,74.15068526
1018,10,1,1,0,0,72.16257709
991,9,1,1,0,1,69.68279911
103,3,0,0,0,0,18.23652551
100,3,0,1,0,0,16.01630112
993,9,1,1,0,0,69.17871445
1017,10,1,1,0,0,71.14563189
1002,10,1,1,1,1,73.29846598
100,3,0,1,0,1,16.05033831
980,15,1,1,0,0,61.46788608
1003,13,1,1,0,1,67.09093506
986,10,1,1,0,0,67.45459863
1032,12,1,1,0,0,69.87346972
983,11,1,1,0,0,66.39753821
984,11,1,0,0,0,67.76210115
1007,10,1,1,0,0,69.76737484
977,10,1,1,0,0,66.10224366
100,2,0,1,0,1,16.60144165
107,3,0,1,1,0,19.51200442
95,2,0,0,0,0,18.38666007
1003,11,1,0,0,0,69.25883287
985,12,1,0,1,0,91.17014283
108,3,0,1,0,0,15.27330251
1003,12,1,1,0,0,66.76424169
1019,9,1,0,0,1,74.63336746
992,8,1,1,0,0,70.61130488
100,3,0,1,0,0,15.83964594
981,13,1,0,0,1,67.2932243
100,3,0,1,0,0,14.68373693
996,9,1,1,1,0,72.27135614
998,9,1,0,0,0,71.15108954
98,2,0,1,0,0,16.09771035
101,3,0,1,0,0,15.59616804
94,4,0,0,0,0,15.80213431
1043,16,1,0,0,0,69.5797515
101,2,0,0,0,0,17.43225015
977,9,1,1,0,1,68.17672172
1010,11,1,1,0,1,70.7340794
94,1,0,0,0,0,19.60668876
977,12,1,1,0,0,63.64465205
97,3,0,1,0,1,15.92858636
91,4,0,1,0,0,13.70515722
1009,11,1,1,0,1,70.26428858
1025,10,1,1,0,1,72.53878468
1083,10,1,1,0,0,77.66243004
97,4,0,1,0,0,14.46265615
107,3,0,1,0,1,16.76661012
1008,10,1,1,0,0,69.85539298
950,12,1,1,0,1,62.73994777
91,4,0,1,0,0,14.31268255
1000,13,1,1,0,1,66.88414191
1005,12,1,1,0,1,68.61448703
94,3,0,0,0,1,18.9762863
95,4,0,0,0,0,15.56971222
1012,11,1,0,0,1,72.76379655
96,2,0,1,1,0,19.80747521
1038,11,1,1,0,0,71.93018384
93,1,0,1,0,0,18.09268532
995,14,1,1,0,0,64.3413459
1016,8,1,1,0,0,72.86352314
996,9,1,1,0,1,70.39355286
96,1,0,1,0,1,18.36228393
971,7,1,1,0,0,67.91506996
93,4,0,1,0,1,14.82085602
99,4,0,0,0,0,17.01489719
977,10,1,1,0,0,66.0486874
972,11,1,0,0,0,67.03303793
1003,10,1,1,0,0,69.52466926
1010,8,1,1,1,0,75.70315131
993,11,1,1,1,0,70.78740308
106,2,0,1,0,0,17.10318145
96,1,0,1,1,0,20.02804696
1007,10,1,1,0,0,69.96741868
1016,8,1,1,0,1,74.95323599
102,2,0,1,0,1,17.70190444
990,12,1,1,1,0,69.47010132
97,3,0,0,0,1,18.36397053
1000,10,1,1,0,1,69.97326106
99,5,0,1,0,0,13.52845891
1024,10,1,1,1,0,74.44905362
1039,11,1,0,0,0,74.54670464
104,3,0,0,0,1,18.26698635
1033,10,1,1,0,1,74.42597492
93,4,0,0,0,0,16.30509162
101,3,0,1,0,0,15.17771206
98,2,0,1,0,0,16.10185229
987,8,1,1,0,0,69.72535671
102,2,0,0,0,0,19.0387251
105,4,0,1,0,1,15.67184411
968,9,1,1,0,0,67.05000139
111,2,0,1,1,0,20.03872625
106,3,0,1,0,0,16.04399814
1032,11,1,1,0,1,73.05075937
94,3,0,1,0,0,15.66986703
978,4,1,1,0,1,73.76775183
109,2,0,1,0,0,16.21302903
99,4,0,0,0,0,16.53642757
91,3,0,1,0,0,14.7397566
1024,8,1,0,0,0,75.33026775
110,2,0,0,0,1,19.86088758
107,2,0,1,1,0,20.11453345
97,2,0,0,0,0,19.09844348
1013,9,1,1,0,1,72.58935114
111,3,0,1,0,0,15.82664255
107,3,0,0,0,1,18.60582757
108,3,0,1,0,0,16.34932121
958,9,1,0,0,0,67.72252767
1007,11,1,1,0,1,69.86612675
989,12,1,0,0,0,68.77807981
98,4,0,0,0,1,17.78052606
1003,11,1,0,0,1,70.80757851
93,3,0,0,0,0,17.68229305
1016,10,1,1,0,0,70.73474613
1008,10,1,1,0,1,70.36218364
1026,9,1,1,0,0,72.74094046
102,1,0,1,0,0,17.23568238
103,2,0,0,0,1,19.52127667
985,12,1,1,0,0,64.87240076
99,5,0,0,0,0,15.26070841
1030,11,1,1,0,0,70.42073263
990,8,1,0,0,1,72.22479273
103,4,0,0,0,0,16.56423479
103,2,0,1,0,1,16.9324518
998,11,1,1,0,1,69.2662789
1000,10,1,0,0,0,71.26893772
991,10,1,1,0,0,67.95787496
105,4,0,1,1,0,17.82174213
991,11,1,1,0,1,67.54014363
1025,11,1,0,0,1,74.34061879
988,11,1,1,0,0,67.02887708
1037,13,1,1,0,0,69.87717404
959,12,1,1,0,1,62.45787646
1024,7,1,1,0,0,74.29097951
1022,11,1,1,0,0,70.82711573
88,3,0,0,0,0,17.8042297
1005,9,1,1,0,1,70.62932738
95,3,0,1,0,0,15.72089207
963,9,1,1,0,1,66.27542692
105,4,0,0,0,0,17.1946094
106,4,0,1,0,1,15.77357905
991,7,1,0,0,1,74.45683516
1023,10,1,1,1,0,74.54226197
1009,12,1,0,0,0,69.97874153
1029,12,1,1,0,0,70.05283251
1019,7,1,1,0,0,74.33255264
96,2,0,1,0,0,16.16688235
999,8,1,1,0,1,71.82313455
998,10,1,1,0,1,70.39277967
1022,7,1,1,1,0,78.27051533
984,9,1,1,0,1,69.96952737
988,9,1,1,0,0,68.362267
1004,8,1,1,0,1,72.53373079
1017,12,1,1,0,1,69.85403282
1010,12,1,1,0,0,67.8805966
99,3,0,0,0,0,17.79392627
951,11,1,0,0,0,64.43691405
110,1,0,1,0,1,18.29432517
1038,12,1,1,0,0,72.17529205
105,4,0,1,0,0,14.8996614
1019,9,1,0,0,0,73.71654084
100,4,0,1,0,0,14.00714638
961,10,1,0,0,1,67.78496437
989,11,1,1,0,0,66.8122885
989,10,1,1,0,0,67.81894334
111,1,0,1,0,0,17.42933545
105,2,0,1,0,0,16.53841659
993,8,1,1,0,0,70.04561525
1026,12,1,1,0,1,70.42052864
103,3,0,1,0,0,16.00623979
1010,7,1,1,0,0,72.88998244
103,2,0,1,0,0,17.30045309
97,2,0,1,0,0,16.26004108
995,14,1,1,0,1,65.66414925
983,11,1,0,0,0,68.01021775
968,7,1,1,0,1,69.66328676
96,5,0,1,0,0,13.0949806
959,4,1,1,1,0,74.0942619
1008,8,1,1,0,0,72.51731314
968,11,1,1,0,0,64.9705414
984,8,1,0,1,0,94.18484324
990,9,1,0,0,1,73.05811199
996,9,1,0,0,0,71.88592267
101,3,0,1,0,0,15.03848636
1014,11,1,1,0,1,69.89798371
976,11,1,1,0,1,66.70412045
1018,9,1,1,0,0,71.46093977
990,10,1,1,0,0,68.92418026
104,2,0,1,0,0,16.00839517
992,12,1,1,0,0,65.91330779
98,2,0,1,1,0,18.77389423
1007,11,1,1,0,1,69.55724527
987,7,1,1,0,0,70.23495699
989,6,1,0,0,0,74.01353723
1021,9,1,1,0,1,73.16885624
1025,9,1,1,0,1,73.73880973
991,12,1,1,0,0,65.7248238
987,7,1,0,0,0,73.00738913
1016,9,1,1,0,0,71.80142193
1003,9,1,1,0,0,69.80069433
968,11,1,0,0,1,67.84399719
1022,6,1,0,0,0,78.37391111
1033,9,1,0,0,0,76.11426702
1026,10,1,0,1,1,98.68882294
1000,10,1,1,0,1,69.41318681
1023,12,1,1,0,0,70.27793501
100,2,0,1,0,0,15.8624799
101,2,0,0,1,0,24.08410482
103,3,0,1,0,0,15.10139903
1000,13,1,0,0,0,67.77554849
971,9,1,1,0,0,67.13574506
986,9,1,0,0,0,69.12764313
992,11,1,0,0,0,68.26363849
1012,11,1,1,0,0,68.69865977
1008,11,1,1,0,0,69.60812056
997,8,1,1,0,0,70.89797655
1029,11,1,1,0,0,70.79431982
1012,10,1,0,0,0,72.33126722
984,7,1,0,0,1,73.75671215
985,11,1,1,0,1,67.7791229
1021,10,1,0,0,0,73.19247499
980,10,1,1,0,1,67.7310799
982,9,1,1,0,0,67.69225624
1008,5,1,1,0,0,76.1592418
107,4,0,0,0,1,17.97057526
989,11,1,1,0,0,66.79776685
1009,7,1,0,1,0,97.93248601
1003,11,1,1,0,0,68.16196245
92,3,0,0,0,0,17.5457908
988,13,1,1,0,0,64.26314011
95,1,0,1,0,0,17.85705305
99,2,0,1,0,0,15.6177689
982,10,1,0,0,0,69.59914383
932,10,1,1,1,0,64.84589959
1018,10,1,0,0,0,72.03146742
1006,8,1,0,0,0,73.95690719
1009,9,1,1,0,0,70.22446433
1021,11,1,0,0,0,72.48335038
1007,12,1,0,1,0,92.26016454
999,10,1,1,0,0,68.46462261
1021,10,1,1,0,0,71.52799193
96,4,0,0,0,0,16.36602306
100,5,0,1,0,1,14.21232676
98,2,0,0,0,0,18.19596715
993,5,1,0,0,0,75.19842506
998,12,1,1,0,0,66.56809378
978,10,1,1,0,1,67.29323604
1023,7,1,0,0,0,76.84850527
95,3,0,1,0,0,15.27158015
1008,12,1,1,0,1,68.50876821
95,5,0,1,0,0,12.81224279
1014,10,1,1,0,0,70.15232011
1004,10,1,1,1,1,73.21489465
980,14,1,1,0,1,63.80743307
998,9,1,0,0,0,71.93875218
1010,9,1,1,0,0,71.27340433
993,11,1,1,0,0,66.82404723
987,11,1,0,0,0,68.89537975
993,8,1,1,0,1,71.01819415
1010,10,1,0,0,0,72.56145668
1015,8,1,1,0,0,72.18261827
94,5,0,1,0,1,14.28158373
982,11,1,1,0,0,65.85704868
95,4,0,1,0,0,15.21243413
100,2,0,1,0,0,16.16796638
1039,8,1,1,0,1,76.45662725
94,4,0,1,0,1,15.26460114
1033,12,1,1,0,0,71.56762919
96,2,0,1,0,1,16.2734723
1008,11,1,0,0,0,70.27871582
93,4,0,0,0,0,16.60364196
1002,12,1,0,0,0,68.89649043
981,9,1,1,0,1,68.62707414
1009,11,1,1,0,0,69.01596237
1006,8,1,1,0,0,71.85851448
101,3,0,1,0,1,16.63562565
108,4,0,1,0,1,15.07662839
101,2,0,0,0,0,18.73945101
971,12,1,1,1,1,67.77810318
1002,9,1,0,0,0,71.67962069
1007,12,1,1,0,0,68.49321342
997,6,1,1,0,0,72.55153241
1038,13,1,1,0,1,70.22290477
1004,9,1,1,0,0,70.14192044
989,11,1,1,0,1,67.95290099
991,9,1,1,0,1,70.22883683
100,4,0,1,0,1,16.48566744
93,2,0,1,0,0,15.66639057
1019,12,1,0,0,0,71.34345722
1055,6,1,1,0,0,79.02621123
1009,8,1,1,0,0,71.71894864
108,1,0,1,0,0,17.46671907
102,1,0,1,0,0,18.1128038
976,12,1,1,0,1,65.22902878
980,13,1,1,0,1,64.27930404
950,10,1,1,0,1,64.2204567
1001,10,1,0,0,0,72.08988734
967,9,1,0,0,0,68.22949205
1021,10,1,1,0,0,71.18450472
93,3,0,1,0,1,15.43107717
1019,8,1,0,0,0,75.17576318
102,2,0,1,0,0,16.2530904
103,2,0,1,0,1,17.63236827
100,2,0,0,0,1,19.7783369
967,11,1,0,0,0,66.75021601
981,10,1,1,0,1,68.57774316
990,12,1,0,0,0,67.66129075
987,10,1,1,0,0,67.45827757
1000,10,1,0,0,1,72.52180169
967,10,1,0,0,1,68.70316914
959,7,1,0,0,0,69.22977043
1009,9,1,0,0,1,73.93188115
976,11,1,1,0,1,66.80758724
113,4,0,1,0,1,15.59203305
1020,8,1,1,0,0,72.5228319
1002,8,1,1,0,0,70.17147982
1014,13,1,1,0,1,68.95154065
999,9,1,1,0,0,69.47676018
94,4,0,1,0,1,16.00261345
92,4,0,1,0,0,14.34421211
996,11,1,0,0,0,69.65189882
1015,8,1,0,0,1,76.25388757
102,4,0,1,0,1,15.35188582
104,3,0,0,0,0,19.21036319
980,10,1,0,0,0,68.99284306
1015,12,1,0,0,0,71.06772488
1007,8,1,1,0,0,72.30122954
1006,10,1,0,0,0,71.15654814
1014,8,1,1,0,0,72.83684944
1046,9,1,1,0,1,76.41613454
1024,8,1,0,0,1,76.53368588
1039,9,1,0,0,0,75.89212292
102,3,0,1,0,0,15.71626
985,7,1,1,0,0,69.98340309
95,2,0,0,0,0,18.02523733
995,11,1,1,0,0,67.05654168
100,4,0,1,0,0,14.23405049
995,9,1,0,0,0,71.56773238
98,2,0,1,0,0,17.01989662
949,9,1,1,0,0,64.26469859
1023,8,1,1,0,1,75.11591664
983,11,1,0,0,0,67.74724937
1009,7,1,1,0,1,75.27991545
983,14,1,1,0,0,62.47044322
987,11,1,0,0,0,68.00970439
106,4,0,1,0,0,14.31375754
104,4,0,0,0,1,16.93601588
993,8,1,1,0,1,71.61027455
94,4,0,1,0,0,14.21658394
105,4,0,1,0,0,14.63638684
108,3,0,1,0,0,15.84424766
989,13,1,1,1,0,68.53442451
1022,9,1,1,0,0,72.81706403
97,3,0,0,0,0,17.48837699
998,8,1,1,0,0,70.80957322
1013,10,1,1,0,0,70.81686443
986,10,1,1,0,0,67.51521995
108,2,0,0,0,0,18.53254728
98,2,0,1,0,0,16.63141078
1015,11,1,0,0,0,71.53456869
1005,11,1,1,0,1,69.76794358
100,5,0,1,0,0,13.77582703
962,10,1,0,1,0,89.09719308
100,2,0,0,0,0,18.97761493
1044,12,1,0,0,0,73.47103378
1011,14,1,1,0,0,66.55097639
997,13,1,1,1,0,68.85915923
103,4,0,1,0,0,14.8889223
1013,12,1,0,0,0,70.10949539
1009,11,1,1,0,0,68.39773226
98,2,0,0,0,0,19.26701692
95,1,0,0,0,0,19.62617378
1004,9,1,1,0,0,70.258913
1013,8,1,1,0,0,72.08414077
96,4,0,0,0,0,17.13071372
1014,9,1,1,0,0,71.47085098
996,13,1,1,0,1,66.38615464
1004,10,1,0,0,1,72.53267526
984,11,1,1,0,0,66.33450947
99,4,0,0,0,1,17.73366871
103,3,0,0,0,0,18.15413352
99,4,0,1,0,1,15.42883411
99,4,0,0,0,1,16.63282921
1003,7,1,1,0,0,71.71802804
960,9,1,1,0,0,66.13309712
1020,12,1,0,1,0,94.14340945
959,7,1,0,0,0,69.49335409
1021,10,1,1,0,0,72.08333863
1035,11,1,1,0,0,72.25551995
98,4,0,1,0,0,14.44935459
1023,14,1,1,0,1,68.31428431
89,5,0,1,0,0,13.46614975
97,4,0,1,0,1,15.8642617
996,5,1,0,0,0,75.42062664
1006,12,1,0,0,0,69.91697128
107,3,0,0,0,0,17.40856347
994,11,1,1,0,0,66.83860137
983,14,1,1,0,0,62.75835646
98,3,0,1,0,1,16.75360654
1042,11,1,0,0,1,76.00977965
970,9,1,1,0,1,67.9787653
987,10,1,0,1,0,93.02049212
99,3,0,0,0,1,18.57951103
996,8,1,1,0,0,70.06473724
96,5,0,1,0,0,12.60466245
977,10,1,1,0,0,67.2481948
1004,11,1,1,0,1,68.88780936
977,10,1,1,0,0,66.57590256
1006,12,1,0,0,0,69.56586023
996,11,1,1,1,0,70.92776587
1017,8,1,1,0,0,71.84698658
98,3,0,0,0,0,17.21318921
950,10,1,1,0,0,64.05660896
1023,8,1,0,0,0,75.75752557
107,3,0,0,0,0,17.07234544
104,2,0,1,0,0,16.48478849
986,13,1,0,1,0,88.64823417
92,2,0,1,0,0,15.75660306
99,4,0,0,0,0,16.33534155
992,11,1,1,0,0,67.28724053
1009,11,1,0,0,0,71.23930494
1023,11,1,1,0,0,70.65041193
1007,8,1,0,0,0,73.27687323
1045,10,1,1,0,0,73.46742173
977,7,1,1,0,1,70.66572983
1007,10,1,1,0,0,69.66136114
99,2,0,1,0,1,16.61992675
950,14,1,1,0,1,60.10445071
1010,11,1,0,0,0,71.22337824
1011,12,1,0,0,0,70.04861424
97,3,0,1,0,1,15.39723191
99,4,0,1,1,0,17.58898005
1019,11,1,1,0,0,70.39419542
968,12,1,1,0,0,63.00124825
1068,10,1,1,0,0,76.91080437
93,2,0,1,1,0,18.6136405
980,10,1,1,0,0,67.28434848
998,9,1,1,1,0,72.39690609
1025,12,1,1,1,1,73.95324797
104,4,0,1,0,0,13.26304516
98,2,0,1,0,0,16.94072794
97,2,0,1,0,1,18.02326644
1019,10,1,1,0,1,72.38571454
1048,11,1,0,0,0,74.66211345
996,10,1,1,0,1,68.82099983
1039,12,1,1,0,1,72.35683682
99,4,0,0,1,0,22.02307561
99,2,0,1,0,0,16.40342051
996,13,1,1,0,0,66.3184556
1023,11,1,1,0,0,70.00624669
972,10,1,1,0,0,65.97074388
1031,12,1,0,0,0,73.107819
104,4,0,1,0,0,13.98737458
106,5,0,0,1,0,20.68921864
1000,10,1,0,0,1,72.75320628
972,8,1,1,0,1,68.99164431
999,15,1,1,0,0,64.21807341
1017,11,1,1,0,0,69.99012783
1026,10,1,1,0,0,71.45054512
92,3,0,1,0,1,17.06055481
995,8,1,1,0,0,69.91908634
1014,9,1,1,0,1,72.22838891
99,5,0,1,0,0,14.18896627
1030,12,1,1,0,0,69.65025344
971,13,1,1,0,0,62.89290525
987,10,1,1,0,1,68.15566262
1013,10,1,1,0,0,70.12764722
1021,11,1,1,1,1,74.67174222
1042,11,1,1,1,0,75.9003785
978,13,1,0,0,1,67.3638082
1008,10,1,1,0,0,71.07182665
103,3,0,1,0,1,16.541927
1016,13,1,0,1,1,93.45012794
1011,8,1,1,0,1,73.51875111
98,3,0,1,0,0,15.10693072
103,2,0,1,0,1,18.33541442
995,12,1,1,0,1,67.31956869
986,7,1,0,0,1,74.53989234
1006,12,1,0,0,0,68.89382531
1001,9,1,1,0,1,70.24688153
985,8,1,1,1,0,72.83525622
98,4,0,0,0,0,16.15439871
1015,8,1,0,0,1,76.26869061
978,10,1,1,1,1,70.6268692
103,3,0,0,0,1,18.69976658
1020,12,1,1,0,0,68.37456771
1047,7,1,0,0,1,79.5063502
1007,10,1,0,0,0,71.51166947
1014,12,1,1,0,0,69.01880842
989,8,1,1,0,0,69.86444213
1030,11,1,1,0,0,70.96117422
100,4,0,0,0,0,15.98344307
102,4,0,1,1,1,18.66107048
1006,9,1,1,0,1,71.84013768
97,4,0,1,0,0,15.05863522
996,10,1,1,0,0,67.73904326
96,4,0,1,0,0,14.57887817
95,4,0,0,0,1,17.50880387
980,10,1,0,0,1,69.43410922
983,9,1,1,0,0,68.5260646
95,4,0,1,0,0,14.60360252
97,4,0,0,0,1,17.28228374
1033,11,1,1,1,0,74.52016269
110,3,0,1,0,0,14.93970223
1006,11,1,1,0,0,69.18217004
1036,8,1,0,0,1,79.10581443
992,10,1,1,0,1,68.32937867
1011,8,1,1,0,0,72.56498785
986,11,1,1,0,1,67.50408689
94,3,0,0,0,1,17.54785356
1010,7,1,0,0,1,76.32546351
961,6,1,1,0,0,68.54275962
102,4,0,1,0,0,13.87563351
1006,12,1,0,0,0,69.46209437
1032,11,1,1,0,0,71.16951118
94,3,0,1,1,0,18.75131812
988,12,1,1,0,0,65.18650185
96,3,0,1,0,1,16.10790506
1009,9,1,1,0,0,70.83381208
101,2,0,1,1,0,18.62751908
1006,7,1,1,0,0,73.30062224
971,11,1,1,0,0,64.13065902
998,9,1,1,0,0,70.14579472
998,12,1,1,1,0,70.18991384
1018,11,1,0,1,0,95.1554388
1011,9,1,0,0,0,74.36900396
1007,10,1,0,0,1,72.28458984
998,10,1,1,0,1,69.69129207
1000,9,1,0,1,0,95.11718874
980,11,1,1,0,1,66.47919728
99,3,0,1,0,1,16.25740524
993,9,1,1,0,0,68.71181934
100,3,0,1,0,1,16.30756484
992,13,1,1,0,0,64.16324165
1023,11,1,1,0,1,71.78473026
1005,10,1,1,1,0,72.75586109
976,10,1,1,0,0,66.01945571
969,8,1,0,0,0,69.84663325
99,4,0,1,0,1,15.1795464
100,4,0,1,0,0,14.29088927
981,13,1,0,0,0,66.0535786
114,2,0,1,0,0,17.94539995
1021,7,1,0,0,0,75.46640196
1036,11,1,1,0,1,73.16049737
104,2,0,1,1,0,19.08101479
1031,9,1,1,0,1,74.29848242
988,8,1,1,0,1,70.54403889
1000,13,1,0,0,0,67.04506718
990,11,1,1,0,1,67.95257027
991,11,1,0,0,0,68.45894738
999,13,1,1,1,0,68.50585792
980,8,1,1,0,0,69.29451899
105,3,0,1,0,1,16.26519935
95,2,0,1,0,0,17.62761024
1008,9,1,0,0,0,72.32233864
1016,9,1,1,1,0,75.28200893
96,4,0,1,0,1,16.09035129
106,3,0,1,0,0,15.84060343
1019,13,1,1,0,0,68.50395215
1006,10,1,0,0,0,71.3261397
1012,13,1,1,0,0,66.93662469
107,2,0,1,0,0,16.87339453
1032,7,1,1,0,0,75.50566293
997,8,1,0,0,0,72.64329687
108,2,0,0,0,0,18.88422158
1016,7,1,1,0,1,75.60512953
1000,13,1,0,0,1,69.3043654
1000,14,1,0,0,0,67.12322643
1009,8,1,0,0,1,75.22506071
1006,13,1,1,0,0,66.91790436
956,14,1,1,1,1,64.72314759
982,6,1,1,0,0,70.89969505
1038,9,1,1,0,0,74.82814571
103,3,0,1,0,0,15.02469348
90,5,0,0,0,1,16.43951731
105,3,0,0,0,1,18.56369433
1004,14,1,0,1,0,90.21855928
99,4,0,0,1,1,23.02915225
1002,9,1,0,0,0,71.94890149
973,9,1,1,0,0,66.69940175
998,10,1,0,0,1,71.35988948
1028,12,1,1,0,1,71.13815113
97,3,0,1,0,0,15.29621898
964,10,1,1,0,0,64.36352089
1007,10,1,0,0,0,71.7471294
104,3,0,1,0,1,16.32609729
101,2,0,0,0,0,17.5122014
98,3,0,1,0,0,14.98335115
101,3,0,1,0,0,15.92248843
87,3,0,1,0,0,14.67387044
991,8,1,1,0,0,69.96404135
987,11,1,1,0,0,67.28770913
982,9,1,1,0,0,68.28699951
1006,11,1,0,1,1,94.82004282
999,11,1,0,0,0,70.64208985
1009,14,1,0,1,0,90.74775134
1003,11,1,1,0,0,68.32131094
1013,7,1,1,0,0,75.00195628
1009,6,1,1,0,1,76.53877765
1004,7,1,1,0,0,72.78086086
92,2,0,1,1,0,19.7104298
990,11,1,1,0,1,68.36286219
985,10,1,1,0,1,68.70415872
992,6,1,0,0,0,73.16015139
1010,10,1,0,0,1,73.73872133
993,8,1,1,0,1,71.27909296
1010,11,1,0,0,0,71.80582546
106,4,0,0,0,0,16.60271879
954,9,1,1,0,1,66.56623769
962,7,1,0,0,0,69.9290287
988,13,1,1,0,0,64.87312422
992,9,1,1,0,1,70.04347294
98,2,0,0,0,1,18.73797892
995,11,1,1,0,0,67.41642552
991,11,1,0,0,0,68.38685052
1012,11,1,1,0,0,69.35769654
1005,10,1,0,0,0,72.45971033
1013,10,1,0,0,0,72.50298958
1023,9,1,1,1,1,76.14434719
993,10,1,1,0,0,67.94542178
1013,8,1,0,0,1,75.34653886
1005,9,1,1,0,1,71.43035972
971,11,1,0,0,0,67.04686423
88,2,0,1,0,0,15.54612743
101,2,0,1,0,0,16.22977899
1003,12,1,1,0,0,67.41479997
969,7,1,1,0,1,70.26968428
100,1,0,0,0,1,20.26322145
106,4,0,1,0,1,15.29572567
98,3,0,1,1,0,18.12623517
1012,11,1,0,1,0,94.36743545
91,3,0,1,0,0,15.72227149
989,11,1,1,0,0,66.59113574
988,7,1,1,0,0,71.47281285
1000,9,1,1,0,0,70.2805237
99,4,0,1,0,0,15.16183039
1002,11,1,1,0,0,68.65096997
1013,13,1,1,0,0,67.59568311
1010,13,1,1,0,1,68.46134565
1012,15,1,1,0,0,64.94047663
994,7,1,1,0,0,71.03736852
109,3,0,0,0,0,17.22069502
1032,14,1,0,0,0,70.52667588
965,9,1,1,0,0,66.05404882
975,16,1,1,0,0,60.83919263
985,13,1,1,0,0,64.19811125
984,10,1,1,0,0,67.18001884
993,9,1,1,0,0,69.04152141
993,7,1,0,0,1,74.26974641
1001,10,1,1,0,1,69.91484431
992,13,1,1,0,1,65.85046061
1003,11,1,1,0,0,67.43586711
973,12,1,1,0,0,64.4804983
955,12,1,0,0,0,63.57592745
991,11,1,1,0,0,67.19931242
993,9,1,0,0,1,72.26344453
986,13,1,1,0,0,63.95896156
102,3,0,0,0,0,17.05376981
107,2,0,0,0,0,19.25711792
973,5,1,1,0,0,70.37210745
993,7,1,1,0,1,71.83178339
973,11,1,0,1,0,89.47707936
97,4,0,0,0,1,17.55781962
1009,8,1,1,0,1,73.8013648
964,11,1,1,0,0,64.05060455
983,8,1,0,0,1,71.18140346
982,9,1,1,0,1,68.80673407
1009,9,1,0,0,1,73.5918256
96,4,0,1,0,1,15.93103067
1003,10,1,0,1,0,93.9937613
1012,13,1,0,0,0,69.15175696
996,11,1,1,1,0,70.14376766
105,2,0,1,0,0,16.25106895
92,2,0,1,1,0,19.32540405
989,12,1,1,0,0,65.50111479
1027,13,1,0,1,0,94.20423228
980,10,1,1,0,0,66.63128962
989,8,1,1,0,0,70.34563716
99,2,0,1,1,0,19.08674346
995,11,1,1,0,0,68.28150716
991,9,1,1,1,1,72.76413577
988,10,1,1,0,1,69.47924958
99,3,0,0,0,0,16.38342081
97,3,0,0,0,1,19.37891188
107,2,0,1,0,0,16.44968255
1001,9,1,0,0,0,72.66677267
1003,9,1,0,0,0,72.39147088
101,0,0,0,0,1,21.37273466
1001,11,1,1,0,0,67.81646008
953,8,1,0,0,0,68.3428107
1019,10,1,1,0,0,71.46799871
1014,13,1,1,0,0,67.79551049
1003,12,1,0,0,0,68.25872018
994,12,1,1,0,0,66.441238
991,8,1,0,0,1,72.3173383
982,11,1,0,0,0,67.66358114
1008,10,1,0,0,0,72.06470327
981,8,1,1,0,1,70.32455782
100,5,0,0,0,0,15.01528205
100,1,0,1,0,0,17.18069479
1028,8,1,1,0,0,73.77779566
99,4,0,0,1,0,21.07565759
982,10,1,1,0,1,67.98435837
1009,8,1,1,1,1,75.22853948
99,2,0,1,0,1,17.71614373
1023,9,1,0,0,0,74.45504725
1008,10,1,1,0,0,69.39892352
102,2,0,1,0,0,17.23102897
91,5,0,1,0,0,14.06669055
994,12,1,1,0,0,66.65079171
1005,7,1,1,0,1,73.17295738
1007,8,1,1,0,0,71.16409209
1005,12,1,1,0,0,67.1798894
1010,9,1,0,0,0,72.79818115
107,2,0,1,0,0,16.22453463
1022,10,1,0,0,0,73.12084376
1011,7,1,1,0,0,72.90145508
1026,7,1,1,0,0,74.93565303
979,9,1,1,0,0,68.05452361
1016,8,1,1,0,0,72.740427
102,3,0,0,0,0,16.60425614
107,2,0,1,0,1,17.50081553
965,9,1,1,1,1,70.12414444
1007,10,1,1,0,0,69.67431625
99,1,0,0,0,0,19.53676234
1000,8,1,1,0,0,72.59558577
954,11,1,0,0,0,64.71843809
1000,13,1,1,0,1,66.60207429
1010,8,1,0,0,1,76.06854867
98,3,0,1,0,0,15.67122302
1030,10,1,1,1,1,76.52811237
1010,13,1,1,0,1,68.09439548
101,2,0,0,0,1,19.70577286
1010,12,1,0,0,1,71.04660047
1005,10,1,1,1,1,72.98342075
985,12,1,1,0,0,64.65395849
108,1,0,1,0,0,17.15023179
102,4,0,0,0,0,16.43496127
999,10,1,0,0,0,70.80781885
1027,10,1,1,0,1,73.24463167
96,3,0,1,1,0,18.04794072
92,3,0,1,0,0,14.87508819
959,8,1,1,1,1,71.25298545
998,11,1,1,0,0,68.22690154
988,10,1,0,0,0,69.9423599
992,6,1,0,0,1,74.88862068
1051,14,1,0,0,0,72.86093131
1003,12,1,1,0,1,68.49450695
91,2,0,1,1,0,19.45314477
1015,11,1,1,0,1,70.50783636
982,11,1,1,0,1,67.38998345
110,4,0,1,0,0,15.96865201
1010,11,1,1,0,0,68.34481698
98,3,0,0,0,0,18.24400416
991,11,1,1,1,1,71.45110107
96,2,0,0,1,0,23.3966516
994,12,1,1,0,0,66.71833386
992,10,1,1,0,0,67.92942988
973,9,1,0,1,0,90.53862753
973,11,1,1,0,1,66.19374406
971,11,1,1,0,1,65.41231723
1022,10,1,1,0,1,72.24309273
105,3,0,1,0,0,16.56351585
1002,9,1,1,0,1,71.22837299
998,8,1,1,1,0,73.7488397
98,4,0,1,0,0,14.86877609
100,2,0,0,0,1,19.14471347
997,13,1,1,0,1,67.13521865
1017,11,1,0,1,0,95.5749226
969,8,1,1,0,0,67.8992982
1006,10,1,1,0,0,70.81711875
93,2,0,1,0,0,16.91057868
1010,10,1,1,0,0,69.82601768
996,12,1,1,0,0,66.29005159
966,13,1,1,0,0,61.85299016
103,2,0,1,0,0,17.00747575
98,3,0,1,0,1,15.91074245
990,13,1,1,0,0,65.50756588
97,3,0,1,0,0,15.16257425
100,3,0,1,0,1,15.94055811
1012,12,1,1,0,0,68.07505683
1005,10,1,1,0,1,69.33887838
1023,9,1,1,0,0,73.02078241
1001,9,1,1,0,0,70.80991809
1034,9,1,1,0,0,74.2125927
966,11,1,1,0,0,64.12637725
992,13,1,1,0,0,65.30269692
1014,9,1,1,0,0,71.52035396
965,10,1,1,0,0,64.7309411
986,9,1,0,0,0,70.24767816
989,14,1,0,0,1,66.65422611
1026,11,1,1,0,0,70.96973402
998,13,1,0,0,1,68.40866996
959,7,1,0,0,0,69.56486564
1005,9,1,1,0,0,70.82968299
108,4,0,1,0,0,13.99780865
1005,10,1,0,0,0,71.70835672
98,2,0,1,0,1,17.69719936
1021,9,1,1,0,0,72.59155087
1020,11,1,0,0,0,72.40711354
1007,10,1,0,0,0,71.09752968
999,8,1,1,1,0,74.02527947
996,9,1,1,1,0,72.85859672
108,3,0,1,0,1,16.30530326
93,3,0,1,1,1,19.43440393
971,11,1,0,0,1,67.47865247
989,8,1,0,0,1,72.52700584
969,5,1,0,0,0,72.58512548
990,10,1,1,0,0,68.05813731
995,10,1,1,0,0,68.4295219
1020,14,1,1,0,1,68.55173463
998,9,1,1,0,0,70.22322545
100,3,0,1,0,0,15.58814691
980,8,1,1,0,0,68.76113203
986,6,1,1,0,0,70.62625238
1004,11,1,1,0,0,68.2839208
988,4,1,1,0,0,74.08442842
1021,9,1,0,0,0,74.17243718
92,5,0,1,0,0,13.40248918
105,3,0,1,0,0,16.20865006
1006,8,1,1,1,0,74.84893762
1011,8,1,1,0,0,71.97176916
999,9,1,1,0,1,70.20852386
1031,10,1,1,0,0,71.87356907
962,14,1,1,0,0,61.2049932
976,7,1,1,0,0,69.38392875
1013,11,1,0,0,1,72.98181397
1010,6,1,1,0,1,76.16616318
99,4,0,1,0,0,15.29878959
990,9,1,0,0,0,71.24233618
1000,10,1,0,0,1,71.95864075
100,3,0,0,0,0,17.47274209
1026,7,1,1,0,1,75.38606991
101,4,0,1,0,1,15.5098873
1046,12,1,0,0,1,74.20897703
96,3,0,1,0,0,16.05422721
95,4,0,1,0,1,15.40073549
99,3,0,1,0,1,15.7440663
102,3,0,1,0,0,16.37855552
989,9,1,1,0,0,69.81411661
993,8,1,0,0,0,72.72192506
1018,10,1,1,0,1,71.53425028
1029,3,1,0,0,0,81.69478202
95,3,0,1,0,1,17.17614771
1020,8,1,1,0,0,72.79880203
995,6,1,1,0,0,73.48804866
1020,12,1,0,0,0,70.92170711
987,12,1,1,0,0,65.66323103
988,9,1,1,0,1,69.92110541
983,8,1,1,0,1,70.35100336
1007,10,1,0,0,1,72.92619929
1029,8,1,0,0,0,76.94981161
1001,9,1,0,0,0,71.87572403
999,10,1,0,0,0,70.34135486
979,10,1,0,0,1,69.19811974
104,2,0,1,0,1,17.65704255
999,11,1,0,1,0,93.15140949
1039,11,1,0,0,0,73.66036455
107,2,0,1,0,1,18.40441458
1005,10,1,1,0,0,68.83419266
993,7,1,0,0,0,73.21566008
1015,8,1,0,1,0,97.9184271
98,3,0,1,0,0,16.08353906
1008,11,1,0,0,1,72.57423478
1000,9,1,0,0,1,73.55839481
1019,10,1,1,0,0,71.02599354
104,3,0,1,0,1,16.22065928
984,9,1,1,0,0,68.20808396
1003,10,1,1,0,0,69.82703654
972,10,1,0,0,1,68.44121196
1023,10,1,1,0,0,71.38268501
94,2,0,0,0,0,18.96400028
998,12,1,0,0,0,68.48716192
1003,9,1,1,0,0,70.97693292
108,1,0,1,0,0,18.33820381
105,2,0,1,0,0,16.97428122
98,3,0,1,1,0,17.29655606
1048,12,1,1,0,0,72.87374432
96,3,0,1,0,0,15.97799925
966,12,1,1,0,1,64.26051301
96,4,0,1,0,0,14.08345833
97,1,0,1,0,0,16.93565568
1000,9,1,1,0,0,69.48501338
965,9,1,1,0,1,67.73083287
963,9,1,1,0,0,66.195288
109,2,0,1,0,0,16.64139654
1023,11,1,1,0,0,70.59230463
100,3,0,1,0,0,15.91012321
111,3,0,0,1,0,22.60330085
101,2,0,0,0,0,18.4042954
993,10,1,1,0,0,68.39623834
99,1,0,1,0,0,18.29883043
993,9,1,1,0,1,70.15555725
974,13,1,0,0,1,66.24882689
104,3,0,1,1,0,18.62324246
1000,11,1,1,0,0,68.50175045
969,9,1,1,1,1,71.10246927
984,11,1,0,0,0,67.51210821
97,2,0,1,0,0,17.32012749
1035,4,1,1,1,0,81.84401986
944,11,1,1,0,0,62.10707612
1026,9,1,1,0,0,73.22947852
89,3,0,1,0,0,14.77802143
1014,10,1,0,0,0,72.17739605
1001,12,1,0,0,0,68.88531182
1018,11,1,1,0,0,69.87293088
101,3,0,0,0,1,18.14064739
102,4,0,1,0,1,15.26598105
98,3,0,1,0,0,15.70934108
98,2,0,1,0,0,15.74950029
1003,5,1,0,0,1,77.18427442
100,4,0,0,0,0,17.49266592
998,10,1,1,0,0,68.77171358
106,4,0,1,0,1,15.66944143
981,6,1,1,0,0,70.43839471
986,11,1,0,0,1,69.0724111
990,13,1,1,0,0,64.15180316
102,5,0,1,0,0,13.32724892
104,1,0,1,0,1,18.46091463
996,11,1,1,0,0,67.57391423
97,2,0,0,1,0,22.97417087
1027,9,1,0,0,0,75.08619456
1012,8,1,0,0,0,75.66372705
982,12,1,1,0,0,64.35075725
1008,13,1,1,0,1,68.11380874
983,11,1,0,0,0,68.12595747
957,9,1,1,0,0,64.07027205
967,8,1,1,0,0,67.77904982
1033,7,1,1,0,0,75.98585886
1016,12,1,0,0,0,70.99708331
991,11,1,0,0,0,68.5682239
1023,11,1,1,0,1,72.24445652
100,3,0,0,0,0,17.6051762
999,10,1,1,0,0,68.07720404
987,9,1,0,0,0,70.21898848
991,9,1,0,0,1,71.4707658
101,2,0,0,1,0,23.61523161
1016,10,1,0,0,0,72.78333083
986,11,1,1,0,0,66.88658024
1016,8,1,0,0,1,75.66508831
104,3,0,1,0,0,15.21019563
105,3,0,1,0,0,15.85644598
981,8,1,1,0,0,68.77850863
998,7,1,1,0,0,72.36677073
958,11,1,1,0,0,62.9159013
106,3,0,1,0,1,16.99381357
93,5,0,1,0,0,12.19976823
1018,11,1,1,0,0,70.01599939
1016,12,1,0,0,1,71.7755188
1002,11,1,0,0,1,71.55369469
983,12,1,1,0,1,65.62024065
101,2,0,1,0,0,16.68906234
94,3,0,0,0,0,17.75415216
975,12,1,1,0,0,63.9725298
97,4,0,1,0,1,16.35606476
987,7,1,1,0,0,70.42411864
979,13,1,1,0,0,63.98841992
976,8,1,0,0,1,71.68255839
991,9,1,1,0,1,69.65081009
100,2,0,1,1,0,19.23781025
1030,8,1,0,0,1,77.02582493
103,4,0,1,0,0,14.37519474
1002,10,1,1,0,1,69.25689863
105,3,0,1,0,0,15.53273268
96,3,0,1,0,0,15.18096852
101,3,0,1,0,0,15.6084577
1008,14,1,1,0,0,65.87716179
97,3,0,0,0,0,18.12492941
988,10,1,1,1,0,70.32999297
1015,13,1,1,0,0,68.57261472
100,2,0,1,0,0,16.06130412
96,4,0,1,0,0,13.76238519
959,14,1,0,0,0,62.33845936
1021,9,1,1,0,0,72.81809817
970,10,1,1,0,0,65.70321027
1031,10,1,1,0,0,72.47944527
105,2,0,0,1,1,24.65935193
1016,13,1,0,0,1,70.28589383
95,2,0,0,0,1,19.07101561
1020,9,1,1,0,0,72.67519306
1016,8,1,1,0,0,72.12711314
996,8,1,1,0,0,70.81834254
106,3,0,0,0,0,18.26275866
103,4,0,1,0,0,13.94368159
982,13,1,1,0,0,63.15817866
1014,9,1,1,1,0,74.11079089
1015,4,1,1,0,1,77.87780698
1019,7,1,1,0,0,73.24584138
973,11,1,1,0,0,65.82904091
104,2,0,1,0,0,15.82891727
1008,9,1,1,1,0,74.13713929
1000,12,1,1,0,0,67.32246811
970,11,1,1,0,0,64.4969355
97,3,0,0,0,0,17.92381383
984,11,1,1,0,0,66.24442243
985,12,1,1,0,1,65.58391055
1010,10,1,1,0,1,70.84393373
103,2,0,1,0,0,15.89738478
94,5,0,0,1,0,19.59809875
993,9,1,1,0,1,70.72903997
1018,9,1,1,0,1,72.92763997
1003,7,1,1,0,0,72.24362643
1016,13,1,1,0,1,67.83647493
1009,9,1,0,0,1,74.70321828
1004,10,1,1,0,0,70.03462724
987,8,1,0,1,0,93.41871731
1014,9,1,1,1,1,75.34491192
986,13,1,0,0,0,67.21568067
1003,11,1,1,0,0,67.91713671
106,3,0,0,0,0,18.03575626
996,9,1,1,0,1,70.16163619
980,11,1,1,0,0,65.80301182
1008,10,1,1,0,0,69.3654211
98,5,0,0,0,0,15.69548105
987,10,1,1,0,1,69.96998731
105,4,0,1,0,1,15.51575604
108,3,0,1,0,1,16.91180545
104,2,0,1,0,0,16.90004105
96,3,0,0,0,0,17.4703736
978,11,1,1,0,1,66.13970623
998,11,1,1,0,0,67.83571283
1000,9,1,0,0,0,72.35749212
96,4,0,1,0,1,15.23487874
98,2,0,1,0,0,16.8630088
994,10,1,1,0,0,68.66117039
999,7,1,1,0,0,71.52498701
98,4,0,1,0,0,15.39796107
972,13,1,1,0,0,62.93163795
113,3,0,1,0,0,15.93677274
96,4,0,1,0,0,13.87550972
1034,12,1,1,0,1,72.31258087
977,7,1,0,0,0,71.78183456
983,9,1,0,0,1,70.68494259
99,3,0,1,0,1,16.58097103
1000,11,1,1,0,0,68.56197242
993,9,1,1,0,0,69.95549373
104,2,0,1,0,0,16.65898481
1036,13,1,0,1,0,95.89672665
1005,11,1,1,0,0,68.20549964
1033,10,1,0,1,0,99.44334218
981,8,1,1,1,0,71.08518189
1006,7,1,0,0,0,74.9769837
97,2,0,1,0,1,17.64979205
1035,8,1,1,0,0,74.26470692
989,14,1,0,1,0,88.28685182
1035,11,1,1,0,1,73.00480597
968,5,1,1,0,1,70.8083787
100,4,0,1,0,0,14.25317536
998,10,1,1,0,1,70.26948959
970,8,1,1,0,1,68.6277734
992,10,1,0,0,0,70.48595396
1010,14,1,0,0,0,67.82912052
1043,14,1,1,1,0,72.53090424
990,10,1,0,1,0,92.57226517
94,3,0,1,0,1,16.73951435
108,4,0,1,0,1,16.15926963
1032,9,1,1,0,0,73.48356216
1009,11,1,1,0,0,68.8047867
961,12,1,1,0,0,62.40758658
97,2,0,0,0,0,18.00631507
1010,13,1,1,0,1,67.60103847
993,12,1,1,0,0,66.13809914
106,2,0,1,1,1,21.39446946
1025,9,1,1,0,0,72.75216929
988,10,1,0,0,1,71.19725332
102,3,0,0,0,0,18.15029297
1001,8,1,0,0,1,74.00339317
983,10,1,1,1,0,69.92736781
992,8,1,1,0,0,69.78575452
1012,13,1,1,0,0,67.44504672
102,4,0,0,0,0,16.45889352
1003,11,1,1,0,0,68.63761628
106,3,0,1,1,0,18.09412678
1012,10,1,0,0,1,73.81956809
1022,9,1,0,1,0,97.59920519
982,10,1,1,0,0,67.39815535
1025,13,1,0,0,1,71.83851758
1016,11,1,1,0,0,69.3425391
106,4,0,1,0,0,14.73056346
985,11,1,1,0,0,66.57857604
1021,12,1,0,0,0,71.14413957
107,1,0,0,0,1,19.93275071
992,12,1,0,0,0,67.85195094
96,3,0,0,0,0,17.53927099
1046,8,1,1,1,1,80.5018652
1017,11,1,1,1,0,73.15959415
103,4,0,1,0,0,14.34606135
98,4,0,1,0,0,15.01641582
971,12,1,1,0,0,63.90368765
991,11,1,0,0,0,69.65805934
98,2,0,0,0,0,18.32346519
1045,12,1,1,0,0,71.4806965
102,2,0,0,0,1,19.46711986
99,2,0,1,0,0,16.42581875
1030,10,1,1,0,1,73.47181459
991,9,1,0,0,0,71.36689835
109,2,0,1,0,1,17.62993229
993,13,1,1,0,1,65.84167428
950,9,1,0,0,0,65.78548249
1015,7,1,0,0,1,77.18944887
1027,8,1,1,0,0,74.03871157
995,11,1,1,0,1,68.49033194
972,9,1,1,0,1,67.48884844
103,5,0,1,0,0,12.71438374
99,5,0,1,1,1,16.88021937
109,2,0,1,0,1,18.1100826
1017,10,1,1,0,0,70.5530875
967,13,1,1,0,0,63.08123154
981,12,1,1,0,0,65.23833505
964,9,1,0,0,0,68.43215352
1025,9,1,1,0,1,73.91481182
1015,10,1,1,1,1,74.59582413
990,11,1,0,0,1,70.20803798
1016,8,1,0,1,0,97.64485379
101,4,0,0,0,0,16.17672681
970,9,1,0,0,1,69.65448381
94,2,0,1,0,0,16.14326956
1009,9,1,1,1,0,74.40978917
991,8,1,0,0,0,71.3739827
1014,11,1,1,0,1,69.66085023
96,5,0,1,0,0,13.09425993
1001,12,1,1,0,0,66.8071526
105,3,0,1,0,0,15.64475146
1048,13,1,1,0,1,73.24227443
98,3,0,1,0,1,16.94124126
1002,13,1,1,0,0,65.67425851
996,11,1,1,0,0,67.00167751
94,2,0,0,0,0,18.33393446
101,4,0,0,0,0,17.79525158
1019,12,1,0,0,0,70.65261655
1007,8,1,1,0,1,72.56797697
990,9,1,1,0,1,69.68451675
999,6,1,1,1,0,76.2006953
994,11,1,0,0,0,68.57813737
1024,10,1,0,0,0,73.08351987
1012,12,1,1,0,0,67.7387104
1023,14,1,1,0,0,67.32320698
1015,10,1,1,1,1,74.33456858
993,9,1,1,0,0,70.61225388
991,14,1,1,0,1,65.31539787
993,11,1,1,0,0,66.90937165
982,10,1,1,0,0,67.15296066
973,4,1,0,0,0,74.51047732
1009,7,1,1,0,0,73.50933714
99,4,0,0,0,1,17.58012418
983,11,1,0,0,0,68.10624734
981,7,1,1,0,0,68.97246894
103,4,0,0,0,0,15.7305596
1018,9,1,0,0,1,74.91793991
100,3,0,1,0,0,15.46641806
1021,14,1,1,0,0,66.90793414
1028,9,1,0,0,0,74.7901301
103,3,0,1,1,0,19.0282844
1032,10,1,1,0,1,74.14632596
95,2,0,1,0,1,16.25754226
107,2,0,0,0,1,19.79554218
1005,9,1,1,0,0,70.37799636
103,3,0,1,0,0,15.338494
100,1,0,1,0,0,17.12470366
962,8,1,1,0,0,66.96652461
976,9,1,1,0,0,67.82757621
968,13,1,1,0,0,62.30314146
995,10,1,1,0,0,68.57230642
90,4,0,1,0,1,14.23889847
988,9,1,1,0,0,69.15315992
990,13,1,1,0,0,64.25790012
98,4,0,1,0,0,14.5491804
997,13,1,0,0,1,68.80136527
968,13,1,1,0,0,62.11500535
1001,11,1,1,0,0,67.64000344
1014,9,1,1,0,0,71.29099832
95,2,0,1,0,0,16.06580579
1026,13,1,0,0,0,70.42649898
88,2,0,1,0,1,18.06600529
99,3,0,1,0,0,16.7225309
102,4,0,1,0,0,13.13726373
1026,8,1,1,1,0,78.13916145
972,11,1,0,0,0,67.66387628
1014,7,1,1,0,1,73.76068978
997,8,1,0,0,0,73.62795473
987,13,1,0,0,0,66.20436731
1006,8,1,1,0,1,72.21239863
102,4,0,1,0,1,15.99230867
1000,7,1,0,0,0,74.42730572
981,13,1,1,0,0,64.37878833
985,12,1,1,0,1,67.05036249
1001,13,1,1,0,0,65.98914323
980,12,1,1,0,0,65.51055572
1007,5,1,1,1,0,77.42281252
989,9,1,1,0,1,69.6041362
977,15,1,1,0,1,62.2702276
1010,10,1,1,0,1,70.84773755
1031,16,1,1,0,1,66.85746632
1002,12,1,1,0,0,66.75731238
103,2,0,1,0,0,16.47071996
1030,9,1,1,0,1,74.53938554
102,3,0,1,0,0,15.95693944
972,11,1,0,0,0,67.09218797
979,11,1,0,0,0,67.00567442
97,3,0,1,0,0,14.86143489
1009,10,1,0,0,1,72.75669262
1021,8,1,1,0,1,73.27924279
1000,9,1,1,0,0,70.75016968
965,11,1,0,0,0,67.04643697
1007,11,1,0,0,1,72.09345986
1002,12,1,0,0,0,69.05108958
102,3,0,1,0,1,16.46255893
969,11,1,1,0,0,64.37740299
101,2,0,1,0,0,15.97083843
948,10,1,1,0,0,63.55924085
105,3,0,1,0,0,15.40872594
995,12,1,1,0,0,66.09713258
1010,11,1,1,0,0,68.41891723
105,3,0,1,0,1,16.3444995
1013,13,1,1,0,0,68.70343865
99,3,0,1,0,0,14.78309152
994,8,1,1,0,0,69.94873325
978,9,1,1,1,0,71.66073376
1003,8,1,1,0,0,71.1951306
1004,9,1,1,0,0,70.29725617
991,8,1,1,0,1,70.25909748
1006,11,1,1,0,0,69.63649898
991,8,1,1,0,0,70.39613954
992,11,1,1,0,1,67.98876657
1019,8,1,1,0,0,72.99577307
105,4,0,0,0,0,16.27649928
999,10,1,1,0,0,68.50352537
1007,10,1,1,0,0,69.51074841
961,9,1,1,0,0,66.34769668
1003,10,1,0,0,0,71.74994301
1025,11,1,1,0,0,70.47264256
100,2,0,1,1,0,19.33524494
980,6,1,1,0,1,71.48254295
1009,9,1,1,0,0,71.65626145
1022,9,1,1,0,0,72.63093538
954,12,1,1,0,0,62.03082081
989,9,1,1,0,0,68.01178505
1025,13,1,0,0,0,70.61817334
980,9,1,0,0,0,70.2324433
101,4,0,1,0,0,14.07336959
986,10,1,0,0,0,69.98113413
1043,8,1,1,0,0,75.84113438
105,0,0,1,0,0,19.61090941
993,11,1,0,0,0,70.02358626
94,2,0,1,0,0,16.02370221
94,3,0,1,0,0,15.60696228
958,6,1,0,0,0,70.5494606
108,3,0,0,0,0,17.53070465
989,11,1,1,0,0,66.6178995
1002,9,1,1,0,0,70.23717836
1000,13,1,0,0,0,67.93051455
97,1,0,1,0,0,16.39024468
102,2,0,1,0,0,15.40126701
989,10,1,1,0,0,68.08485305
1039,7,1,1,0,0,77.21902484
1001,9,1,0,0,0,72.51921361
985,8,1,1,0,0,69.47797811
1011,11,1,1,1,1,72.58545246
1019,12,1,1,0,0,68.99798225
1012,12,1,1,0,1,68.81522855
991,9,1,1,0,1,70.55203944
973,12,1,1,0,0,63.22008648
1030,12,1,1,0,0,70.58539765
1022,12,1,1,0,0,69.28810489
999,7,1,1,0,0,72.80103822
1029,11,1,1,0,0,71.22390376
100,3,0,0,0,1,18.27867035
92,4,0,0,1,1,22.97000242
95,4,0,1,0,0,14.6835957
1002,6,1,0,0,1,76.92553259
1019,13,1,0,1,0,93.77292453
997,11,1,0,0,0,69.10424715
960,10,1,0,0,1,67.41326125
1002,9,1,1,0,0,70.46154709
97,2,0,1,0,0,17.39980588
1030,14,1,1,0,0,68.07122463
103,3,0,0,0,0,17.6006739
104,2,0,1,0,1,18.53554017
1011,9,1,1,0,1,72.60444861
1001,13,1,1,0,0,66.13736013
983,10,1,0,0,0,69.89288131
89,3,0,1,0,1,16.44492122
1008,11,1,1,0,0,69.29202372
999,12,1,1,0,1,68.43631534
96,2,0,1,0,0,16.20747672
1002,8,1,1,0,0,71.50524238
1021,11,1,0,0,0,72.99717024
1010,7,1,1,0,0,73.62781493
108,3,0,1,1,1,20.32138736
972,7,1,1,0,0,68.94824084
100,2,0,1,0,0,17.47931262
96,3,0,0,0,0,16.46602937
1005,8,1,1,0,1,72.0249101
994,10,1,1,0,0,67.8965303
1007,10,1,0,0,0,71.95277799
980,11,1,0,0,0,68.2789932
1005,11,1,1,0,0,68.87446083
1001,8,1,0,0,0,73.34954293
997,6,1,1,0,1,73.99844544
992,12,1,1,0,0,65.86056271
102,2,0,1,0,1,16.75645476
972,11,1,1,0,0,65.5349906
996,12,1,1,0,0,65.8433273
995,7,1,0,0,0,73.49082933
1033,10,1,1,0,1,74.90256191
976,13,1,0,0,0,64.6825677
1019,11,1,1,1,0,72.74911361
95,4,0,1,0,0,14.85313783
97,2,0,0,0,1,19.22024832
958,9,1,1,0,0,66.07833158
96,3,0,1,0,0,14.84328385
992,10,1,1,0,0,67.57652474
1015,9,1,1,1,0,75.08514416
1010,6,1,0,1,0,98.991631
976,12,1,1,0,0,65.26379561
997,10,1,1,0,0,69.22178559
1016,10,1,1,1,0,74.18560304
972,9,1,0,0,1,70.24219164
962,11,1,1,0,0,64.46455121
1019,10,1,1,0,0,71.53541899
1002,12,1,1,0,1,67.869813
992,9,1,0,0,0,71.36168513
1022,5,1,1,0,1,77.62092019
1020,9,1,1,0,0,72.57023686
97,3,0,1,0,1,16.91599398
999,11,1,1,0,1,68.41934208
105,4,0,1,0,1,14.95888088
93,4,0,1,0,0,14.80118717
972,10,1,0,0,0,68.43964738
996,9,1,0,0,0,71.22669458
1020,12,1,0,0,0,70.67272907
1031,7,1,0,1,1,103.3255602
1012,15,1,1,1,1,68.86524632
1013,8,1,1,1,0,75.83331208
1008,6,1,0,0,0,75.27281607
1018,10,1,1,0,0,71.60946411
1012,7,1,1,0,0,73.14348406
1031,8,1,1,1,1,78.65272584
1010,7,1,1,1,0,75.67981362
980,12,1,1,0,1,66.48365879
998,10,1,0,0,1,71.31236802
994,14,1,1,1,0,67.83397271
1026,6,1,1,0,0,75.88050675
99,3,0,0,0,1,18.95068346
1016,13,1,1,0,0,67.59786853
980,9,1,1,0,0,68.19142755
981,11,1,0,0,1,69.35779607
983,10,1,1,0,1,68.6901642
99,4,0,0,0,0,17.23059761
979,10,1,1,0,0,66.13372644
975,13,1,1,0,0,63.46789158
100,5,0,1,0,0,13.40194367
105,3,0,1,0,0,16.72371425
1002,12,1,1,0,1,67.56526798
1020,5,1,1,0,0,76.68744693
980,7,1,0,1,0,94.20851865
999,7,1,1,1,0,75.5054689
960,11,1,1,0,0,63.51722421
107,3,0,1,0,0,14.5820769
993,9,1,1,0,0,69.37755801
106,3,0,0,0,0,17.70514575
976,8,1,1,0,1,68.45061753
93,4,0,1,0,1,15.79226937
1011,10,1,1,0,0,71.00753864
1010,10,1,0,0,0,72.5956409
964,9,1,1,1,0,69.40220476
1006,7,1,1,0,1,73.77005219
1016,9,1,0,0,1,74.92049643
992,10,1,1,0,0,67.68933018
1006,10,1,1,1,0,72.85890083
104,4,0,1,0,1,15.27697841
1069,8,1,1,0,0,78.81527367
999,6,1,1,1,0,76.37210086
1019,8,1,1,0,0,73.80396993
990,11,1,1,0,0,67.51036922
100,3,0,1,0,0,15.54892967
98,2,0,1,0,0,16.32238144
99,3,0,1,0,1,17.20929715
94,4,0,1,0,0,15.02587037
1030,9,1,1,0,1,74.38409475
97,3,0,1,0,0,14.86710772
104,3,0,1,0,1,16.01187711
1028,7,1,1,0,0,75.29028696
1008,9,1,0,0,1,73.9997811
1020,9,1,1,0,1,73.90227593
1018,11,1,1,0,1,70.58048971
98,3,0,1,0,0,16.08983059
1022,7,1,0,0,1,77.49925331
1001,10,1,1,0,0,68.93885287
95,5,0,0,0,0,15.10863456
97,2,0,1,0,0,16.19405907
1039,11,1,1,0,0,72.49596856
962,12,1,0,0,1,65.77728839
104,3,0,0,0,0,17.77821111
989,11,1,1,0,1,67.66841302
987,16,1,1,0,0,61.57351433
977,11,1,1,0,0,65.21415159
1031,12,1,1,0,0,70.0830923
98,2,0,0,0,0,18.23613534
100,5,0,1,0,0,13.54129785
975,11,1,1,0,0,64.75314619
1041,8,1,0,0,0,77.34518735
971,9,1,1,0,1,68.37207333
99,2,0,0,0,0,19.10493245
1018,8,1,0,0,0,75.01764463
1008,10,1,1,0,0,69.51294611
101,2,0,1,0,0,16.87196037
103,2,0,0,0,0,17.79339064
101,4,0,1,0,0,14.58984224
976,11,1,1,1,0,67.99425585
94,1,0,0,0,0,20.16091825
90,2,0,0,0,1,19.68988041
1005,12,1,1,0,1,68.19707688
1020,11,1,1,0,1,71.94516641
983,12,1,1,0,1,66.13499473
1003,8,1,0,0,1,74.69950157
995,10,1,1,1,0,71.82842962
999,12,1,1,0,0,67.1122904
102,3,0,1,1,0,18.38878162
103,2,0,0,0,0,18.44651761
107,3,0,1,0,0,15.34859311
104,4,0,0,0,0,16.9472237
101,3,0,0,0,1,18.75051243
1029,11,1,1,0,1,71.76788818
989,10,1,0,0,0,70.05243582
1032,13,1,1,0,1,70.20539587
1021,12,1,1,0,0,68.95514518
1019,14,1,1,0,0,66.65382961
965,10,1,1,0,1,66.36434062
982,12,1,1,0,0,65.61465522
1008,11,1,1,0,0,68.87818977
999,15,1,1,0,0,63.69331878
1023,10,1,1,1,0,74.35096943
97,2,0,1,0,0,16.16166037
994,11,1,1,1,0,70.30560067
1002,9,1,1,0,1,71.68305577
99,2,0,1,1,0,19.42043556
111,3,0,1,0,0,15.67870312
973,9,1,0,0,0,68.31512041
1012,11,1,0,1,0,94.63080419
963,12,1,0,0,0,64.73044905
993,14,1,1,0,0,64.61060265
100,2,0,0,0,0,18.70855973
997,10,1,0,0,0,71.66568905
1035,10,1,0,0,1,75.54165575
1006,6,1,1,0,0,73.32609991
99,1,0,1,0,0,16.86597266
1004,9,1,1,0,0,70.90040207
1000,14,1,0,0,1,68.28719083
968,9,1,1,0,1,67.44417944
1001,10,1,1,1,0,72.34370828
996,10,1,0,0,0,70.2546964
93,3,0,1,0,0,15.96242696
991,11,1,1,1,1,71.22103454
95,3,0,1,0,0,14.82543487
1000,9,1,1,0,1,71.00300503
99,4,0,1,0,0,14.39293776
1007,14,1,1,0,0,65.43492011
994,9,1,1,0,1,70.16973011
110,3,0,1,0,0,16.10846488
97,2,0,0,0,1,19.91062684
98,3,0,0,0,0,18.2911647
101,4,0,1,0,0,14.86686945
992,8,1,1,0,1,71.16114098
991,12,1,1,1,1,70.29802432
1010,10,1,1,0,1,70.76639087
1013,8,1,0,0,0,74.00522169
999,9,1,1,0,1,72.32449695
983,8,1,0,1,0,93.09732758
991,13,1,1,0,0,65.12452742
1030,7,1,1,1,1,78.83586104
1032,8,1,1,0,1,76.76394934
91,4,0,1,0,1,14.88985717
984,7,1,1,0,0,69.64357174
1003,7,1,0,0,0,74.21183718
987,9,1,1,0,1,70.42232489
1024,11,1,0,0,1,73.03454455
981,11,1,0,0,1,68.41813096
1010,14,1,1,0,0,66.20378304
972,11,1,1,0,1,65.75122037
992,9,1,1,0,0,69.28387486
104,2,0,0,0,0,18.90237548
992,9,1,0,0,0,70.83304099
95,4,0,1,0,0,14.78425149
96,3,0,0,0,1,19.21242348
992,10,1,1,0,1,69.89485786
997,11,1,1,0,1,68.50662746
104,4,0,1,0,1,16.01158465
1017,11,1,1,0,0,68.8506171
97,4,0,1,0,1,14.32787701
1001,13,1,1,0,0,67.01310633
982,10,1,1,0,1,67.61917449
106,4,0,1,1,0,16.66767675
1003,10,1,0,0,0,71.06591951
100,2,0,1,0,0,15.85845982
102,5,0,1,0,0,13.03088116
91,5,0,1,0,0,13.31528549
1013,9,1,1,1,1,76.30458115
1009,8,1,1,0,0,72.19033872
994,11,1,1,0,0,67.22232653
100,4,0,1,0,0,14.95656621
100,3,0,1,0,0,15.73634698
106,3,0,1,1,0,18.92048203
984,11,1,1,0,0,66.18792598
999,8,1,1,0,1,72.1659549
103,2,0,1,0,0,16.72343748
986,11,1,1,0,0,66.73887432
990,12,1,1,0,0,66.46904514
1010,11,1,0,0,0,70.41222664
101,2,0,0,0,1,18.57389127
955,11,1,1,0,1,62.97464497
98,3,0,1,0,0,15.66673178
100,6,0,1,0,1,13.99628447
95,4,0,1,0,0,13.87989123
90,3,0,1,0,0,15.45284103
988,10,1,0,0,0,69.22385814
104,3,0,1,0,0,16.21137192
995,10,1,1,0,0,68.0116284
1019,9,1,1,0,1,73.32280822
101,4,0,1,0,1,16.14887129
977,10,1,1,0,0,66.57772971
951,13,1,1,0,0,60.85774416
989,12,1,1,0,0,66.78977636
997,8,1,1,1,0,74.11942544
971,8,1,0,0,0,70.35049659
1010,9,1,0,0,1,74.56016712
1031,12,1,1,0,0,69.80050474
102,5,0,1,0,0,13.80288567
992,12,1,1,0,0,65.82501652
90,3,0,1,0,0,15.56966472
1012,8,1,1,0,0,72.17475316
1005,12,1,1,0,0,67.06849625
103,3,0,1,0,1,15.85385679
1042,8,1,0,0,0,77.36670956
949,8,1,1,0,0,65.24256643
999,10,1,1,0,0,69.59312441
92,4,0,1,0,1,16.0177795
1008,10,1,0,0,1,73.64271522
926,10,1,1,0,1,62.1174464
104,5,0,1,0,0,13.56398928
101,4,0,1,0,0,14.3777949
87,3,0,0,0,0,17.25793932
987,11,1,1,0,0,66.63871078
1022,12,1,1,0,0,68.70021657
1009,7,1,1,0,1,73.9276606
999,9,1,1,0,0,69.79404895
1027,11,1,1,0,1,71.22929317
986,12,1,0,0,0,66.93726868
94,2,0,0,0,1,19.89053336
976,11,1,1,0,0,65.72451042
990,10,1,1,0,0,67.7322413
104,3,0,0,0,1,18.03992022
1008,10,1,1,0,0,69.37635604
983,11,1,1,0,0,65.52655596
1007,8,1,0,0,0,73.54015067
1030,11,1,0,0,0,72.96707924
103,3,0,0,0,0,17.44044883
106,3,0,1,0,0,15.82599556
1052,14,1,1,0,0,70.32645181
991,11,1,1,0,0,66.44956155
1003,13,1,0,0,1,69.7455593
1000,12,1,1,0,0,66.28198994
103,4,0,1,0,0,15.18098349
1002,8,1,1,0,1,71.74772455
1006,9,1,1,0,0,70.50118443
94,5,0,1,0,1,14.78562786
1018,6,1,1,0,0,75.07218544
979,9,1,1,0,1,70.04583137
985,8,1,1,0,0,68.73104001
968,12,1,1,1,0,66.17213523
990,13,1,1,0,1,65.62137482
999,11,1,1,0,0,68.28220275
1011,11,1,1,0,0,69.14663219
984,12,1,1,0,1,65.59335408
982,11,1,1,1,0,69.05891912
1015,10,1,1,0,0,71.21350157
1041,10,1,1,0,0,73.54366618
1011,11,1,0,0,1,71.90284508
985,14,1,1,0,1,64.82231004
1034,8,1,1,1,0,77.15970283
973,11,1,1,0,0,64.62923093
999,11,1,1,0,1,69.29394107
1016,5,1,1,0,1,77.36545154
98,2,0,1,0,0,16.33928295
973,9,1,1,0,0,66.9670444
97,3,0,1,0,0,15.46346754
958,10,1,0,1,0,88.85954275
103,4,0,0,0,1,17.30198587
1009,12,1,0,0,1,71.02604605
1001,13,1,1,0,0,66.16801436
96,3,0,0,1,0,22.56931116
990,7,1,1,0,0,71.25690523
1021,11,1,1,0,1,72.15888007
1025,9,1,0,0,1,76.06324799
957,13,1,1,0,0,61.14066127
108,3,0,1,0,0,15.43204563
1030,11,1,1,1,1,75.25826559
1057,6,1,1,0,1,80.89336848
1000,13,1,1,0,1,67.35925085
1007,10,1,1,0,0,70.27516519
1001,7,1,1,1,0,75.22378557
106,2,0,1,0,0,15.98939408
986,9,1,0,0,0,70.60221169
1041,14,1,0,0,0,72.04519135
1043,8,1,1,0,0,75.8606287
1004,8,1,1,0,0,72.23478994
1041,7,1,1,1,0,79.58552914
968,9,1,1,0,0,66.3264797
99,2,0,1,0,0,15.95465418
1030,8,1,1,0,0,74.07618671
979,11,1,0,0,0,68.40789619
986,8,1,1,0,0,69.45530942
1007,12,1,1,1,0,70.83057527
1002,8,1,0,0,0,72.91765405
991,10,1,1,0,1,68.77717188
101,2,0,1,0,0,15.94645904
1018,13,1,1,0,0,68.71069457
1020,8,1,1,0,1,74.87336343
101,2,0,1,0,1,16.24213828
965,7,1,1,0,1,70.0691142
1010,10,1,1,0,1,71.18270988
980,8,1,1,1,0,71.68715623
1032,8,1,1,0,1,75.43536094
1002,12,1,1,0,0,67.69579785
1011,11,1,0,0,1,71.84775141
978,11,1,1,0,1,67.00973761
1002,11,1,0,0,0,70.9872949
982,11,1,1,1,1,69.81615133
99,4,0,1,0,1,15.22453526
1008,10,1,0,0,0,72.63530818
101,2,0,1,0,1,17.57429095
979,9,1,1,0,0,68.52572894
93,4,0,1,0,0,14.17844994
1015,9,1,1,1,0,74.91377085
104,3,0,1,0,0,15.62548674
1001,10,1,1,0,0,69.45069447
1006,10,1,1,0,1,71.0597832
98,3,0,1,0,0,15.40294624
993,10,1,1,0,0,69.45296207
960,12,1,1,0,1,63.46753208
996,8,1,0,0,0,72.63311063
985,10,1,1,0,0,67.51553714
96,1,0,0,0,0,19.08706723
1037,7,1,1,1,1,79.97642217
98,4,0,1,0,0,15.46328152
985,14,1,1,0,0,63.70181242
986,12,1,1,0,0,65.52232638
996,10,1,0,0,0,70.46935082
1011,8,1,0,0,0,72.91251178
976,9,1,0,0,0,68.62371479
987,11,1,1,0,1,67.44419399
1024,11,1,1,0,0,70.92519154
1017,11,1,0,0,0,71.41788296
99,3,0,1,0,1,16.10801627
992,10,1,1,0,0,67.59268081
98,4,0,0,0,1,17.20494735
978,10,1,1,0,1,67.02810253
1005,10,1,1,1,0,72.9254749
1010,10,1,1,0,0,70.48115131
993,13,1,1,0,0,65.66376125
92,3,0,1,0,0,15.88667608
100,3,0,1,0,1,16.25367198
99,3,0,0,0,1,18.97281015
980,9,1,1,0,0,68.52980082
995,9,1,1,1,0,72.62317394
1034,8,1,1,0,0,75.15353204
955,10,1,0,0,0,66.00975218
996,6,1,1,0,0,72.53635588
1039,11,1,1,0,0,72.76392576
107,4,0,1,0,0,14.92361527
1008,11,1,1,0,0,68.63721865
1019,12,1,1,0,1,69.85545968
1007,10,1,1,0,0,69.49737595
100,2,0,1,0,1,17.53547968
96,4,0,0,0,1,17.74471492
1012,8,1,1,0,0,71.51527018
95,2,0,1,0,0,17.14523383
104,4,0,1,0,0,13.95484107
1034,9,1,1,0,0,74.13071897
99,3,0,1,0,0,15.10283518
99,3,0,1,0,0,15.42210479
96,5,0,1,0,0,12.54620504
102,4,0,1,0,1,16.00790421
998,11,1,1,0,0,68.26053855
1000,9,1,1,0,0,70.06238655
1015,10,1,1,0,0,70.15742476
1014,9,1,0,0,1,73.67770702
1040,10,1,0,1,0,98.93505574
995,7,1,1,0,0,71.37613004
1018,8,1,1,0,0,73.52193866
97,2,0,0,0,1,20.2389542
110,3,0,1,0,0,15.67628878
98,3,0,0,0,0,16.8696586
1017,12,1,1,0,0,68.18036704
91,3,0,1,0,0,15.04876089
1020,11,1,0,0,1,72.66350171
97,3,0,0,0,0,17.89508819
985,12,1,0,0,1,68.36708505
962,12,1,1,0,0,63.44160264
965,12,1,1,0,1,64.83370559
108,3,0,1,0,0,15.24098862
993,8,1,1,0,1,71.70650113
985,11,1,1,0,0,65.57759902
102,3,0,1,0,1,16.62847119
1020,9,1,1,0,0,71.67331353
986,14,1,0,0,0,65.49834897
97,4,0,0,0,1,17.79965323
95,4,0,0,0,1,17.2610101
1021,14,1,1,1,0,70.21585291
1020,11,1,1,0,1,71.16669376
104,3,0,1,0,1,16.89024183
958,12,1,1,0,0,62.02846459
1006,10,1,1,0,1,69.69406907
981,9,1,1,0,1,68.33945967
1006,10,1,1,0,0,69.69913577
115,2,0,0,0,0,18.96156309
1004,12,1,0,0,0,69.89106569
990,11,1,0,0,0,69.27454859
104,4,0,0,0,0,16.85319364
976,8,1,0,1,0,92.4519267
1032,7,1,1,0,0,75.81837314
1002,10,1,1,0,0,69.2344441
1000,9,1,1,0,1,70.49022111
953,13,1,1,0,0,61.34028647
1029,13,1,1,0,0,69.52083151
1007,9,1,0,0,0,73.05807744
99,2,0,0,0,0,18.74110613
91,2,0,1,0,0,16.69780842
97,2,0,0,0,1,19.17917903
981,8,1,1,0,0,69.21012116
989,10,1,1,0,1,68.50956414
961,8,1,1,0,0,66.79645853
1011,9,1,0,0,1,74.29987114
96,4,0,1,0,1,16.84067824
1012,9,1,1,0,0,70.76312573
1015,14,1,1,0,0,67.34161
964,10,1,1,0,0,65.3999428
999,11,1,1,1,1,71.80459327
997,12,1,0,0,0,67.59886588
1010,9,1,0,0,0,73.5893238
1019,10,1,1,0,0,70.93788499
1009,11,1,0,0,0,72.03391073
95,4,0,1,0,0,14.70149273
997,9,1,1,0,0,69.53599029
1008,10,1,0,0,0,71.81474042
1019,12,1,1,0,1,69.41103212
1049,10,1,0,0,1,78.75624081
1012,10,1,1,0,1,71.38191253
96,4,0,0,1,0,21.39332234
1032,15,1,1,0,0,67.36486639
983,7,1,0,1,0,94.61345254
1032,9,1,1,0,0,74.91350938
93,4,0,1,0,1,15.50414214
100,3,0,0,1,0,22.71668409
981,10,1,1,1,0,69.81559857
1006,9,1,0,0,0,72.8521901
105,3,0,1,0,0,15.489965
972,12,1,0,0,0,65.30824504
1003,8,1,0,0,0,73.44801449
1024,13,1,0,0,1,71.55760036
102,2,0,1,1,1,20.71898157
990,8,1,1,1,1,73.97244222
1020,8,1,1,0,0,73.93962134
1030,8,1,1,0,0,75.28859485
988,11,1,1,0,0,67.07383705
998,11,1,1,0,0,67.10259962
1000,8,1,0,0,0,72.78473082
999,11,1,1,0,0,68.11827137
1018,12,1,0,0,0,70.96116178
100,2,0,1,0,1,17.90783841
975,12,1,0,0,1,67.25365094
105,3,0,1,0,1,16.90120233
1003,8,1,0,0,0,73.88184518
1027,13,1,0,0,0,71.33770496
1012,13,1,1,0,1,68.92534913
998,11,1,1,0,0,69.22039005
957,8,1,1,0,0,65.96208886
976,8,1,1,0,0,68.89487395
1020,12,1,1,0,1,70.76368244
106,2,0,1,0,1,17.898163
111,5,0,0,0,0,15.53989158
988,6,1,0,0,0,73.35896516
103,3,0,0,0,1,18.48597073
980,9,1,1,0,1,69.18259354
1036,9,1,1,0,1,74.47080488
97,2,0,1,0,0,17.07875171
1010,11,1,1,0,1,69.62371723
99,1,0,1,0,0,18.17693184
997,13,1,0,0,1,69.03257088
999,12,1,1,0,0,66.83164904
1027,8,1,1,0,0,74.3990335
107,3,0,1,0,0,14.9854006
988,9,1,1,0,1,69.31467591
1039,7,1,1,0,0,76.10345425
1026,10,1,1,0,1,73.34561684
1022,11,1,1,0,0,69.51794998
982,12,1,1,0,0,65.56760033
1029,8,1,0,0,0,76.36424542
95,4,0,1,1,1,19.09127138
986,14,1,0,0,0,66.17244135
995,12,1,1,0,0,65.85448924
996,9,1,0,0,0,71.22166653
994,11,1,0,0,0,69.36237695
992,9,1,1,0,1,69.85632372
107,4,0,1,0,0,15.49202675
968,9,1,1,1,1,70.28099688
995,9,1,1,0,0,69.56558863
1010,8,1,1,0,0,72.54156041
1023,13,1,0,0,0,71.0056633
1005,13,1,1,0,0,66.47037085
989,13,1,0,0,1,67.52770428
981,10,1,0,0,0,69.17066737
96,3,0,1,0,0,15.868339
1019,7,1,1,0,0,74.06853234
1014,9,1,1,0,0,71.34787934
1005,7,1,1,0,0,72.93490888
100,2,0,0,0,1,18.81520193
998,13,1,1,0,1,67.04693737
1027,12,1,1,0,0,71.07441785
962,12,1,0,1,1,87.52442943
1017,8,1,1,0,0,71.94010068
104,5,0,1,0,0,13.81874671
956,7,1,0,0,0,69.80618388
985,7,1,1,1,1,75.07256663
1042,14,1,1,0,0,70.21922061
983,6,1,1,0,0,71.5416666
982,10,1,0,0,0,69.39542409
104,4,0,1,0,0,14.49823684
1032,10,1,0,1,0,97.71722423
1017,10,1,0,0,1,72.97514514
102,4,0,0,1,0,21.19325154
106,3,0,1,0,0,15.41275535
1014,10,1,1,0,1,72.27847556
993,10,1,1,1,0,71.68177835
960,13,1,1,0,0,62.2836846
1016,9,1,0,1,0,96.56168722
1016,7,1,1,0,1,74.26710762
986,11,1,1,0,1,66.97740298
102,3,0,1,0,0,16.07347091
1006,11,1,1,0,0,69.11998952
99,2,0,0,1,0,22.86033998
1070,11,1,1,0,1,77.53057473
1028,10,1,1,0,1,73.1958054
1017,12,1,1,0,1,69.33827767
990,11,1,0,0,0,69.51317174
1012,8,1,1,0,1,73.07340365
980,10,1,1,0,0,67.09292522
998,10,1,1,1,0,71.80885608
1038,7,1,1,0,1,76.47681884
979,13,1,1,0,0,62.5812197
991,12,1,1,0,1,66.65680327
98,2,0,1,0,0,16.9190886
971,12,1,1,0,1,65.48391414
1014,10,1,1,0,0,71.0553224
97,3,0,1,1,0,18.67271517
1001,11,1,0,0,0,70.05445964
976,12,1,0,0,0,65.40716367
987,9,1,0,0,0,70.3045118
101,3,0,1,0,0,14.99806456
997,7,1,1,0,0,70.75884069
983,11,1,1,0,1,67.60441615
99,3,0,1,1,0,17.99801055
1014,12,1,1,0,1,68.93875963
999,9,1,1,0,1,70.99843272
1015,11,1,1,0,0,69.78628198
983,11,1,0,1,0,91.04478496
103,4,0,1,0,0,14.34538899
1018,13,1,0,0,1,72.16272382
95,2,0,1,0,0,16.76366062
1019,12,1,1,0,1,69.34878473
89,2,0,1,0,0,16.25520462
983,10,1,0,0,0,68.66814549
97,2,0,1,0,0,16.70786088
98,2,0,0,0,1,19.34920961
97,3,0,1,0,1,16.61214334
96,3,0,1,0,1,15.54673768
994,4,1,1,0,1,75.22988334
1018,12,1,0,0,0,70.50426299
98,2,0,1,0,0,16.61487076
982,10,1,1,0,0,67.12823721
94,4,0,1,0,1,15.10200975
104,5,0,1,0,0,14.31399399
973,9,1,1,0,0,66.90259624
1004,8,1,1,0,0,71.59954502
998,9,1,1,0,1,70.84782767
99,3,0,1,0,1,16.94509482
103,1,0,0,0,1,20.36720182
1006,6,1,1,0,0,73.77192254
1000,10,1,1,0,0,69.10106876
995,9,1,0,0,0,71.43792052
1002,12,1,1,0,1,68.3223925
1013,8,1,1,0,0,72.38297868
103,3,0,1,0,1,16.36588122
1011,5,1,0,0,0,76.9941089
1051,10,1,1,1,0,78.84603629
1013,6,1,1,0,0,74.74618024
989,7,1,0,0,0,73.71593079
987,11,1,1,0,0,66.31460494
1002,10,1,0,0,0,70.7496035
1027,9,1,0,0,0,76.19409268
1016,12,1,1,0,1,69.12590721
989,11,1,1,0,0,66.90742195
100,3,0,1,0,1,16.97524719
986,6,1,1,0,0,70.88375091
997,9,1,1,1,0,72.83992986
1013,9,1,1,0,0,71.09440063
966,12,1,1,0,0,63.85153527
975,10,1,1,0,0,66.13516173
1013,11,1,1,0,0,69.32959245
100,3,0,0,0,1,18.72113897
996,11,1,1,0,0,68.29341689
96,3,0,1,0,0,16.16585356
1005,13,1,1,0,0,67.24723989
98,3,0,1,0,0,15.06673936
943,13,1,1,0,0,59.79423023
959,9,1,1,0,1,65.69008431
986,12,1,1,0,0,65.9143868
968,10,1,1,0,1,66.40372111
109,4,0,1,0,0,13.95877372
995,6,1,1,0,1,74.13690599
1014,11,1,1,0,0,69.34695841
1008,11,1,1,0,0,68.89154386
96,2,0,1,0,0,16.76276064
105,3,0,1,0,1,16.48877149
105,2,0,0,0,1,19.86826971
99,3,0,1,1,1,18.55957444
1017,10,1,1,0,1,72.17076467
105,5,0,1,0,0,13.78357196
1012,14,1,1,0,1,66.91913861
996,8,1,1,0,1,71.86889695
1015,8,1,1,0,0,71.829139
104,2,0,0,0,0,18.82751115
100,3,0,1,0,1,16.44335985
997,13,1,1,0,0,65.52410882
991,13,1,1,0,0,65.57836927
979,7,1,0,0,0,71.63551713
992,11,1,1,0,0,66.83979643
1025,11,1,1,1,0,73.84679436
997,7,1,1,0,0,71.54387924
98,2,0,0,0,1,19.56301938
103,4,0,1,0,1,15.57152736
1018,7,1,1,0,0,74.4756312
1010,9,1,1,0,0,71.68340494
995,8,1,1,0,1,71.01739658
995,11,1,1,0,0,67.30169959
1020,10,1,0,0,0,72.84736702
104,3,0,0,0,1,18.45735607
1007,11,1,0,0,0,70.82154585
980,10,1,1,0,1,68.89903595
1013,10,1,1,0,1,71.91842669
105,2,0,1,0,0,17.26867458
971,13,1,1,0,1,64.05845063
1000,10,1,0,0,1,72.49797937
99,3,0,1,0,0,15.7703352
1006,12,1,0,0,0,69.28992152
990,10,1,1,0,0,67.79987142
1020,8,1,0,1,1,100.1036305
949,10,1,0,1,1,88.04617239
100,2,0,1,0,0,16.30574997
982,8,1,1,0,1,70.91504219
97,4,0,1,0,0,13.82966124
1007,10,1,1,0,0,69.75565869
1005,11,1,1,0,0,68.45068848
103,4,0,0,0,0,16.71537911
104,2,0,1,0,0,16.47194114
101,3,0,0,0,0,16.29319029
991,8,1,1,0,0,69.67557502
1005,7,1,0,0,1,75.87659592
978,10,1,1,0,1,67.36429759
88,4,0,1,0,0,14.5087629
1004,9,1,1,0,0,70.29282161
1005,11,1,1,0,0,67.45087037
101,3,0,0,0,0,17.73929598
105,2,0,1,0,0,16.35653857
101,3,0,1,0,1,15.9929195
104,5,0,0,0,1,16.34658429
1028,11,1,0,0,0,71.97390427
97,3,0,1,0,0,14.78195898
987,12,1,1,0,1,66.3546444
1021,9,1,1,1,1,76.49821205
95,6,0,1,0,0,12.7540992
99,4,0,1,0,1,16.29390897
1000,6,1,0,0,0,75.95254404
1033,10,1,1,0,1,73.30891039
984,11,1,1,0,0,65.97827083
991,11,1,1,0,0,67.19517129
1004,6,1,1,0,0,73.50238665
985,6,1,1,0,1,72.31823432
97,3,0,1,0,0,15.30046896
985,10,1,1,0,0,67.40016686
999,13,1,1,1,0,68.55643328
99,3,0,1,0,0,15.81963223
1009,9,1,1,0,0,70.94353597
95,3,0,1,0,0,15.50702133
98,3,0,1,0,0,15.19903124
94,3,0,1,0,1,16.29947154
101,3,0,1,0,1,16.87592344
99,3,0,1,1,0,18.90870998
1004,15,1,1,0,1,65.44528824
1006,10,1,1,0,1,69.91147812
98,3,0,0,0,0,18.48361064
103,3,0,0,0,0,17.27824548
998,11,1,1,0,0,68.30940863
108,2,0,1,0,1,17.31628482
91,4,0,1,0,0,14.06458938
971,11,1,1,0,0,64.32590291
997,10,1,1,0,1,68.91875397
1006,8,1,0,0,0,73.41058139
994,7,1,0,0,0,73.57252003
978,10,1,1,0,0,66.20511639
1011,8,1,1,0,0,72.76045065
96,4,0,0,0,1,17.99063269
932,13,1,0,0,0,60.17978872
975,13,1,0,0,0,65.08593923
976,10,1,1,0,0,66.1440336
990,13,1,1,0,0,65.73194571
970,12,1,1,0,0,63.14067575
1005,13,1,1,0,1,66.8121377
98,3,0,1,0,1,17.22196862
993,11,1,0,0,0,68.60221689
1000,9,1,0,0,0,72.20293018
991,8,1,1,1,0,72.6588696
106,3,0,1,0,0,15.70875581
973,14,1,0,0,1,64.64655618
1001,10,1,0,0,0,70.67726893
93,4,0,1,0,0,14.37011686
976,17,1,0,0,1,61.70320832
1002,14,1,1,0,1,65.50615771
1027,8,1,1,0,1,75.14677707
96,2,0,1,0,0,15.68377949
994,8,1,1,0,1,71.30019494
104,5,0,1,1,0,15.22496938
104,3,0,0,0,0,17.64836514
105,1,0,1,0,0,17.95967077
110,4,0,0,1,0,22.15064901
995,8,1,1,0,0,71.21159276
104,4,0,1,0,0,14.9336462
98,2,0,0,0,0,18.4774444
968,8,1,0,0,0,69.57007755
1015,12,1,1,0,0,68.34650658
1017,10,1,1,0,1,71.91082878
1026,10,1,1,0,0,72.13777711
979,8,1,0,1,0,93.17379152
112,3,0,0,0,1,18.29246693
997,8,1,1,0,1,71.87406284
1025,12,1,1,0,1,71.66695603
106,4,0,0,0,0,17.6858523
992,13,1,0,0,1,68.30918603
992,10,1,1,0,1,68.8981352
998,13,1,1,0,0,66.0862171
995,12,1,1,0,0,66.63372379
1014,10,1,1,0,0,69.4993334
96,3,0,1,0,1,17.03184385
988,10,1,1,0,1,69.08275018
1003,10,1,0,0,0,72.02795271
106,3,0,0,0,0,17.43821075
104,2,0,0,0,1,19.40815222
1001,8,1,1,0,0,71.10210929
990,8,1,1,0,0,69.75370841
1045,11,1,1,0,1,75.41369717
104,3,0,1,0,1,16.6495351
97,4,0,1,0,0,14.04458714
1003,12,1,1,0,0,68.12067321
997,12,1,0,0,0,69.29965502
1012,13,1,1,0,0,67.53480936
99,3,0,0,0,0,18.04915016
972,10,1,1,0,0,66.90476873
967,11,1,0,0,0,66.01123347
1010,10,1,1,0,0,70.55051327
1029,10,1,0,0,0,74.281548
995,13,1,0,0,0,67.78816762
994,12,1,0,0,0,69.33518791
1018,12,1,1,0,0,69.1758041
1003,7,1,1,0,0,72.21050457
103,5,0,1,0,0,13.66729081
103,3,0,0,0,0,17.12959754
113,4,0,1,0,0,15.0046229
1005,15,1,1,0,0,64.73240516
112,3,0,0,0,0,17.49632892
96,4,0,0,0,0,17.18546754
995,13,1,1,0,0,65.47641764
91,4,0,0,1,0,21.51719072
999,12,1,1,0,0,66.86042507
976,7,1,1,0,0,69.19057377
998,12,1,1,0,1,67.00568908
99,3,0,0,0,1,17.77607889
107,4,0,1,0,1,15.83597669
106,2,0,0,0,0,18.87071796
961,7,1,1,0,0,66.986437
104,3,0,1,0,0,15.77797909
1006,13,1,1,0,0,67.72122192
1037,9,1,1,0,0,74.06584938
1010,8,1,1,0,0,72.49156392
1010,10,1,0,0,0,71.8814202
1002,5,1,1,0,0,74.20538338
1018,10,1,1,0,1,71.55448924
1010,6,1,0,1,0,99.26218291
1005,9,1,1,0,0,70.92212171
104,5,0,1,0,1,13.61662974
1020,14,1,1,0,0,66.54916263
103,3,0,1,0,1,16.75438616
1001,12,1,1,0,0,67.16577379
1022,13,1,1,0,0,68.33507232
1004,11,1,1,0,0,68.65846338
992,9,1,1,0,0,68.50709965
92,4,0,1,0,0,15.12846926
103,5,0,1,0,1,14.04147525
1027,9,1,1,0,0,73.57985881
100,4,0,1,0,0,14.97555792
1004,7,1,1,0,1,73.14315627
99,0,0,1,0,0,18.08838225
93,3,0,1,0,0,15.66202637
956,5,1,1,0,0,68.68994255
1013,9,1,0,0,0,72.86185566
1014,10,1,0,0,1,72.98503181
969,13,1,0,0,0,65.23592886
99,5,0,0,0,0,15.71487091
955,12,1,0,0,0,63.91657409
94,5,0,1,1,0,16.2987357
981,10,1,1,1,0,70.02542354
95,4,0,0,0,0,16.0375795
96,4,0,1,0,0,14.98023115
1001,8,1,1,1,0,74.59751856
975,8,1,1,0,0,67.95473929
999,13,1,1,0,0,64.4298985
102,2,0,1,0,0,16.24681002
107,3,0,1,0,0,15.98094199
1001,8,1,1,0,1,73.14067468
986,13,1,1,0,1,66.42123794
956,11,1,1,0,0,63.04393578
104,3,0,0,0,1,19.08145936
985,11,1,1,0,1,66.87644304
995,11,1,1,0,1,68.62044916
97,3,0,0,1,0,21.01163563
990,8,1,0,0,0,71.1961545
972,11,1,0,0,0,67.11035474
1002,15,1,1,0,0,63.51851065
95,3,0,1,0,0,15.9156377
995,7,1,1,0,0,71.59336081
95,3,0,1,0,0,15.70941538
974,9,1,1,0,0,67.02633628
97,3,0,1,0,0,15.63308144
103,2,0,0,0,1,19.505411
1004,13,1,1,0,0,66.69074574
995,9,1,1,0,0,69.556731
1025,10,1,0,0,0,74.04776847
977,9,1,0,0,1,70.90733264
103,3,0,1,0,0,14.80493659
107,3,0,1,0,0,14.17826867
101,1,0,0,0,0,19.23638925
992,8,1,0,0,0,71.65212679
1025,9,1,1,1,0,74.8904525
91,2,0,1,0,0,15.88820322
100,3,0,1,0,0,15.90846819
1012,13,1,1,1,1,70.43210896
102,2,0,1,0,1,18.01896393
988,10,1,1,0,0,67.08255535
1027,13,1,1,0,0,69.28614915
1005,10,1,1,0,1,70.87524024
965,10,1,1,0,0,66.15560008
997,11,1,0,0,1,69.93658553
1002,10,1,0,1,0,94.23745475
1002,14,1,1,0,0,65.05322824
1026,11,1,0,0,1,74.29638167
92,3,0,1,0,1,16.83867305
92,3,0,1,0,0,16.21057039
1013,12,1,1,0,0,67.87537818
100,2,0,0,0,0,18.8729916
1016,13,1,0,0,0,70.48106304
981,15,1,1,0,0,61.7044138
103,3,0,1,0,1,16.47610604
989,12,1,1,0,0,65.53370956
981,11,1,0,0,0,68.02695964
1006,11,1,1,0,1,70.14629126
98,3,0,1,0,0,14.9540619
1017,6,1,0,0,0,76.94512723
982,9,1,1,0,0,67.4000525
109,3,0,1,0,1,17.09788077
104,1,0,0,0,0,19.49136258
967,11,1,0,0,1,66.75516413
986,11,1,0,0,0,68.19235519
1032,7,1,0,0,1,78.15231625
993,8,1,0,0,1,72.89257411
980,11,1,1,0,0,66.32343387
1010,14,1,1,0,0,66.12550347
1002,10,1,1,0,0,69.63216437
94,1,0,1,0,1,18.43582275
97,3,0,1,1,0,17.23744462
1016,13,1,1,0,0,67.6172805
973,13,1,1,0,0,63.75798135
102,3,0,1,0,0,16.6108575
979,8,1,1,0,0,68.6228737
1009,12,1,0,0,0,69.50347078
1020,12,1,1,0,0,69.4226255
1026,10,1,1,0,0,71.91211348
102,4,0,1,0,0,14.10442671
1000,4,1,1,0,0,74.768571
105,4,0,1,0,0,14.88920478
968,12,1,1,0,0,63.54772482
983,6,1,1,0,0,70.36813099
1032,7,1,0,0,1,77.93296781
99,4,0,1,0,0,14.59730328
982,12,1,0,0,1,68.36290915
1007,11,1,1,0,0,68.23702363
103,4,0,1,0,0,15.04855177
1003,8,1,0,0,0,72.61170514
1027,8,1,1,0,0,74.61890039
102,4,0,0,0,0,15.69919982
1021,11,1,1,0,0,70.5785126
1015,11,1,1,0,0,70.10956163
95,4,0,0,0,0,16.21439941
105,3,0,0,0,1,18.71120112
986,14,1,1,0,0,63.51487788
1013,10,1,0,0,0,73.15319168
1029,9,1,0,0,0,74.3837556
1019,10,1,1,1,0,74.67020195
101,4,0,1,0,1,15.0125099
97,5,0,1,0,0,13.63252185
979,9,1,1,1,0,70.97077342
967,11,1,0,0,0,66.74254463
1000,6,1,0,1,0,98.56632869
97,4,0,1,0,1,15.74318496
981,8,1,0,0,0,71.33954478
1010,7,1,0,0,0,74.96948989
98,3,0,1,0,0,15.86853723
105,4,0,0,1,0,22.25831777
104,3,0,0,0,0,16.70981473
989,10,1,1,0,1,68.58089654
1000,10,1,0,0,0,71.2284265
1050,7,1,1,0,0,77.4559551
995,12,1,1,0,0,66.05120479
998,13,1,1,0,0,65.18154508
1035,8,1,1,0,0,75.91718989
1001,10,1,1,0,0,68.9428694
976,14,1,1,0,0,62.59344272
102,4,0,1,0,0,14.3402216
1045,9,1,0,0,0,76.4046403
990,9,1,0,0,0,71.49522631
1008,11,1,1,0,0,68.55307585
1017,13,1,1,0,0,68.05081025
953,9,1,1,0,0,65.02791951
99,3,0,1,1,0,18.21953923
1007,11,1,1,0,0,69.62278091
981,10,1,1,0,0,66.5295658
1046,11,1,1,0,0,74.13813549
94,4,0,0,0,1,16.82086619
1024,14,1,1,0,0,68.55716816
99,4,0,1,0,1,15.0507042
100,2,0,1,0,0,17.41100762
1047,9,1,0,0,0,77.30178658
997,8,1,0,0,0,72.61118907
97,2,0,0,0,0,18.39687435
99,2,0,1,0,0,15.784952
938,9,1,0,0,0,65.50554733
977,8,1,1,0,0,68.7728459
994,11,1,1,0,1,69.67950213
100,4,0,1,0,1,16.00162919
102,3,0,1,0,0,14.82549608
986,10,1,1,0,0,67.11363699
970,10,1,1,0,0,64.73450132
1045,10,1,1,0,0,73.47363119
1007,9,1,1,0,0,71.15105167
1008,11,1,1,0,0,70.10960359
97,4,0,1,0,0,14.45413814
100,5,0,0,0,0,15.46730644
1020,11,1,0,0,0,72.10249008
961,7,1,1,0,0,67.43323634
1010,8,1,1,0,0,72.61517383
1006,11,1,1,0,0,68.37177811
993,13,1,1,0,0,65.15682281
991,8,1,1,0,0,69.6879059
110,3,0,1,0,0,15.61269948
980,6,1,1,1,0,74.26556941
106,1,0,1,0,1,18.09212803
1008,12,1,1,0,0,68.14908615
1012,11,1,1,0,0,69.42833858
1018,12,1,1,0,0,69.48780787
997,10,1,1,0,1,70.17841186
993,13,1,1,0,0,66.03378379
972,9,1,1,0,0,66.94937513
990,7,1,1,0,1,72.07236598
977,7,1,1,0,0,69.50447171
1000,10,1,1,0,0,68.7963513
995,9,1,0,1,0,93.4534633
1013,9,1,0,0,0,73.1122467
1048,10,1,1,0,1,75.6059205
973,10,1,1,0,0,65.97844019
988,9,1,0,0,1,72.25988215
1015,10,1,1,0,0,71.10929812
978,9,1,1,0,0,67.93074828
101,5,0,1,0,0,13.54661167
969,13,1,0,0,0,64.15782069
1013,9,1,0,0,0,74.6672709
1018,9,1,1,0,1,73.47894008
101,2,0,1,0,0,16.73446684
100,6,0,1,0,1,13.18215336
1013,7,1,0,0,0,74.6396856
1011,11,1,1,0,0,69.48793516
1005,9,1,1,0,0,69.63162632
1040,12,1,1,0,0,72.32253318
991,10,1,0,0,1,70.92848474
971,12,1,1,0,0,63.88662394
1011,11,1,1,0,0,68.27413933
104,3,0,1,0,1,17.0798734
109,3,0,0,0,1,19.49356488
994,8,1,0,0,1,73.54214888
104,3,0,1,0,1,16.10094183
1016,10,1,0,0,1,73.17914864
98,4,0,1,0,0,13.85303062
102,4,0,1,0,0,14.24798526
92,3,0,1,0,0,14.69124901
98,4,0,1,0,0,14.57481423
1003,9,1,0,1,0,94.97779669
982,7,1,1,0,0,69.81173583
1009,12,1,0,0,1,70.77696006
104,4,0,1,1,0,18.30653261
998,10,1,1,0,0,68.877375
1029,8,1,1,1,1,78.3071463
101,3,0,1,0,0,14.6700229
1009,12,1,1,0,1,68.85085193
96,3,0,1,0,0,14.6883842
101,0,0,1,0,1,19.2938756
1012,10,1,1,0,0,70.67371284
107,5,0,1,0,1,14.10150487
96,3,0,0,1,0,22.10750345
995,11,1,0,0,0,69.54351743
982,8,1,1,0,0,69.27934166
996,9,1,1,0,0,70.32566339
1045,11,1,1,0,0,72.25532148
989,11,1,1,0,1,67.46236065
1020,7,1,1,0,0,74.78753638
1002,11,1,1,0,0,68.64986126
98,3,0,1,0,0,14.55924292
974,11,1,0,0,0,67.43096473
1008,10,1,1,0,1,70.82634491
105,3,0,1,0,0,15.11755865
991,14,1,0,0,0,65.99729817
101,2,0,1,1,0,18.48765987
92,2,0,0,0,0,18.06071793
93,3,0,1,0,0,15.10966094
107,3,0,1,0,0,16.41410698
97,4,0,1,0,0,14.54463826
1013,7,1,1,0,1,74.47905454
999,13,1,0,0,0,67.40578224
99,3,0,1,1,0,18.46447235
977,11,1,1,0,0,65.87252553
1037,10,1,0,0,0,75.22568747
1034,9,1,1,0,0,73.43454194
1016,10,1,1,0,1,71.73405152
988,8,1,1,0,1,71.14780774
107,2,0,0,0,1,19.62029748
987,10,1,1,0,0,66.70884545
1007,9,1,1,0,0,70.18445906
102,3,0,1,0,0,16.33226934
94,4,0,1,0,1,15.56651793
1010,11,1,1,0,0,69.32509027
96,1,0,0,1,1,25.3286416
1018,10,1,1,0,0,71.05493323
1013,7,1,0,0,0,75.78658959
957,7,1,1,0,0,67.52286804
95,3,0,1,0,1,16.557115
88,2,0,1,1,1,19.43306472
88,3,0,1,0,0,14.61385376
1003,11,1,1,0,0,68.05201021
982,9,1,1,0,0,68.38548496
987,9,1,1,1,0,71.62280322
104,4,0,1,0,0,14.94877923
1012,9,1,1,0,0,72.06908897
994,12,1,1,0,1,67.45314419
99,2,0,1,0,1,18.28380285
1037,9,1,1,0,0,74.59211247
103,3,0,1,0,0,14.7761602
93,2,0,1,0,0,16.00611573
980,9,1,0,0,0,69.86216077
1014,9,1,0,1,0,96.91595136
1012,12,1,0,0,0,70.19222157
996,11,1,1,1,0,71.63970782
999,12,1,0,0,0,69.16764091
1000,7,1,1,1,1,76.64958208
104,4,0,1,1,0,17.43456144
94,3,0,1,0,1,15.78226516
997,10,1,1,0,0,68.44090824
104,4,0,1,0,0,13.94137772
1008,8,1,0,0,0,73.95158254
1038,12,1,1,0,1,72.39803326
984,13,1,1,0,1,64.55882195
100,3,0,1,0,1,15.52445183
1017,7,1,1,0,1,74.19610074
1052,9,1,1,0,0,75.52595874
1045,13,1,1,0,0,71.07700132
973,7,1,1,0,0,69.1003152
974,12,1,0,0,0,66.48306237
1025,11,1,1,0,0,69.39278397
976,5,1,1,0,0,71.8272844
101,3,0,1,0,0,15.2768625
1041,9,1,1,0,1,75.605366
1013,12,1,0,1,0,94.23464562
99,2,0,1,0,1,17.65829171
1013,12,1,0,0,0,70.58582182
1022,14,1,1,0,0,67.51332861
90,4,0,1,1,0,17.68628588
966,12,1,1,0,0,63.91112893
98,3,0,1,0,0,15.60236356
1010,10,1,1,0,1,71.01452547
1022,11,1,1,0,0,70.09146297
92,2,0,1,0,1,17.97707619
100,4,0,1,0,1,15.52093339
101,1,0,1,0,0,17.89361171
105,3,0,1,1,0,19.13400487
1018,10,1,0,0,1,73.77320618
99,5,0,0,0,0,16.21616149
1007,8,1,0,0,0,74.05050003
991,12,1,1,0,0,66.65468127
102,1,0,0,0,0,20.44820969
969,12,1,0,0,0,65.90409059
994,8,1,1,1,0,72.70602946
93,3,0,1,0,0,15.66288131
982,8,1,0,0,1,72.65035758
983,8,1,1,0,0,69.06844394
100,4,0,0,0,0,16.89108989
1008,12,1,1,1,0,70.43375824
1016,9,1,1,0,1,72.45184082
986,7,1,1,0,0,70.56630075
102,4,0,0,1,0,21.65305272
98,2,0,1,0,1,18.21246562
979,11,1,1,1,1,69.31579383
966,12,1,1,0,0,63.55396879
95,3,0,0,1,1,22.38789978
104,2,0,1,0,0,16.06592934
986,11,1,1,0,1,66.73323253
980,10,1,1,0,0,65.7119586
1006,5,1,1,0,1,75.02294276
1019,14,1,1,0,1,68.09592213
1004,9,1,1,0,0,70.15619537
98,2,0,1,0,1,18.82070707
1012,7,1,0,0,1,77.30590295
98,3,0,0,1,0,22.87584349
103,3,0,1,0,0,15.38652435
1033,11,1,1,0,0,71.25759318
974,9,1,1,0,0,67.05498599
104,4,0,1,0,0,13.99124972
1014,11,1,1,0,0,68.55281311
95,3,0,1,0,1,17.08720022
991,9,1,1,0,0,69.43183391
964,11,1,1,0,1,64.88253395
99,4,0,1,0,1,15.49673153
1004,5,1,1,0,0,75.16605252
989,8,1,1,0,0,70.07203556
1002,12,1,0,0,1,70.01641689
996,10,1,1,0,1,68.80309887
1004,11,1,1,1,1,72.33100551
95,2,0,0,0,0,17.92578748
971,12,1,1,0,0,63.46981353
1006,9,1,0,0,0,73.70069409
103,3,0,0,0,0,18.20139401
1003,10,1,1,0,1,70.15321045
105,3,0,0,0,0,17.54559288
977,11,1,1,0,1,67.36243217
977,7,1,1,0,1,69.93252558
1020,12,1,1,0,1,70.54895738
998,9,1,0,0,0,71.42795404
999,10,1,1,0,0,68.31046708
99,5,0,0,0,0,15.24286116
100,3,0,0,0,1,19.57238505
998,11,1,1,0,0,67.8394848
992,12,1,1,0,0,66.1681578
96,4,0,0,0,1,17.5847308
989,9,1,1,0,0,68.77977344
1017,10,1,1,0,1,71.87304276
981,11,1,1,0,0,66.01264722
1016,10,1,1,0,0,70.25427019
104,4,0,1,0,0,14.60672447
95,4,0,1,0,1,15.48526228
1005,8,1,0,0,0,73.86378672
983,17,1,1,0,0,60.25727701
101,3,0,1,0,1,15.91496639
977,10,1,1,0,0,66.88431337
996,8,1,1,0,0,70.84021087
1014,9,1,0,0,0,73.51913186
991,12,1,0,1,1,91.54191304
974,11,1,0,1,0,89.6553463
95,3,0,1,0,0,15.46203167
987,11,1,1,0,0,67.45309405
1010,11,1,0,0,1,72.14212425
969,8,1,1,0,0,67.71516124
983,10,1,0,0,0,69.43385858
1008,9,1,1,0,0,70.90288453
105,4,0,1,0,0,14.56372354
1000,12,1,0,0,0,69.5312206
996,9,1,0,0,0,72.24758687
997,10,1,1,0,0,69.48255363
101,3,0,0,0,1,18.53089849
1000,11,1,0,1,0,93.22872336
96,0,0,1,1,0,21.38909048
981,11,1,1,0,0,64.94894934
104,2,0,1,0,0,16.21797609
113,5,0,0,0,1,16.91966931
1011,8,1,0,0,0,74.10483367
983,8,1,1,1,1,72.67624045
985,13,1,0,1,1,89.38644371
109,3,0,1,0,1,17.05359991
1007,13,1,1,0,1,68.74870411
110,3,0,0,0,1,19.29344138
990,11,1,0,0,1,70.32673159
1003,11,1,1,0,0,68.50150694
995,14,1,0,0,1,66.98253921
976,11,1,0,1,1,90.67804858
995,5,1,1,0,1,74.60254582
978,9,1,0,0,0,69.96114792
951,10,1,1,0,0,63.81799909
1015,10,1,1,0,0,70.50092486
1001,15,1,0,0,0,65.98621572
1012,13,1,1,1,1,71.43496126
988,7,1,1,0,1,71.01447062
90,4,0,0,0,0,16.20811883
1002,10,1,1,0,0,69.75385125
1016,6,1,0,1,0,99.5755009
978,12,1,0,0,0,66.48326851
997,10,1,1,0,0,68.01224165
971,10,1,1,0,0,65.40177202
956,8,1,0,0,0,68.04607174
1029,9,1,1,0,1,74.38207527
104,3,0,1,0,1,15.77466879
110,2,0,1,0,0,16.81662466
1000,13,1,1,0,0,65.55884413
981,10,1,1,0,1,68.47418284
1027,9,1,0,0,1,75.59681481
108,4,0,0,0,0,16.75653501
990,9,1,0,0,1,72.472133
1047,4,1,1,0,1,81.13101441
1007,9,1,1,0,1,70.62637862
986,8,1,1,1,0,72.86855308
984,10,1,1,0,1,67.89610181
1008,12,1,1,1,1,71.77113878
97,3,0,1,0,1,17.00560731
976,7,1,1,0,0,69.92124648
1023,11,1,1,0,1,71.49305706
1020,11,1,1,0,0,69.53271366
983,10,1,0,0,1,69.9403244
983,6,1,1,0,0,71.00403651
102,3,0,1,0,1,16.55101484
979,5,1,0,0,1,74.87475447
1010,10,1,0,0,1,72.36681163
1000,6,1,1,1,0,75.64646142
974,8,1,1,0,0,67.92119397
978,6,1,1,0,1,71.58182343
1001,12,1,1,0,1,67.99680698
108,3,0,1,0,1,16.6144084
998,11,1,0,0,0,69.22552323
105,3,0,1,0,1,16.43809238
105,2,0,1,0,1,16.57149957
1031,9,1,1,1,0,77.24295414
108,2,0,1,0,0,16.95189107
1008,10,1,1,1,0,72.77627189
981,7,1,0,0,0,72.64671027
1017,9,1,0,0,0,74.13021973
995,10,1,1,0,0,68.61643061
106,4,0,0,0,0,17.68364357
103,1,0,1,0,1,18.1318235
106,3,0,1,0,0,15.90223577
1007,6,1,1,0,1,74.72746804
111,4,0,1,0,1,16.18516984
983,9,1,1,0,0,68.64600856
972,6,1,1,0,0,70.34719683
1006,9,1,1,0,0,70.98540068
106,3,0,1,0,0,15.56604016
984,9,1,1,1,0,71.78616293
102,1,0,1,0,0,17.43219998
97,2,0,1,0,0,15.83672514
1001,12,1,1,0,1,68.591791
1014,11,1,1,0,0,69.94069323
103,5,0,1,0,0,12.76944585
1008,13,1,1,0,0,66.90849117
1003,14,1,1,0,1,65.93064921
1024,11,1,1,0,0,70.48074861
103,3,0,0,0,1,19.02718646
1007,10,1,0,0,0,72.24198838
990,13,1,0,1,0,89.53032166
97,3,0,1,0,1,17.1382733
964,9,1,1,0,1,67.15504808
106,4,0,1,0,0,15.04198426
1013,11,1,1,0,0,69.17214499
1003,11,1,0,0,0,70.46374214
982,12,1,1,0,1,66.70273419
981,10,1,0,0,1,70.70780475
93,3,0,0,0,1,18.12365325
944,13,1,1,0,0,59.11850654
104,1,0,0,0,0,19.32590507
984,12,1,1,0,0,64.42415013
104,3,0,1,0,0,15.32969566
93,2,0,0,0,0,18.91513337
1002,8,1,0,0,1,74.76783992
999,8,1,1,0,0,71.94854459
95,4,0,1,0,0,14.38122947
1001,9,1,1,0,0,70.65140386
95,2,0,0,1,1,24.28319473
963,12,1,0,0,1,65.31398449
1008,12,1,1,0,0,68.07712243
108,2,0,0,0,1,19.08869017
93,2,0,0,0,0,18.86122917
1015,7,1,1,0,1,75.26012332
1022,9,1,1,0,0,73.14824939
1030,8,1,0,0,0,76.76708274
106,4,0,1,0,0,14.44139375
1012,8,1,0,0,0,73.89521456
93,3,0,1,1,1,19.1742991
101,1,0,1,0,0,17.99561324
1017,9,1,0,0,0,74.45355076
960,10,1,0,0,0,66.4284063
1011,9,1,1,0,0,69.70027485
989,9,1,1,0,0,67.3014892
987,10,1,1,0,1,68.30958347
105,4,0,0,0,0,15.45235329
1025,11,1,0,0,0,73.3058774
1018,12,1,1,0,0,69.18966853
999,8,1,1,1,0,73.75546176
101,4,0,1,0,0,13.59248043
999,10,1,1,0,1,69.36661994
1017,6,1,1,0,0,74.17651911
999,13,1,1,0,0,65.52329594
996,14,1,1,0,1,65.27554027
95,3,0,1,0,0,15.71890102
996,8,1,1,0,0,69.90501118
1025,10,1,0,0,0,73.51145285
1032,10,1,1,1,0,75.59242901
1033,14,1,1,0,0,69.37070064
93,3,0,1,0,0,15.31639394
1003,8,1,1,0,0,72.31302677
109,4,0,1,0,1,16.17314515
998,11,1,1,0,0,67.54031076
105,4,0,1,0,0,14.4634137
995,9,1,1,0,1,69.82160205
106,2,0,0,0,1,19.78837147
1029,10,1,1,0,0,71.86147124
105,3,0,1,0,0,14.73755166
98,3,0,1,0,1,15.543312
108,5,0,1,0,0,13.7567497
1011,11,1,1,0,0,69.12565913
997,8,1,1,0,0,70.14839434
1009,12,1,1,0,1,69.72104982
996,12,1,0,0,0,68.30397523
995,13,1,0,0,0,67.1071165
1010,7,1,1,0,0,72.54404573
1010,10,1,1,0,0,70.17688817
1037,12,1,1,1,0,74.38017468
966,6,1,0,0,0,71.1360645
1011,12,1,0,0,1,71.61794552
96,3,0,0,0,0,17.22889024
91,3,0,0,0,1,17.65071548
101,4,0,1,0,0,13.97757404
996,10,1,0,0,1,71.07927719
104,2,0,1,0,1,16.89000858
1029,7,1,1,0,1,75.86897654
109,3,0,1,0,0,16.75077276
1011,12,1,0,1,1,94.06453847
97,2,0,1,0,0,15.84311264
983,10,1,0,0,0,69.30989555
1021,14,1,1,0,0,67.214105
1015,10,1,0,0,1,73.83847805
1020,10,1,1,0,0,71.9541135
962,12,1,1,0,0,63.01941625
988,13,1,1,0,0,65.05244388
1028,9,1,1,0,0,73.66000973
106,3,0,0,0,0,17.00646721
993,7,1,1,0,1,71.97872373
98,3,0,1,0,1,15.92802608
980,11,1,0,0,0,66.99319046
100,2,0,0,0,0,18.18285746
1024,10,1,1,0,1,73.00508027
99,1,0,0,0,0,19.96618634
112,3,0,0,0,1,18.66306864
103,3,0,1,0,0,15.13439211
1010,10,1,1,0,0,70.10391193
992,7,1,1,1,1,76.03184194
993,12,1,1,0,1,67.60289458
984,7,1,1,0,1,71.87705017
103,4,0,1,0,0,14.09076178
1023,12,1,1,0,1,69.97647745
998,10,1,1,1,1,72.36001915
103,3,0,0,0,0,17.34123401
1004,11,1,1,0,0,67.98549178
1019,10,1,1,0,1,72.34250518
1009,10,1,0,0,0,71.92025327
1000,14,1,0,0,0,66.59226744
960,10,1,0,0,0,66.81107765
96,3,0,0,0,0,17.40387766
1008,11,1,1,0,0,68.25998195
104,2,0,1,0,0,16.19629584
1000,12,1,1,0,0,67.49566198
1014,11,1,1,0,0,69.21336671
103,2,0,1,0,0,16.04468379
1010,8,1,0,0,0,73.15378967
992,9,1,1,0,1,70.48244529
982,15,1,1,0,0,61.92842179
1023,12,1,1,1,0,72.36491075
986,8,1,0,0,1,73.19104762
995,13,1,1,1,0,68.27553318
982,9,1,1,0,0,68.51445191
1017,11,1,0,0,0,71.12770773
998,12,1,0,0,0,69.03401585
980,8,1,0,0,1,71.72568312
982,11,1,1,0,0,66.21157863
1022,8,1,0,0,0,75.95047417
97,4,0,0,0,0,15.72780682
1021,12,1,1,0,0,69.681243
105,3,0,1,0,0,15.09500254
960,7,1,1,0,0,67.92512022
99,2,0,1,0,0,17.05214554
95,3,0,0,0,0,16.87827301
955,9,1,1,0,0,65.44583921
103,2,0,1,0,0,16.81605682
1024,12,1,1,0,0,69.52846327
1016,7,1,1,0,0,73.06740447
1037,8,1,0,0,1,77.68701018
96,4,0,0,0,1,18.04464773
1003,8,1,1,0,0,70.89325473
998,11,1,1,0,0,68.49576565
972,10,1,0,0,1,68.94641946
99,4,0,0,0,1,17.21071243
984,12,1,1,0,0,66.40626573
995,9,1,1,0,0,69.70701666
1000,10,1,0,0,0,70.22064419
991,7,1,1,0,1,72.39742406
974,9,1,1,0,0,66.96724644
97,4,0,1,0,1,15.67262033
98,4,0,1,0,0,14.55939497
964,9,1,1,0,0,66.41449239
1011,10,1,0,1,0,96.45380719
976,6,1,1,0,0,70.54354713
1022,9,1,1,0,1,72.98673197
106,3,0,1,0,0,15.19205757
98,4,0,1,0,1,14.98720009
86,3,0,0,0,0,17.21087667
982,11,1,1,0,0,66.12998374
1012,9,1,1,0,0,71.32560657
982,13,1,0,0,1,66.73362464
999,8,1,1,0,0,69.92788426
1012,11,1,0,0,0,71.13073357
102,3,0,1,0,0,15.57043484
108,2,0,1,1,0,19.46423187
108,1,0,1,0,0,17.64708311
975,10,1,1,0,0,66.2506765
999,10,1,0,0,0,71.34650411
974,9,1,1,0,0,67.40506764
999,9,1,0,0,0,72.08702986
1017,9,1,1,0,0,72.72442928
988,10,1,1,0,0,68.41753903
101,3,0,1,0,0,16.05815126
1015,7,1,1,0,0,74.2210961
958,11,1,1,0,0,62.96270966
100,2,0,0,0,1,20.62274365
980,9,1,1,0,0,68.27463564
986,12,1,1,0,0,65.79850302
1051,10,1,1,0,1,75.18497776
981,10,1,0,0,0,68.51956756
1044,11,1,1,0,0,73.12888169
1008,7,1,1,0,1,74.20917432
1012,12,1,1,0,0,68.36642524
94,2,0,0,0,0,18.05493459
1023,9,1,1,0,0,71.71458216
1008,8,1,1,1,1,77.29162874
102,3,0,0,0,0,18.05299926
991,8,1,1,0,0,69.9643652
1010,8,1,1,0,0,72.6875012
1011,12,1,0,1,1,93.94767211
972,9,1,0,0,0,69.28898958
988,9,1,1,0,0,68.46398485
992,11,1,1,0,1,68.54089568
971,7,1,0,0,1,71.52688201
103,6,0,0,0,1,15.88489601
980,9,1,1,0,0,67.41666106
1006,11,1,1,0,0,68.13938062
90,3,0,1,0,0,14.70101409
1007,12,1,1,0,0,67.46850886
112,3,0,1,0,1,17.39233128
1017,9,1,1,0,0,71.93642455
1019,12,1,0,0,1,72.10313288
93,3,0,0,0,0,17.56611789
100,5,0,0,0,0,15.89815256
1011,12,1,1,1,0,70.75792445
988,9,1,1,0,0,68.67080916
991,7,1,1,0,0,71.29920385
979,11,1,1,0,0,64.90881211
1006,10,1,1,0,1,70.21356426
1012,7,1,0,1,1,100.4566897
995,12,1,1,0,0,66.38532877
1001,8,1,0,0,0,73.67733594
104,4,0,0,0,1,18.08703612
1009,7,1,0,0,0,75.20248853
1046,12,1,0,1,0,97.69449854
1019,10,1,1,0,0,72.07415277
978,11,1,0,0,0,67.93049505
1001,10,1,0,0,1,71.60457034
957,12,1,1,1,0,65.84410868
1011,7,1,1,0,0,73.13786467
977,11,1,0,1,1,90.70269193
95,4,0,1,0,1,15.33814489
990,10,1,1,0,0,67.67887603
1038,8,1,1,0,0,75.181717
105,2,0,1,0,1,16.89280092
973,13,1,1,0,0,62.97641083
995,10,1,0,0,0,70.60720209
98,3,0,0,0,1,18.93138122
99,1,0,1,0,1,18.37725729
992,16,1,1,0,0,62.42298759
1019,8,1,1,0,1,73.77582994
1004,10,1,0,0,0,72.26418407
976,7,1,1,0,1,69.85531358
997,9,1,1,0,1,70.84993081
105,2,0,1,0,1,16.3587638
1051,11,1,1,1,1,78.0495034
971,9,1,1,0,0,66.89031679
986,11,1,1,0,1,67.90955191
101,3,0,0,1,0,23.51715697
105,2,0,1,0,1,18.39071658
1020,12,1,1,0,0,69.30505597
1006,11,1,1,0,0,69.22459268
1003,11,1,1,0,0,67.7375138
98,2,0,1,0,0,16.6866107
1003,8,1,1,0,0,70.9208381
106,2,0,1,0,0,16.30220453
1016,6,1,1,1,1,78.96214367
1025,8,1,1,0,0,72.90529676
985,11,1,1,0,0,66.83291306
1000,13,1,0,0,0,67.94899796
1024,11,1,1,0,1,71.76717282
953,12,1,1,0,1,63.03198781
1006,5,1,1,0,1,76.20887195
948,9,1,1,0,0,64.55845475
1028,10,1,1,0,0,73.03317468
1004,10,1,0,0,1,72.6832336
1006,10,1,1,1,0,72.03633526
986,10,1,0,0,0,68.55973408
1003,7,1,1,0,0,72.42310759
977,12,1,0,0,0,66.12495298
970,10,1,0,0,0,68.26593386
103,1,0,0,0,1,21.12098427
977,10,1,1,0,0,66.80610117
1009,9,1,0,0,1,73.97891363
987,11,1,1,1,0,70.21948122
968,11,1,1,1,0,67.90441764
1018,12,1,1,0,0,69.3273923
99,3,0,0,0,1,17.98593897
985,10,1,1,0,0,67.97673515
959,11,1,0,0,0,65.45378016
992,8,1,1,0,0,69.82527842
100,3,0,1,0,0,16.02278933
92,2,0,0,0,0,18.76992911
1014,8,1,1,0,1,73.80253124
1016,10,1,1,0,1,72.28010485
101,4,0,1,0,0,14.23600694
102,3,0,1,0,1,16.76812887
989,10,1,1,0,0,68.16743515
1003,12,1,1,0,1,68.65677687
106,2,0,0,0,0,18.42061795
1002,8,1,1,0,0,72.09198003
975,10,1,1,0,0,65.67633435
1034,11,1,0,0,1,74.84772342
1015,11,1,1,0,1,70.28717402
1040,9,1,0,0,0,75.81566726
95,4,0,1,0,1,15.12808292
978,12,1,1,0,0,65.36868773
1015,9,1,1,1,0,74.28797353
1009,11,1,1,0,1,69.45562205
985,7,1,1,0,0,69.29125175
95,3,0,1,0,0,15.37220437
1020,11,1,1,0,0,69.52216134
1002,12,1,1,1,0,69.73805352
989,12,1,1,0,0,65.45431029
1009,13,1,1,0,0,67.43191234
993,11,1,0,0,0,69.60483712
993,12,1,0,0,1,69.58289178
98,5,0,0,0,0,14.89387522
986,12,1,1,0,0,65.85201592
994,9,1,1,0,0,69.51434019
968,3,1,1,1,0,76.29041018
103,2,0,0,0,0,18.58643868
979,7,1,0,0,0,71.72225831
106,3,0,1,0,0,16.20873935
1001,10,1,0,0,0,71.47094286
1042,8,1,1,1,0,77.35500391
1032,11,1,1,0,1,72.72905067
1037,9,1,1,0,1,74.9815998
1004,9,1,1,0,1,70.71235039
92,3,0,1,0,1,16.73967104
98,4,0,1,0,0,15.17234153
993,10,1,1,0,1,69.02046853
98,3,0,1,0,0,16.65964526
1004,9,1,1,1,0,73.31499795
1043,10,1,1,0,1,75.24346413
990,11,1,1,0,0,66.23246836
98,2,0,0,0,1,19.26061217
997,8,1,1,0,1,72.26410694
1007,9,1,1,0,0,70.38864625
1003,10,1,1,0,0,69.21754046
998,7,1,0,0,0,72.71173643
1039,12,1,0,0,1,73.43405112
1007,11,1,0,0,0,70.51346158
99,5,0,0,0,0,15.76971177
99,2,0,1,0,0,16.98071927
1013,11,1,0,0,0,72.24320251
1012,11,1,1,0,0,70.22888081
97,1,0,1,0,0,17.29132423
107,2,0,1,0,0,16.6211649
1013,14,1,1,0,0,67.11227989
96,3,0,1,0,0,16.26650659
109,4,0,1,0,0,14.74559814
1038,8,1,1,0,0,76.24503759
989,12,1,1,1,1,70.29729954
103,3,0,1,0,0,15.31458613
99,3,0,1,0,0,15.66549718
977,10,1,0,0,1,69.43675516
102,3,0,1,0,0,15.47300273
995,9,1,1,1,0,72.81017631
100,3,0,1,0,0,15.99494497
107,2,0,1,0,0,16.20380047
976,11,1,1,0,0,65.04277626
1008,12,1,1,0,1,68.36731153
1009,13,1,1,0,0,66.48994008
997,8,1,1,0,0,70.47632248
1010,10,1,1,0,1,70.49672748
99,4,0,1,0,0,15.31027629
1017,6,1,1,0,0,74.29084117
100,2,0,0,0,1,19.37294051
100,5,0,1,1,1,17.00085713
99,2,0,1,0,1,16.6642899
978,7,1,1,0,1,70.96419345
1023,8,1,1,0,1,74.83450647
106,3,0,1,0,0,15.31074507
97,3,0,1,0,0,15.61511647
92,2,0,0,0,0,18.34970546
110,4,0,1,0,1,15.76704535
96,2,0,1,0,0,16.47040574
1035,13,1,0,0,0,72.20334484
97,5,0,0,0,1,16.70007691
1024,9,1,0,1,1,98.5899412
95,3,0,1,0,1,17.0061616
105,1,0,1,0,0,17.42766451
961,11,1,1,0,0,63.78776211
968,7,1,1,0,0,68.39311573
99,1,0,1,0,1,18.2947834
1009,8,1,1,0,1,72.39768304
99,1,0,1,0,0,17.05940111
1028,8,1,1,0,0,74.24802533
986,10,1,1,1,1,70.73620262
1013,10,1,0,0,1,74.75743057
1020,10,1,1,0,0,71.38856145
1028,7,1,1,1,0,78.86601471
995,10,1,1,0,0,69.0253963
1002,8,1,1,0,0,70.48571764
985,10,1,0,0,0,69.45577437
96,4,0,1,0,0,14.91794862
973,10,1,0,0,0,68.31426977
1054,13,1,1,0,0,71.41208547
994,12,1,1,0,0,66.47746597
993,9,1,1,0,0,69.18803059
1009,8,1,0,0,0,73.6724943
1012,8,1,1,0,0,72.28573746
1028,12,1,1,1,0,72.66878864
1039,10,1,1,0,0,73.52047648
972,10,1,1,0,1,68.00698214
100,2,0,1,1,0,18.95289788
97,4,0,1,1,0,17.03007557
988,9,1,1,0,0,68.85176795
1013,9,1,1,0,0,72.10813959
95,2,0,0,0,1,19.01467732
986,7,1,1,0,1,71.24611933
1003,10,1,1,0,0,69.54114001
991,12,1,1,0,0,66.85615158
1029,8,1,0,0,0,75.91190436
1016,11,1,1,1,1,74.03402763
1051,11,1,0,0,0,76.48676519
1023,11,1,1,0,1,71.10555764
1004,6,1,0,0,0,74.08930232
999,8,1,1,0,0,70.93878299
962,11,1,1,0,0,63.73290087
989,8,1,1,0,0,69.80249921
105,4,0,1,0,1,15.33331306
996,11,1,0,0,1,71.73069583
1004,10,1,1,0,0,69.58380909
96,5,0,0,0,0,15.49831053
1001,9,1,1,0,0,69.16572001
1015,9,1,0,0,0,72.44573207
984,8,1,0,0,0,71.53954994
100,4,0,0,0,1,18.28554427
1011,9,1,0,0,1,73.8098256
102,2,0,1,0,0,16.25925246
99,3,0,0,1,0,21.72161319
974,12,1,0,0,0,66.8827023
1027,14,1,0,0,1,70.83394259
1035,10,1,1,0,1,73.74826564
1019,8,1,1,0,1,74.75037614
99,4,0,1,0,0,15.13420131
1030,10,1,1,0,0,71.4408784
986,12,1,1,0,0,65.97841322
988,15,1,1,0,0,62.71478687
1013,10,1,1,0,0,70.58792219
997,9,1,0,0,0,71.91406905
1028,8,1,0,0,1,77.22531083
91,3,0,0,0,0,16.6083581
985,9,1,0,0,1,70.90335587
954,8,1,1,0,1,66.45847259
1001,11,1,0,0,0,69.67948653
1009,11,1,1,0,0,68.47045304
101,2,0,0,0,0,18.05857135
89,2,0,0,0,0,18.25075489
1002,9,1,1,0,1,70.61631184
978,11,1,0,1,1,90.62835735
989,8,1,1,0,0,70.56328972
986,7,1,1,0,0,70.41543529
978,11,1,1,0,0,65.36894863
995,11,1,0,0,0,69.69928186
965,9,1,1,0,0,67.02418142
999,11,1,1,0,0,67.34630125
1029,12,1,1,0,1,71.78757202
101,2,0,0,0,1,19.4628711
998,11,1,1,0,0,67.92098075
994,10,1,1,0,1,69.76266519
1000,8,1,1,0,0,71.12936358
105,3,0,0,0,1,17.79452592
100,3,0,0,0,0,18.04488546
100,4,0,1,1,0,17.28689855
89,2,0,1,0,0,16.09685448
1042,9,1,1,0,0,75.28092777
1016,9,1,1,0,0,71.32421923
1016,14,1,1,0,0,67.09588606
103,3,0,1,0,0,14.85565479
100,1,0,1,0,0,17.28940262
104,2,0,1,0,0,16.75020301
1003,7,1,1,0,0,72.16108724
1002,10,1,0,0,0,71.18169302
101,4,0,0,0,1,17.65465256
1010,11,1,1,0,1,70.39051386
1001,10,1,1,0,0,70.01384577
984,10,1,0,0,0,68.61947539
979,9,1,1,0,1,67.98700186
100,4,0,0,0,0,16.34616956
1036,12,1,1,0,0,71.55909905
1022,10,1,1,0,1,72.12946161
1014,10,1,1,1,0,73.70751044
99,3,0,1,0,0,15.1071375
993,10,1,1,0,1,69.73336155
971,15,1,1,1,0,64.89475348
1000,11,1,1,0,0,67.44217435
100,3,0,1,0,0,15.19838638
1009,10,1,1,0,0,70.14843743
103,4,0,0,0,0,15.64296089
993,9,1,0,0,0,71.32559839
101,4,0,1,0,0,15.12887212
95,4,0,0,1,0,21.65228359
1010,10,1,0,0,0,71.42863816
94,2,0,0,0,1,19.40410497
98,4,0,1,0,0,14.2030734
987,14,1,1,0,0,64.26999097
97,4,0,1,0,1,15.80270586
999,12,1,1,1,0,69.32728825
95,4,0,1,0,1,15.59727962
997,11,1,1,1,1,71.72431456
1018,11,1,1,0,0,69.11123952
1022,10,1,1,0,1,71.97915924
102,4,0,0,0,0,16.30752759
102,2,0,0,0,0,18.20985936
101,5,0,1,0,1,14.24988914
1033,12,1,1,0,0,70.70053634
1009,10,1,1,0,0,70.42978879
1002,12,1,0,0,1,70.13062414
97,3,0,0,1,1,23.13190361
1025,11,1,1,0,0,70.55009937
101,2,0,1,0,1,16.65484754
1002,9,1,1,0,0,70.19761617
1024,12,1,1,0,1,70.61385679
999,14,1,1,0,0,64.71041049
991,11,1,1,0,1,67.81045152
1018,9,1,1,0,0,71.71284212
1003,5,1,1,0,0,73.97087149
985,11,1,0,0,0,69.03997534
1009,9,1,1,0,0,69.88997366
98,4,0,1,0,0,14.64059878
995,14,1,1,0,0,63.7905547
980,13,1,1,1,1,68.85802492
996,13,1,0,0,0,66.72158795
101,2,0,1,0,0,16.08336418
1021,7,1,1,1,0,77.81413986
107,3,0,1,0,0,14.952183
993,9,1,1,0,1,69.34715582
1032,15,1,1,1,0,70.79776076
975,10,1,0,0,0,67.67832251
114,3,0,1,0,0,16.33782215
109,3,0,1,1,0,17.89984367
102,3,0,1,0,0,16.1341212
1021,11,1,1,0,0,70.02959461
93,4,0,1,0,0,14.50424483
993,10,1,1,0,0,68.36131224
93,4,0,0,0,1,17.5223114
949,9,1,1,0,0,64.13647043
999,7,1,1,0,1,73.46877334
995,8,1,0,0,1,73.59339048
1018,11,1,1,0,0,69.25050096
110,2,0,1,0,0,16.20817441
1009,8,1,1,0,0,72.83634373
984,11,1,1,0,0,66.26014346
968,8,1,1,0,0,66.827868
979,12,1,1,0,0,64.43568647
975,14,1,1,0,0,62.03830796
985,8,1,1,0,1,70.74523948
1028,9,1,1,0,1,73.70161714
983,8,1,0,0,0,71.17242076
92,2,0,1,0,0,17.31975886
104,4,0,1,0,0,13.79833232
100,4,0,1,1,0,17.22376845
991,10,1,1,0,0,68.60693257
1013,13,1,1,0,0,66.90137677
105,5,0,0,0,0,14.73415269
100,3,0,1,0,0,15.26182247
1004,9,1,1,0,0,71.3281447
1004,8,1,0,0,1,74.42704022
1035,12,1,0,0,0,73.6426952
97,4,0,1,0,0,14.77001919
1005,11,1,1,0,0,68.03786932
1000,11,1,1,0,0,67.77620598
97,3,0,1,0,0,15.6739416
971,10,1,1,0,0,66.76100826
107,3,0,1,0,0,15.29810218
1016,9,1,0,1,0,97.70074629
1008,8,1,1,0,0,71.86859168
995,8,1,1,1,0,73.75517158
996,11,1,0,1,1,93.74275245
982,15,1,0,0,0,64.91598926
96,2,0,0,0,0,18.772519
979,12,1,0,0,0,66.40671325
974,8,1,1,0,0,67.61620981
103,4,0,1,0,0,14.11741397
1037,12,1,1,0,0,70.4705072
93,4,0,1,1,0,17.16056241
987,10,1,1,0,0,67.38508879
1006,7,1,1,0,1,72.65733817
92,3,0,0,0,1,18.10206377
980,11,1,0,0,0,66.59672904
995,12,1,1,0,0,66.0983787
978,13,1,1,0,1,65.8095486
94,3,0,1,0,0,15.35198305
1055,10,1,0,0,1,78.49987449
94,4,0,0,1,0,20.22433448
1025,11,1,1,0,1,71.07370668
110,3,0,1,0,1,16.22964994
991,7,1,1,0,0,71.47594278
995,7,1,1,0,0,71.04810769
968,10,1,1,0,1,66.23168746
1002,13,1,1,0,0,65.36476873
983,10,1,0,0,0,68.44116746
1019,11,1,1,0,0,70.16821331
1003,7,1,1,0,0,73.23894517
99,3,0,0,1,0,22.71552827
1013,12,1,1,0,0,68.19448184
970,10,1,1,1,1,70.33081678
94,2,0,1,0,0,16.62089689
1028,10,1,1,1,0,75.32956974
994,11,1,1,0,1,67.7779355
994,10,1,1,0,1,69.25718125
99,3,0,0,0,1,18.03714926
984,6,1,1,1,0,74.26578828
99,3,0,0,0,0,17.72320114
98,3,0,1,0,0,15.84091369
964,11,1,1,0,1,65.48302647
105,3,0,1,0,1,16.50202085
1006,8,1,0,0,1,74.3953995
109,4,0,1,0,0,15.2709826
1032,13,1,1,0,0,69.79874429
994,8,1,1,0,0,70.48292265
1019,10,1,0,0,1,74.19599319
1014,11,1,1,0,0,70.54447387
991,12,1,0,0,0,67.85574937
985,11,1,1,0,0,66.32009933
1006,13,1,1,0,0,66.45826621
1040,12,1,1,0,0,71.84572677
987,13,1,0,0,0,65.87373419
108,5,0,1,0,0,12.91167483
967,9,1,0,0,1,68.93059741
950,9,1,1,0,0,64.58708587
1006,12,1,1,0,0,67.79786782
90,3,0,1,0,0,15.35865346
99,2,0,1,0,0,16.08480391
100,3,0,1,0,0,14.97165732
98,5,0,0,0,0,15.39192299
979,11,1,1,0,1,66.78920822
978,8,1,0,0,0,70.64911238
990,9,1,1,0,0,68.64148323
100,6,0,0,0,1,15.28376422
1000,10,1,1,0,0,68.78135594
95,3,0,1,1,0,19.29684219
977,12,1,1,0,1,64.7571417
109,3,0,1,0,0,16.42655622
1012,6,1,1,0,0,74.86319322
1048,11,1,1,0,1,74.54327915
1023,9,1,1,0,0,72.43078758
1001,6,1,1,0,0,73.28192664
111,3,0,1,0,0,16.6707661
985,10,1,1,0,1,68.0624587
999,13,1,1,0,0,66.13496758
977,9,1,1,0,0,68.18075017
99,3,0,0,0,0,17.38545453
984,12,1,1,0,1,65.73192248
1012,10,1,1,0,0,71.22625834
998,11,1,1,1,1,71.28107339
102,3,0,1,0,0,16.37287502
1013,9,1,1,1,0,74.15052864
1000,10,1,1,0,0,68.39632997
958,9,1,1,0,0,65.45064344
1021,11,1,1,0,1,71.85872524
98,4,0,1,0,0,15.28097963
105,3,0,0,0,0,17.2012032
111,2,0,1,0,1,17.75975568
1015,10,1,1,0,1,71.05809653
1010,7,1,1,0,0,73.34601234
102,5,0,0,0,1,16.28710253
98,2,0,1,0,0,18.00817357
976,12,1,1,0,0,64.57297801
985,13,1,1,0,0,64.02176596
967,12,1,0,0,0,66.34563145
98,2,0,0,0,0,18.31091862
958,11,1,1,0,1,64.98001842
97,4,0,1,0,1,14.6868692
1013,12,1,1,1,0,70.44557812
1009,10,1,1,0,0,69.66611159
109,2,0,0,0,0,18.4799133
983,10,1,1,0,0,68.1292972
102,3,0,1,0,1,16.60526006
982,7,1,1,0,1,71.02598241
974,8,1,0,0,0,69.74042547
100,2,0,1,0,1,17.07877907
1013,13,1,1,0,0,67.83241812
91,3,0,1,0,0,15.04499713
102,3,0,1,0,1,16.13922556
1003,10,1,1,0,0,69.54191998
97,4,0,1,0,1,16.1780553
963,10,1,1,0,0,64.71012625
89,3,0,0,0,0,16.63033908
967,8,1,1,0,0,67.12669562
104,4,0,1,0,0,15.17467865
996,11,1,0,0,0,69.4840897
1041,10,1,1,0,1,74.93601726
993,10,1,0,0,0,70.42004935
101,2,0,1,0,0,16.05677876
96,1,0,0,0,0,20.19550492
989,12,1,1,1,0,67.81143364
93,4,0,1,0,0,15.26571588
103,2,0,0,0,0,18.43976891
1019,9,1,1,0,0,72.14580532
971,10,1,0,0,0,68.21293712
1018,11,1,0,1,0,94.85757003
950,11,1,1,0,0,62.93955431
1008,8,1,0,0,1,74.85903929
977,10,1,0,0,0,69.20961725
987,7,1,0,1,0,95.98525353
988,9,1,1,0,0,69.14342661
1029,9,1,0,0,0,75.61731199
112,2,0,1,0,0,16.4515912
98,3,0,1,0,0,15.28853546
1018,8,1,0,0,0,75.05554091
994,10,1,1,0,0,68.61058984
993,8,1,0,0,0,72.00218463
87,3,0,1,0,0,15.64353199
991,12,1,1,0,1,66.36844303
998,12,1,1,0,0,66.86018042
980,9,1,0,0,1,70.33157532
106,2,0,1,0,0,16.7767015
998,7,1,0,0,1,74.95026049
1004,11,1,0,0,1,71.38700512
1005,8,1,1,0,0,71.39804212
1017,10,1,0,0,0,72.69787614
978,7,1,1,0,0,68.96270071
991,11,1,1,0,0,66.94334825
103,3,0,1,0,0,15.25194248
993,11,1,0,0,0,69.17059087
984,8,1,0,0,0,70.3114267
95,2,0,0,0,0,17.7757093
990,9,1,1,0,0,69.53926327
104,2,0,1,0,0,16.85134151
102,5,0,1,0,0,14.29320725
1002,11,1,1,0,0,67.88067969
996,15,1,0,0,0,65.35310183
989,12,1,1,0,0,65.4500036
995,9,1,1,0,0,69.64808221
1020,9,1,1,0,0,72.85981438
102,4,0,1,0,1,16.17532453
1036,8,1,1,0,0,74.95081874
103,5,0,0,0,1,17.22117974
90,2,0,1,0,0,16.53834919
1005,13,1,1,0,0,67.01303305
96,3,0,0,0,0,17.1826571
1014,11,1,1,0,0,68.7890286
1009,12,1,1,0,1,68.31893185
101,5,0,1,0,0,13.87897476
1011,10,1,1,0,0,70.35127016
996,11,1,1,0,0,68.11338647
973,11,1,0,0,0,67.52714218
1008,13,1,1,0,0,67.15975671
1014,10,1,0,0,1,73.95470969
103,4,0,0,0,0,16.59947963
993,9,1,1,0,1,70.67178171
1021,10,1,1,0,1,73.1390438
105,3,0,1,0,1,17.06625713
1021,11,1,1,0,0,70.54167839
96,3,0,1,0,0,15.35993427
99,3,0,1,0,0,15.44211684
1014,8,1,1,0,1,74.38078807
106,1,0,0,0,1,20.86008833
1032,5,1,1,0,0,77.10311747
990,12,1,1,0,0,66.44204535
98,2,0,0,0,0,18.17107127
1004,7,1,1,0,1,73.41828026
993,8,1,0,0,0,72.03610642
1010,10,1,1,0,0,70.21571377
1034,12,1,1,0,0,70.38765167
100,2,0,0,0,1,19.96263021
102,3,0,0,0,1,18.20962669
989,10,1,0,0,0,69.75299451
106,1,0,0,0,0,19.84122876
99,4,0,1,0,1,15.85733691
100,4,0,0,0,1,16.79249832
1030,9,1,1,0,0,72.61083185
992,13,1,1,1,0,68.11768169
105,4,0,1,0,0,14.92333265
996,13,1,1,0,1,67.48132663
988,6,1,0,0,0,73.73432874
1001,10,1,1,0,0,69.31790629
990,14,1,1,0,1,65.100006
99,3,0,1,0,0,15.14763119
976,10,1,0,1,1,92.50568802
1005,10,1,0,0,0,71.75279193
1034,12,1,0,0,1,74.0253165
1017,12,1,1,1,0,72.17521511
990,8,1,1,1,0,73.37257242
97,4,0,0,0,0,16.21934843
983,12,1,1,0,0,65.20861198
998,12,1,1,0,1,68.09628563
983,11,1,1,0,0,66.62576225
1004,7,1,1,0,1,73.52984669
962,13,1,1,0,0,61.71396125
100,2,0,1,0,0,16.09367725
1017,12,1,0,0,0,71.73850675
1012,7,1,1,0,1,75.54502299
974,12,1,1,0,0,64.43825972
993,11,1,1,0,0,67.91022107
106,3,0,1,0,0,16.15739029
86,3,0,1,0,0,15.23456711
998,13,1,1,0,0,65.97444728
991,13,1,0,0,1,68.26306333
1014,10,1,1,0,0,69.65590696
100,2,0,1,0,0,16.23125592
101,3,0,1,0,0,15.67773934
1016,9,1,1,0,0,71.45956343
994,14,1,1,1,1,67.83542393
102,4,0,0,1,1,22.93538517
1005,11,1,1,0,1,69.15459977
97,3,0,1,0,0,15.64626706
996,12,1,1,0,1,67.85730822
1019,11,1,1,0,0,70.1815635
928,12,1,1,0,0,59.43471593
990,8,1,1,0,0,70.1373741
967,11,1,1,0,0,64.30134549
982,13,1,0,0,0,66.00239426
1018,6,1,1,0,0,74.90033626
1004,13,1,1,0,1,67.37373344
94,5,0,1,0,1,13.29456544
100,3,0,0,0,1,18.62743155
1008,5,1,1,0,1,75.49077022
1036,8,1,1,0,0,75.95614016
945,13,1,1,0,0,59.54229332
106,0,0,1,0,1,19.86612146
982,10,1,0,0,0,68.75369605
965,11,1,1,0,0,64.82119768
1010,11,1,1,1,0,72.40977586
954,13,1,1,0,0,61.06733004
965,7,1,0,0,0,70.00014457
986,6,1,0,0,0,73.23082217
988,11,1,0,0,0,69.59381676
1004,9,1,1,1,0,73.92918472
989,10,1,1,0,0,68.15731222
954,5,1,0,0,0,70.84995239
965,10,1,0,0,0,66.05213052
986,12,1,1,0,0,64.59298653
982,8,1,1,0,1,69.63923748
1025,10,1,1,0,1,72.5349444
973,8,1,1,1,0,71.03353424
99,3,0,1,0,1,15.91801134
92,2,0,1,0,1,16.93302236
105,2,0,0,0,0,18.34414199
1023,12,1,1,0,0,69.91946758
106,4,0,1,0,0,15.07493398
1000,13,1,1,0,1,67.09159453
985,11,1,1,0,0,66.78317765
1026,11,1,1,0,0,70.91968014
987,13,1,1,1,0,67.61054398
98,2,0,0,0,0,18.29699617
1000,13,1,1,0,0,66.78109528
100,1,0,0,0,0,19.73981114
101,3,0,0,0,0,17.30595019
990,9,1,1,0,1,69.03929635
991,11,1,0,0,1,69.81314025
1009,10,1,1,0,1,71.29684413
102,1,0,1,0,0,17.47630816
975,14,1,0,0,1,65.79791428
989,8,1,1,1,0,72.56628411
995,7,1,1,0,0,72.00303868
104,3,0,1,0,0,16.04650917
98,6,0,0,0,1,15.22693426
970,10,1,0,0,1,68.39565739
1029,13,1,0,0,1,72.15953983
989,10,1,1,0,0,67.65590995
993,9,1,0,0,0,70.62130691
105,3,0,0,0,0,17.33530686
105,3,0,1,0,1,17.05927154
1026,10,1,0,0,1,73.69618274
976,11,1,0,0,0,68.03612694
100,2,0,1,0,0,16.42838088
102,2,0,0,1,1,24.73933406
103,3,0,0,0,0,17.50359156
1020,9,1,1,0,0,72.17337783
1027,10,1,0,0,0,74.44350771
996,7,1,1,0,0,72.18423944
977,9,1,1,0,1,68.53561466
100,2,0,1,0,1,18.34997869
1020,8,1,1,0,0,73.51000812
981,10,1,0,0,0,69.48109694
1023,12,1,0,0,0,71.38663149
973,5,1,1,0,0,70.50590996
983,12,1,0,0,0,66.6913144
972,11,1,1,0,1,66.35335094
96,2,0,1,0,0,15.78952989
96,3,0,1,0,0,16.11590406
1014,14,1,0,0,1,69.4310441
1003,11,1,0,0,0,70.1272141
1025,10,1,1,0,0,72.71581808
107,4,0,1,0,0,14.50722095
94,4,0,1,0,0,13.36551921
946,11,1,1,0,0,62.85484483
995,9,1,0,1,0,94.09909048
975,13,1,1,0,1,63.96968354
997,11,1,1,0,0,67.61205455
967,7,1,1,0,0,69.03981292
965,9,1,1,0,0,66.13338362
976,11,1,1,0,0,63.94665161
1012,12,1,1,0,0,68.95517957
99,5,0,1,0,0,13.45395431
1004,7,1,0,1,1,98.27092796
988,9,1,1,0,0,68.1387864
991,10,1,1,0,0,67.77673809
1013,10,1,1,0,1,71.47148757
995,9,1,1,0,0,69.80332877
974,11,1,0,0,0,67.72434961
959,6,1,1,0,1,69.96270523
985,12,1,1,0,0,65.41371364
998,10,1,1,0,1,69.33737409
1022,9,1,0,0,1,76.15434122
984,10,1,1,0,0,66.77105478
96,4,0,1,0,0,13.89431888
1001,12,1,1,0,0,66.98983717
979,9,1,1,0,0,68.74939281
97,5,0,0,0,0,15.00226034
1001,12,1,1,0,0,67.41303037
94,4,0,0,0,0,16.29352883
968,15,1,1,0,1,61.98232246
976,12,1,1,0,0,64.82801192
1000,13,1,1,1,1,70.1276764
981,10,1,0,0,1,69.85168854
1029,9,1,1,0,0,73.58655767
96,4,0,1,0,0,14.34331588
1015,9,1,1,0,0,72.01932329
1012,14,1,1,0,1,66.36383749
1010,13,1,1,0,0,68.08165724
1014,9,1,1,0,0,71.19250357
98,1,0,1,1,1,21.18763047
97,2,0,1,0,1,17.22237547
1001,11,1,1,0,0,68.48483645
1009,9,1,1,1,0,73.4267379
101,1,0,0,0,0,19.61102109
93,3,0,0,0,1,18.1475686
109,2,0,1,0,1,18.09569975
1013,10,1,1,0,1,71.99306076
100,3,0,1,0,0,15.63674202
1000,11,1,1,0,0,66.95671794
104,4,0,1,1,1,18.69640211
1012,7,1,0,1,0,98.29062944
974,8,1,1,0,1,68.82044446
981,14,1,0,0,1,65.67910386
971,13,1,1,0,1,63.66979234
102,4,0,1,0,0,14.07292627
106,2,0,1,0,1,17.39504644
1015,12,1,0,0,0,71.26382726
88,2,0,0,1,1,23.60136478
1011,9,1,0,0,0,72.85520039
102,3,0,1,0,0,15.02028594
1001,5,1,0,0,0,76.45419369
99,3,0,0,1,0,22.87560642
979,10,1,0,0,0,68.22706698
1012,14,1,0,0,1,69.25024567
988,13,1,1,0,0,64.6672389
1000,9,1,1,0,1,70.32227691
978,10,1,1,1,0,69.57119496
1008,9,1,1,0,0,70.16684243
961,13,1,1,1,0,64.89282189
1035,8,1,1,0,0,74.51034254
959,13,1,1,0,0,62.13908319
1019,12,1,1,0,0,69.35845164
1003,6,1,1,0,0,74.12036827
1004,9,1,0,0,0,73.06354769
99,3,0,1,1,0,18.06650885
1049,12,1,1,0,0,71.93918183
99,2,0,1,0,0,16.43577609
996,14,1,1,0,0,63.60498334
968,11,1,0,0,0,66.64210177
979,10,1,1,0,0,67.4273994
983,10,1,1,0,0,67.13216768
1026,10,1,1,1,1,75.41599126
107,2,0,0,0,0,17.5156748
993,11,1,1,0,1,68.42355582
1027,12,1,0,0,0,71.76113628
1022,11,1,0,0,1,74.41990994
88,4,0,1,0,0,14.18221498
999,9,1,1,0,1,70.05710664
95,2,0,1,1,1,20.83389877
1015,9,1,1,0,0,71.50962086
1012,9,1,0,0,1,74.70794987
1016,7,1,1,1,0,76.31507227
104,1,0,1,0,0,17.85713797
103,3,0,0,0,0,17.10556423
1016,9,1,1,0,1,72.9988397
996,10,1,1,0,0,68.42816827
1021,11,1,1,0,0,71.2043657
1003,14,1,1,0,0,65.50960236
98,3,0,0,0,1,18.86570649
974,10,1,1,0,1,67.15110278
1046,7,1,1,0,0,77.76016277
107,4,0,1,0,1,16.14366097
991,13,1,1,0,0,64.50314508
1052,6,1,1,0,0,78.7735307
93,3,0,0,0,0,17.92861946
965,9,1,0,0,0,68.27033165
100,3,0,0,0,0,17.29990829
1010,11,1,1,0,0,69.05307485
95,4,0,0,0,0,16.78733475
97,1,0,1,0,0,17.81000908
1002,7,1,1,0,0,72.06466337
1004,12,1,1,0,0,68.55984505
1026,9,1,0,0,0,75.68794753
980,11,1,0,0,0,67.75970702
1014,10,1,1,0,1,71.81420919
987,8,1,1,0,0,69.68117595
977,12,1,1,1,0,67.69532121
1017,13,1,1,0,0,67.7984215
1011,12,1,0,0,0,69.1683865
105,4,0,1,0,0,15.07718247
93,4,0,1,0,0,14.97671429
99,4,0,1,0,1,15.57961354
106,3,0,1,1,1,19.5043436
103,2,0,0,0,1,19.18140444
987,12,1,1,0,0,64.94561574
94,5,0,0,0,0,16.3947984
995,9,1,1,0,0,68.7547523
991,11,1,1,0,0,67.53007264
1021,14,1,0,0,0,69.44017649
1027,10,1,1,0,0,72.82453933
102,3,0,0,1,1,23.20654306
102,3,0,0,0,1,18.48677265
1015,12,1,1,0,0,69.53749139
100,2,0,1,0,0,17.2056358
1015,11,1,1,0,0,69.54577685
1021,12,1,1,0,0,69.3751937
1000,8,1,0,0,0,73.70924507
1046,11,1,1,0,0,72.65753408
1011,10,1,0,0,0,71.91947572
989,8,1,1,0,0,70.67514123
1027,10,1,1,1,1,75.57837671
988,9,1,1,0,0,68.454865
977,11,1,1,1,0,69.29531645
1015,10,1,0,0,1,74.25499891
988,6,1,1,0,0,71.48513951
998,9,1,0,0,1,72.78465678
966,9,1,1,0,0,66.49242894
101,4,0,1,0,0,14.95960376
97,3,0,1,0,0,15.05382544
974,12,1,1,0,0,63.9423367
996,10,1,1,0,0,68.04590701
96,3,0,0,0,0,17.53158629
999,9,1,0,0,0,71.9190088
1048,12,1,1,0,0,71.80231669
980,9,1,1,1,1,71.09927289
1013,9,1,1,0,1,73.18611445
961,9,1,1,0,0,65.82185668
1027,10,1,0,0,0,73.86858746
980,10,1,1,0,0,67.60083551
1018,10,1,1,0,0,71.14504205
988,13,1,1,0,0,65.69643403
97,4,0,1,0,0,14.11543084
993,10,1,1,1,0,71.6590198
999,10,1,1,0,0,69.31962234
1028,10,1,1,0,0,72.08313073
101,3,0,1,0,0,15.32375183
978,9,1,0,0,0,70.75548657
101,3,0,1,1,0,18.15713553
983,11,1,1,0,0,65.95624284
1011,7,1,0,0,0,75.80772658
1005,10,1,1,1,0,72.92445588
1009,9,1,1,0,0,70.6219231
97,4,0,0,0,1,16.71635771
93,4,0,1,0,1,14.88552261
104,3,0,0,0,0,17.03459487
991,8,1,1,0,1,70.75982757
999,14,1,1,0,0,64.29853241
983,9,1,0,0,0,70.78584744
96,2,0,1,0,0,16.345203
980,7,1,1,0,0,70.85880297
988,8,1,1,0,1,70.5323225
96,2,0,1,0,1,17.59228535
101,2,0,0,0,0,19.25737793
99,3,0,1,1,0,18.24917567
90,1,0,1,0,0,18.0027758
997,9,1,1,0,0,71.04763791
993,9,1,1,1,0,72.2405188
97,3,0,1,0,1,17.03814107
1021,9,1,1,0,0,73.41279845
1027,11,1,1,0,0,71.58570397
1014,10,1,1,0,1,70.84106813
102,5,0,1,0,0,12.94641846
104,4,0,1,0,0,14.64246395
98,3,0,1,0,0,16.21025976
1030,11,1,1,0,0,71.55257007
989,11,1,1,0,0,67.4899516
992,10,1,0,0,0,69.6854488
998,12,1,1,0,0,67.04242461
992,13,1,1,0,0,64.80383679
1000,10,1,0,1,0,93.02024166
1004,9,1,0,0,1,74.15576034
976,10,1,1,0,1,67.88905266
1007,10,1,0,0,1,72.94770017
990,13,1,1,0,0,63.79493014
998,11,1,1,0,1,68.78940812
1042,9,1,1,0,1,74.83872349
984,6,1,1,0,0,71.32678775
995,10,1,1,0,0,68.81654675
1030,11,1,1,0,0,71.00737008
966,8,1,1,0,1,68.44586059
986,13,1,1,0,0,64.99009116
98,3,0,1,0,0,15.92294204
979,10,1,1,0,0,66.20885407
1005,11,1,1,0,0,69.33373565
1028,11,1,1,0,1,72.57223939
1030,9,1,1,0,0,73.61578373
1010,9,1,1,0,0,72.06386393
1003,9,1,1,0,0,70.39020828
967,9,1,1,0,0,66.37071507
103,3,0,1,0,0,16.32128286
100,3,0,1,0,0,15.1565821
106,3,0,0,0,0,17.90213171
996,12,1,1,0,1,66.70670757
986,10,1,1,0,0,67.41577047
1003,9,1,1,0,1,71.28358981
99,3,0,0,0,0,17.98099855
1005,10,1,1,0,0,69.35882911
96,4,0,1,0,1,14.95998614
1017,9,1,0,0,1,74.49262645
1002,12,1,1,0,1,69.02333146
1015,10,1,1,1,1,74.95575583
974,13,1,1,0,0,62.99748562
971,12,1,1,0,0,64.27855526
1011,8,1,1,1,1,76.7837466
1009,9,1,1,0,0,70.37917225
1010,8,1,0,0,0,73.47262799
1027,10,1,1,0,0,72.5588554
1020,12,1,0,0,0,70.78759676
1000,7,1,1,0,0,72.76939477
978,8,1,1,0,0,69.01212163
999,12,1,1,0,1,66.86967946
984,10,1,0,1,0,92.62216621
1011,8,1,1,1,0,75.40915713
97,4,0,1,0,1,15.22101803
101,5,0,1,0,0,14.56732281
1009,12,1,1,0,0,66.76262331
106,2,0,0,0,0,18.90806729
1004,10,1,1,0,0,69.30111372
976,10,1,0,0,1,68.90411188
93,3,0,1,0,0,15.32006253
104,2,0,1,0,1,17.59219234
995,10,1,1,0,0,67.60019446
102,5,0,1,1,1,17.17023912
988,7,1,1,0,0,70.73279486
100,2,0,1,0,1,17.5451787
999,7,1,1,0,0,72.59582974
1005,9,1,0,0,0,72.38737902
1002,8,1,1,0,0,71.34569905
991,12,1,0,0,1,69.22229053
999,13,1,1,0,0,66.06627953
993,12,1,1,0,0,66.25895621
987,9,1,1,0,1,70.60068372
104,4,0,1,0,0,14.84641742
1022,8,1,0,0,1,76.89055678
984,8,1,0,0,0,71.30374974
973,6,1,1,0,0,69.31610603
1019,8,1,1,0,0,73.48534776
1009,11,1,1,0,0,69.51958697
1027,8,1,1,0,1,74.39458985
99,3,0,1,0,1,16.80528459
1009,8,1,0,0,0,73.50090236
1030,14,1,1,0,1,68.92497743
997,11,1,1,0,0,67.58691013
108,3,0,1,0,1,17.2685658
104,3,0,0,0,1,18.659165
97,1,0,0,1,0,24.21101137
1035,8,1,1,0,0,75.01889869
99,2,0,1,0,0,16.88809857
989,12,1,1,0,0,65.45457333
969,10,1,1,0,0,66.17886906
986,12,1,1,0,0,65.29617594
993,10,1,1,0,0,68.0308499
103,3,0,1,1,0,18.15347374
97,2,0,1,0,0,16.71141548
998,13,1,0,0,0,67.60983731
109,2,0,1,1,0,19.02197108
979,11,1,0,1,0,90.29225284
1036,12,1,1,0,1,72.514015
1011,8,1,1,0,0,71.70641557
100,3,0,1,0,0,15.43589747
1008,12,1,1,0,0,67.56193407
992,6,1,1,1,0,75.21557021
107,3,0,0,0,0,18.24169561
1027,7,1,1,0,0,74.95447916
975,8,1,1,0,1,69.00509042
1032,9,1,1,0,0,73.20097993
91,3,0,1,0,0,15.20058356
1026,9,1,0,0,0,75.24891987
983,9,1,1,0,1,68.63684728
96,4,0,1,0,0,14.74102086
97,4,0,0,0,1,18.16342884
1003,11,1,0,0,0,69.59565607
1017,10,1,0,0,1,73.94934411
974,10,1,1,1,0,70.0304833
1027,5,1,1,0,0,76.78466021
96,4,0,1,0,0,14.31793595
977,11,1,0,0,0,67.32836013
99,2,0,1,0,0,16.80422208
986,14,1,1,1,0,67.25865958
999,13,1,1,0,0,65.92581473
1033,7,1,0,0,1,79.19864354
1000,12,1,1,0,0,67.35088216
993,8,1,1,0,1,70.43793367
994,11,1,1,0,1,68.07915159
1014,11,1,1,0,1,70.72133022
1026,11,1,1,0,0,71.14241068
952,5,1,0,0,1,71.66026144
996,10,1,0,0,0,71.04646462
1044,11,1,0,0,0,73.95678844
1010,8,1,1,0,0,71.57240909
1033,12,1,1,0,0,69.95480807
1029,11,1,1,0,0,71.61541075
997,9,1,0,0,1,72.98310697
1027,11,1,0,0,0,72.76262301
108,4,0,0,0,1,17.09175192
1006,10,1,0,0,0,71.83118843
990,11,1,1,0,0,66.21607045
97,2,0,0,0,0,18.96902235
99,4,0,1,0,0,14.79995253
1013,8,1,1,0,0,71.64801054
1012,12,1,0,0,0,71.71323652
1002,8,1,1,0,0,70.73270956
1010,11,1,1,0,0,69.15530314
982,10,1,1,1,1,70.4409134
107,2,0,0,0,0,19.71926981
992,7,1,0,0,0,73.28693272
990,11,1,1,0,0,67.49206118
995,10,1,1,0,0,68.53396682
90,4,0,1,0,0,15.86800644
1011,12,1,0,0,0,70.20572901
989,13,1,1,0,0,63.99668542
991,10,1,1,0,1,69.33631688
988,8,1,1,0,1,70.10220311
1028,11,1,1,0,0,72.31260512
991,13,1,1,0,1,66.25991918
1005,9,1,1,0,0,70.46409158
959,12,1,0,0,0,64.60221378
1032,11,1,1,0,1,72.98327219
975,9,1,1,0,0,67.11302381
106,6,0,1,0,0,13.18065157
112,2,0,0,0,0,19.13926295
99,1,0,0,0,1,20.02321178
997,11,1,1,0,0,67.87878204
1013,9,1,0,0,0,73.01623754
1020,10,1,1,1,1,75.14693518
1007,7,1,1,0,0,72.52815877
980,9,1,1,0,1,68.96779704
1007,12,1,1,0,0,68.1566124
104,3,0,0,0,0,17.08871912
1005,12,1,0,0,1,70.7998947
1007,10,1,1,0,1,70.7466494
91,4,0,1,0,0,15.06041991
91,4,0,1,0,0,14.42372387
1009,8,1,1,0,0,71.15466627
92,3,0,1,0,0,14.35281487
1031,10,1,1,0,1,73.14370112
1012,14,1,0,0,0,68.39820455
1027,11,1,1,0,0,71.17213037
98,2,0,0,0,0,18.05707493
1007,9,1,0,1,0,95.9020129
980,10,1,1,0,0,66.72083704
996,7,1,0,0,0,74.41396313
982,13,1,1,0,0,64.14236924
91,4,0,1,1,1,18.57831378
976,12,1,1,0,0,65.32988503
989,11,1,1,0,0,66.614114
1003,11,1,0,0,0,70.35499511
88,3,0,1,0,0,15.5164493
100,2,0,1,0,1,17.65840501
1033,8,1,1,0,0,75.07092498
1012,8,1,1,0,0,71.7999049
1018,14,1,0,0,0,69.45039796
990,8,1,0,0,0,72.28623337
966,10,1,0,0,0,67.50213051
975,12,1,1,0,1,64.14938444
975,9,1,1,0,1,69.12958603
989,9,1,0,0,1,72.32547479
976,11,1,1,0,0,65.30378426
1034,15,1,1,0,1,69.370823
111,3,0,1,1,0,18.58943363
966,10,1,0,0,1,67.72859981
101,2,0,1,0,0,16.73484873
1021,9,1,0,0,1,75.30063308
106,1,0,1,0,1,18.35884737
104,4,0,1,0,0,13.63164541
1015,9,1,1,0,0,72.26180151
1005,15,1,1,1,1,68.83282813
98,3,0,0,0,0,17.1666158
1023,11,1,1,0,0,71.64605322
1043,9,1,1,0,1,76.04316794
990,11,1,1,1,0,69.77896559
102,2,0,0,0,0,18.07195038
101,2,0,1,0,0,16.3076532
997,6,1,0,0,1,74.80833905
1006,9,1,1,0,0,69.67939198
990,11,1,1,0,0,67.4054183
1008,11,1,1,0,0,68.2589586
1015,10,1,1,0,0,71.34060587
1027,9,1,1,0,1,73.45034935
953,9,1,0,0,0,66.96528247
104,4,0,0,0,1,17.52316962
1018,11,1,1,0,0,69.62724312
985,9,1,1,0,0,68.2645929
998,8,1,1,0,1,72.68698824
1003,9,1,1,0,0,70.58094176
1010,9,1,0,0,0,72.52132312
97,6,0,0,0,0,13.59613702
1002,10,1,1,0,0,68.64768741
957,8,1,0,0,1,69.46732956
102,4,0,1,1,0,17.5206447
103,3,0,1,0,1,16.57879448
105,2,0,1,0,1,17.83082045
1009,7,1,0,1,0,98.52399454
977,8,1,0,0,1,70.82722058
1012,11,1,1,0,0,69.34373242
1009,12,1,1,0,0,68.0297117
112,3,0,1,0,0,15.71889801
1007,14,1,0,0,0,68.64195754
1027,12,1,1,0,0,69.53814648
997,10,1,1,0,1,69.20158229
998,9,1,0,0,0,71.95647376
99,3,0,1,0,0,15.19942007
100,3,0,0,0,0,17.74907257
1005,13,1,1,0,0,66.42556604
101,2,0,1,0,0,16.40466541
1022,8,1,1,0,0,73.26555379
989,12,1,0,0,0,68.5929446
100,4,0,1,0,0,14.69903498
1010,9,1,1,1,0,73.80729826
992,14,1,1,1,0,68.01482533
993,11,1,1,0,0,67.3874487
981,13,1,0,0,0,65.27350955
1010,13,1,1,1,1,72.16870152
103,2,0,0,0,0,19.35038002
1015,11,1,1,0,0,70.29314576
992,11,1,1,1,0,70.48008545
987,10,1,1,0,0,67.77789802
1009,13,1,0,0,1,70.05103799
1019,10,1,0,0,0,72.93003323
99,3,0,1,0,0,15.36449335
972,8,1,0,0,0,69.21566714
988,11,1,0,0,1,69.64032828
996,10,1,1,0,0,67.62553087
110,4,0,1,0,0,14.79767888
93,4,0,0,0,0,16.11459467
1001,9,1,1,0,0,70.41330294
1018,12,1,1,0,1,69.97588431
95,1,0,1,0,0,17.74101374
98,3,0,1,0,0,15.7029237
983,9,1,1,0,0,67.79039567
105,3,0,0,0,0,17.20153588
1006,10,1,0,0,0,71.13837243
102,1,0,0,0,1,20.18485627
1004,7,1,1,0,0,72.80763987
985,7,1,1,0,0,70.34741455
1001,12,1,0,0,1,70.00397654
1053,9,1,1,0,0,75.44295258
93,3,0,1,0,1,16.14373676
106,4,0,1,0,1,15.28910425
1030,10,1,0,0,0,74.28127414
104,3,0,1,0,1,17.05374969
92,3,0,1,0,0,14.42001794
96,3,0,1,0,1,16.72253127
1044,10,1,1,0,0,74.29836777
983,10,1,1,0,0,68.70610474
1005,9,1,1,1,0,73.69304888
992,10,1,0,0,0,69.81422652
96,3,0,0,1,0,22.2868559
998,11,1,1,0,1,67.85901268
110,1,0,1,0,1,18.75048278
1009,10,1,1,0,1,71.41357846
98,4,0,1,0,1,15.59688978
1015,16,1,1,0,0,64.1057612
1020,8,1,1,0,1,74.62120096
998,9,1,1,0,0,69.96242406
98,5,0,0,0,1,17.09028128
98,3,0,0,0,1,17.81240046
997,12,1,1,0,1,68.85491214
964,11,1,1,0,0,63.2048409
979,10,1,1,0,0,66.93035645
972,9,1,1,1,0,69.81197795
1052,11,1,1,0,0,73.74529302
995,9,1,1,0,1,70.30231176
1017,12,1,0,0,0,70.99842753
993,10,1,1,0,0,68.5540292
103,4,0,1,0,0,14.66235733
975,11,1,1,0,1,66.26109018
997,11,1,1,0,0,68.43601812
1039,9,1,0,0,0,75.35781335
978,9,1,1,0,1,69.10607765
968,7,1,1,0,1,68.96236641
1014,10,1,1,0,0,69.85402759
987,14,1,1,1,0,66.37172547
985,8,1,1,1,0,71.8865381
98,2,0,0,0,0,18.00172979
979,13,1,1,0,0,64.60149566
967,8,1,1,0,0,66.49647149
100,3,0,0,0,0,18.17571376
1012,11,1,1,0,0,68.59913196
92,2,0,1,0,1,17.5056129
95,1,0,0,0,0,19.0813174
995,8,1,0,0,1,73.54625456
999,9,1,1,0,0,69.49723821
1018,10,1,1,0,0,70.33053642
105,5,0,1,0,1,13.73006196
1011,8,1,1,0,0,72.91609102
101,4,0,1,0,0,14.3377079
102,2,0,1,0,1,16.76903123
99,2,0,1,0,0,17.1179519
1011,10,1,1,0,0,69.36454127
1021,13,1,1,0,0,68.5147536
990,11,1,0,0,0,69.31363115
96,3,0,0,0,1,18.55051315
93,2,0,1,0,0,16.31095156
1019,9,1,1,0,0,73.03992697
1008,10,1,0,1,0,95.69319335
1035,9,1,1,0,0,74.556127
995,9,1,1,0,0,69.02110725
1017,10,1,1,0,1,71.08953516
102,3,0,1,0,1,16.48667082
103,3,0,1,0,0,16.21578969
102,3,0,0,0,0,18.75064918
997,11,1,0,0,1,70.6024207
976,7,1,1,0,0,69.36999562
1001,14,1,1,0,1,66.18449227
993,13,1,1,0,0,64.97841147
997,14,1,1,1,0,68.42556598
100,4,0,1,0,0,14.15917091
1014,11,1,1,0,0,69.95431241
1026,9,1,1,0,1,74.00404683
107,1,0,1,0,1,18.72069731
978,14,1,1,1,0,65.36531644
108,3,0,1,0,0,14.8500402
95,3,0,1,0,1,15.92976556
95,2,0,0,0,0,19.64965135
1003,12,1,1,1,1,70.4868973
1005,11,1,1,1,0,71.58494014
1006,10,1,1,0,0,69.01614199
102,2,0,1,0,1,17.96264783
101,4,0,1,0,0,14.11697849
997,11,1,1,1,0,70.31008575
993,9,1,1,0,0,69.19394117
1009,11,1,1,0,1,71.00795167
996,7,1,1,0,0,71.19074379
92,4,0,1,1,0,17.87846989
1019,10,1,0,1,0,95.83488304
970,7,1,1,0,1,69.17162569
1022,11,1,1,0,0,70.64351236
1008,9,1,1,0,0,71.67849196
1032,8,1,1,0,1,75.40740029
97,4,0,1,0,0,14.01687359
998,9,1,0,0,0,71.6723844
989,10,1,1,0,1,69.1495151
964,6,1,1,0,0,68.73400758
997,6,1,1,0,0,73.66430767
1021,11,1,1,0,1,71.6326297
999,12,1,1,0,0,66.92877572
1023,10,1,1,1,0,74.54128156
996,9,1,0,0,1,71.95003313
101,2,0,0,0,0,18.73966877
1044,5,1,1,0,0,79.41742224
1039,14,1,1,0,1,70.13941789
992,8,1,1,0,0,70.20134129
100,4,0,0,0,0,16.262254
1021,8,1,0,1,0,98.89287087
99,3,0,1,0,1,16.32220205
999,11,1,1,0,0,67.46149084
978,7,1,0,0,0,72.01972082
99,4,0,1,0,0,13.43827269
98,3,0,1,0,1,15.97694826
1015,12,1,0,0,1,71.82136498
99,4,0,0,1,1,22.46210662
1005,8,1,0,0,0,74.16146672
998,8,1,1,0,1,71.39879963
1033,8,1,1,0,0,75.07789644
1011,12,1,0,0,0,69.86067787
1016,10,1,1,0,1,71.63301545
978,14,1,1,0,1,63.40900304
993,7,1,1,0,0,71.87640709
1016,10,1,1,0,1,71.95856217
1002,10,1,1,0,0,69.29678884
100,2,0,1,0,0,17.02514081
1007,12,1,0,1,1,94.023895
95,4,0,0,1,0,20.51470197
998,9,1,1,0,0,69.89422508
94,3,0,1,0,0,15.41784999
987,9,1,0,0,0,70.79766064
107,3,0,0,0,0,17.58642784
989,13,1,1,0,0,64.66440561
102,1,0,1,0,0,17.63181114
987,10,1,0,0,1,70.78784846
1031,11,1,0,0,0,72.77268502
90,3,0,1,0,1,16.17853597
1028,12,1,1,0,1,70.95830144
109,4,0,0,0,1,17.80836031
110,3,0,1,0,1,16.93812766
1018,8,1,0,0,0,75.08316027
102,3,0,1,0,0,16.4300978
1031,9,1,1,0,0,73.7816357
1025,9,1,0,0,1,75.95952038
1026,8,1,0,0,1,76.52173266
1027,11,1,1,0,0,71.27472623
979,11,1,0,0,0,67.3542449
1000,11,1,1,0,0,68.40765627
973,11,1,1,0,0,64.89531989
102,3,0,1,0,0,15.4337183
985,8,1,0,0,0,71.83973969
986,10,1,1,0,0,67.29307742
956,11,1,1,0,0,63.03372368
997,8,1,1,1,1,73.84406488
100,4,0,1,0,1,15.25477664
989,10,1,0,1,0,93.05325096
101,3,0,0,0,0,17.76732802
993,10,1,0,0,0,69.78307494
1001,7,1,1,0,0,72.63552671
89,3,0,0,0,0,16.22666654
972,8,1,1,0,0,68.605328
95,5,0,1,0,1,14.78480216
103,3,0,0,0,1,17.85602224
1019,12,1,1,0,0,69.35561234
1026,9,1,0,0,0,74.40087813
989,10,1,0,0,1,71.05879649
970,12,1,1,0,0,63.03768501
1018,9,1,1,0,0,71.93143351
983,9,1,0,0,1,70.8543382
1035,11,1,1,0,1,73.65555462
103,2,0,0,0,0,17.80589135
1000,11,1,0,0,0,69.329325
97,3,0,1,0,0,15.76423309
1017,8,1,1,0,0,72.79181115
109,1,0,0,0,0,19.80821606
1003,8,1,1,0,0,71.75006278
989,12,1,1,1,0,68.59645433
1016,10,1,0,0,0,73.05910611
1051,8,1,1,0,0,76.73453383
993,11,1,1,1,0,70.08539176
1003,11,1,0,0,0,70.38658703
1042,10,1,1,0,0,73.08648401
994,6,1,0,0,0,72.40289403
106,3,0,1,0,0,14.86004276
1039,11,1,1,0,0,72.16141741
1029,7,1,1,0,1,75.65629809
95,5,0,1,0,0,12.95452125
979,9,1,1,0,0,68.48118372
1057,10,1,1,0,1,76.51734846
1011,12,1,1,0,0,68.68458244
103,3,0,1,0,0,15.94658196
964,14,1,1,0,0,60.33173773
98,4,0,0,0,1,17.19326348
101,2,0,1,1,0,19.45974386
1006,13,1,0,0,0,69.20643096
963,10,1,0,0,0,67.41950436
1007,7,1,1,1,0,76.04201133
994,10,1,1,0,0,68.25242288
102,3,0,1,0,0,15.57662516
991,8,1,0,1,0,95.46566519
984,14,1,0,0,1,65.64502141
93,1,0,0,0,0,19.73912395
982,10,1,0,0,0,68.94960449
104,2,0,1,0,0,16.12442455
986,10,1,1,1,1,71.5140035
102,2,0,1,1,0,19.19980713
963,11,1,1,0,0,64.55329294
999,12,1,1,0,0,67.00866658
995,8,1,1,0,0,70.465794
1007,8,1,1,0,1,73.35123629
1021,11,1,1,0,1,72.000526
1020,10,1,1,0,0,70.60318922
109,4,0,1,0,0,15.08688154
997,6,1,0,0,0,74.6957974
96,2,0,1,0,0,17.02898545
963,13,1,0,0,0,63.97506735
987,13,1,0,0,0,66.88611368
987,13,1,0,0,0,67.50629649
994,9,1,1,0,1,70.3293661
1018,10,1,1,0,0,71.2495824
970,9,1,1,1,1,71.77133161
1028,8,1,0,0,1,77.21098135
987,10,1,1,0,0,67.14114673
987,12,1,1,0,1,66.01576389
971,10,1,1,0,0,66.66785409
1019,12,1,1,0,1,70.41899236
985,11,1,1,0,0,66.85281502
98,2,0,0,0,0,19.66663022
1003,6,1,1,0,1,74.48443891
100,3,0,1,0,0,15.72626251
980,12,1,1,1,0,67.05911878
1013,13,1,0,0,0,69.82267124
1016,11,1,0,0,1,72.58509305
103,3,0,1,0,0,15.31815888
95,5,0,0,1,1,20.89104694
974,10,1,0,0,1,69.85891558
1028,13,1,1,0,0,69.09397227
101,4,0,1,0,0,14.33158722
109,3,0,0,0,1,18.73751034
1028,11,1,0,0,1,75.05912689
1000,8,1,1,0,0,69.71404671
100,4,0,0,0,0,16.04803006
1005,6,1,0,0,1,75.89478042
1000,8,1,1,0,0,70.14402895
1013,9,1,1,0,1,72.17264622
106,3,0,1,0,0,15.69446672
998,11,1,0,0,1,70.00801264
102,4,0,1,0,1,15.58576069
991,7,1,1,0,0,70.35349219
95,3,0,1,0,0,14.53834341
1004,10,1,1,0,0,70.52552725
98,2,0,1,0,1,17.63268625
106,3,0,0,0,0,17.69218417
93,2,0,1,0,0,15.89121562
965,5,1,1,0,1,71.37148314
103,4,0,1,0,0,14.2954318
101,1,0,0,0,0,20.2024423
1010,9,1,1,0,0,71.0268294
1010,9,1,1,0,0,70.86821938
1060,12,1,1,0,1,74.46643533
1007,10,1,1,0,0,69.06483242
97,3,0,1,0,0,15.57976015
996,11,1,0,0,0,69.07147448
975,9,1,1,0,0,66.79675786
1001,11,1,1,0,0,68.69680465
100,3,0,1,0,0,15.46039447
979,8,1,1,0,1,68.72391342
990,13,1,1,0,1,66.18651053
965,10,1,1,0,0,65.24543608
966,10,1,1,1,0,68.45384297
992,13,1,0,0,0,66.59258357
997,8,1,1,0,0,70.01733479
995,13,1,1,0,1,67.12202516
106,4,0,1,0,0,14.02995025
96,3,0,1,0,0,15.33113463
1023,13,1,1,0,1,69.38366722
106,4,0,0,0,0,16.18614978
108,5,0,0,0,1,16.34234833
101,2,0,1,0,1,17.63478607
91,3,0,0,0,0,17.80249367
92,1,0,1,0,0,17.70141415
965,9,1,1,0,0,66.54251017
1000,9,1,1,1,0,73.36425189
1025,7,1,1,0,1,76.29037221
996,10,1,1,0,0,68.8738528
965,9,1,0,0,0,67.95954788
1001,10,1,1,0,0,69.19580465
1028,11,1,0,0,0,73.0776738
1034,9,1,1,0,0,73.83756282
998,7,1,1,0,0,71.62711625
992,8,1,1,0,0,70.35989248
957,12,1,1,1,1,65.2863899
977,13,1,1,0,1,64.19697371
110,3,0,0,0,0,17.31981161
92,2,0,1,0,0,17.00713934
996,12,1,1,0,0,66.23928782
109,2,0,1,0,0,17.16961924
98,3,0,0,0,0,17.23181099
949,10,1,1,0,1,65.09273866
991,9,1,1,0,1,69.8903028
980,11,1,0,0,0,67.91637501
1003,11,1,1,0,0,69.10411004
980,11,1,1,0,0,65.92865958
995,7,1,0,0,0,72.54633102
940,11,1,1,0,0,62.54396532
98,2,0,1,0,0,16.04555615
976,9,1,0,0,1,70.43656509
982,4,1,1,1,0,76.1659733
999,6,1,1,0,0,72.91460843
98,2,0,0,0,0,18.50333195
1025,12,1,0,1,1,96.26116709
1004,7,1,0,0,0,73.63983411
998,11,1,1,0,0,68.24656219
1002,8,1,1,0,0,71.46346903
109,3,0,0,0,1,18.07657722
1014,10,1,0,0,0,73.05673193
1001,9,1,1,1,0,73.27219283
977,10,1,1,0,1,67.53512483
1011,9,1,1,1,1,74.84410582
990,12,1,1,0,1,67.13457989
105,2,0,1,0,1,18.25076946
983,12,1,1,0,1,66.78142294
982,10,1,1,0,0,67.44192348
1006,13,1,0,0,1,69.09694534
1018,10,1,1,0,0,70.20326121
103,3,0,1,0,0,15.08891881
978,7,1,0,0,0,70.92358242
1019,7,1,1,0,0,73.84342929
997,11,1,0,0,0,69.40041751
985,9,1,0,0,1,70.81569749
994,13,1,0,0,0,67.68227872
103,3,0,0,0,1,18.40844617
1024,12,1,0,0,0,71.53138564
991,12,1,1,0,0,66.52036846
975,11,1,1,0,0,66.17127363
1031,9,1,1,0,0,73.73444296
1014,10,1,1,0,0,70.24148007
1004,11,1,1,0,0,68.59539825
987,11,1,1,1,1,70.5505538
977,11,1,1,0,1,66.95864364
1014,10,1,1,0,0,71.62971869
1023,9,1,0,0,0,74.38169377
94,2,0,1,0,1,16.29638399
1000,13,1,1,0,1,67.16078242
987,10,1,1,0,1,69.17218855
95,2,0,1,0,1,17.85161439
975,9,1,0,0,1,69.56997896
999,12,1,1,0,0,66.14147245
993,9,1,1,0,0,70.30217426
105,3,0,1,0,0,15.35835629
98,3,0,1,0,0,14.23138018
994,11,1,1,0,1,68.40967124
1014,9,1,1,0,0,71.83871985
1000,11,1,0,0,0,70.70776645
1007,10,1,1,0,0,69.37608628
1005,12,1,1,0,1,69.21890663
987,13,1,0,0,0,66.13124233
99,4,0,1,0,1,14.07208379
994,10,1,1,0,1,69.39879816
987,11,1,1,0,0,66.85294737
1020,13,1,1,0,0,68.57249841
1042,12,1,1,0,0,71.64812843
962,6,1,1,0,1,69.71937712
1005,5,1,0,0,0,76.65060129
106,3,0,1,0,0,15.8849208
89,2,0,1,0,0,15.6437988
113,4,0,1,0,0,14.46323932
102,3,0,1,0,0,15.64665561
1035,10,1,1,0,0,73.78301599
982,11,1,1,0,1,67.03059185
974,9,1,0,0,0,69.71867978
1002,9,1,0,0,0,72.19892458
982,9,1,1,0,0,68.46948593
984,11,1,1,0,0,66.86764253
99,2,0,1,0,1,18.19397362
994,12,1,1,0,0,66.18007865
86,3,0,1,0,1,15.79616044
104,1,0,0,0,0,19.78355326
1017,14,1,1,0,0,66.90673825
109,3,0,1,0,1,17.46913601
1026,12,1,1,0,1,70.91267407
1032,11,1,1,1,0,74.94931878
983,10,1,1,0,0,67.33767046
1022,11,1,1,0,1,72.12493135
975,11,1,1,0,0,64.91186113
95,4,0,1,0,0,14.83587398
1002,11,1,1,0,1,69.25702906
106,3,0,1,0,0,14.87988361
95,1,0,0,1,1,26.38342373
995,10,1,1,1,0,72.51794145
92,2,0,1,0,0,16.71605955
999,8,1,1,0,0,70.21103662
988,11,1,1,0,0,68.12953172
995,9,1,1,0,1,70.40092374
988,7,1,1,0,1,71.87686432
1028,12,1,0,0,0,72.41615488
994,12,1,1,0,0,66.39842061
991,7,1,1,1,0,73.67617359
987,11,1,1,0,1,67.24076631
971,11,1,1,0,0,65.78018937
93,3,0,1,0,0,14.73155465
991,10,1,0,0,0,70.06411807
1017,7,1,1,0,0,74.12593508
98,3,0,1,0,0,14.78030394
98,3,0,1,1,1,19.86323677
989,4,1,1,0,0,73.68120652
1010,10,1,0,1,0,94.9737446
1004,7,1,0,1,0,97.38600165
1010,13,1,1,0,1,68.16692704
950,10,1,0,1,1,88.76054444
99,3,0,1,0,0,15.37852048
1010,7,1,1,0,1,73.91358795
987,9,1,0,0,1,70.87061317
997,7,1,1,0,1,72.10714899
987,10,1,1,0,0,67.17652195
1015,5,1,1,0,0,75.159276
1014,13,1,1,0,0,67.39402099
1003,10,1,1,0,1,71.28690778
102,4,0,0,0,0,17.17614281
1010,12,1,0,0,0,70.4795964
97,1,0,1,1,0,20.1375014
99,3,0,1,1,1,19.95453985
104,3,0,0,0,0,17.26535606
992,13,1,0,1,0,90.11566077
1021,10,1,1,0,0,71.33474768
984,8,1,1,0,0,69.652301
976,8,1,1,0,0,69.11033565
984,11,1,1,0,0,67.06861228
956,12,1,1,0,0,62.48850256
1007,10,1,1,1,1,73.27285575
96,4,0,1,0,1,15.73353572
987,13,1,0,0,0,67.27489007
100,3,0,1,0,0,15.31497916
967,9,1,1,0,0,66.2958352
987,12,1,0,0,0,67.3438549
977,7,1,1,0,0,69.78761601
1001,9,1,1,0,1,70.56292437
1012,8,1,1,0,1,73.35183403
1015,10,1,0,0,1,73.57100806
999,8,1,0,0,0,72.93278366
106,2,0,1,0,0,17.39013047
967,9,1,1,0,1,67.51073151
103,4,0,1,0,0,14.16642203
100,3,0,0,0,0,16.79211218
998,8,1,1,0,0,71.45633306
995,11,1,1,0,0,66.62429332
977,8,1,1,0,0,69.14277578
1008,9,1,1,0,0,71.28178868
1028,8,1,1,0,1,74.27296239
950,9,1,1,0,1,65.29828672
98,3,0,1,0,1,15.72845726
991,13,1,1,0,0,64.90570269
99,4,0,1,0,1,15.24496828
1038,11,1,0,0,0,74.2059554
1009,6,1,0,0,1,77.03697428
979,13,1,0,1,1,88.94756779
978,10,1,1,0,1,66.7043303
998,10,1,0,0,0,70.41688794
99,3,0,1,1,0,18.08761979
1052,10,1,1,0,0,75.21281786
105,3,0,0,0,0,17.31827493
1000,13,1,1,0,0,65.70104146
969,10,1,1,0,0,66.15506005
966,9,1,1,0,0,66.2472059
1015,12,1,1,0,0,68.85452296
107,3,0,1,0,0,15.4797614
97,2,0,1,0,0,16.08122398
985,11,1,0,0,0,69.34885563
1008,12,1,1,0,0,68.45588297
999,10,1,1,0,1,69.52051465
110,1,0,0,0,1,20.99869748
99,3,0,1,0,0,15.34145545
974,9,1,1,0,1,68.47448624
107,3,0,0,0,0,17.30994835
1016,9,1,1,0,0,70.91632816
983,8,1,1,0,1,70.24593385
989,7,1,1,1,1,75.36895984
1000,13,1,1,0,0,66.03643631
1004,8,1,1,0,0,71.23907046
1001,12,1,1,0,0,67.75956591
1004,8,1,1,0,1,71.72783253
993,14,1,1,0,1,64.85082262
98,4,0,0,0,0,16.71005184
997,9,1,1,0,0,70.70408347
988,6,1,1,0,0,72.41800921
1011,12,1,1,0,0,67.85381217
999,8,1,1,0,0,71.10949973
101,2,0,1,0,0,16.59652144
1035,6,1,1,1,1,81.0626621
1004,12,1,0,0,1,70.32467206
987,10,1,0,0,0,69.48364989
96,3,0,0,0,0,17.65952372
106,3,0,0,0,0,17.45265927
1000,8,1,0,0,0,72.90311129
1024,9,1,0,0,1,76.16026474
1017,9,1,1,0,0,71.75516203
99,3,0,0,0,0,17.41343818
1025,11,1,0,0,0,73.05053122
94,2,0,0,0,0,18.25068581
103,3,0,1,0,0,15.69386226
1021,10,1,1,0,1,72.32130377
1004,10,1,1,0,0,68.91481131
1023,12,1,1,0,0,68.67354951
963,10,1,1,0,0,64.95764019
104,3,0,1,0,0,15.30684674
102,4,0,1,0,0,14.40990512
99,2,0,1,0,1,17.26184416
970,9,1,1,0,0,66.53493164
936,12,1,0,0,0,62.55247234
983,10,1,0,0,0,68.41112958
107,0,0,1,0,1,19.55140391
1034,12,1,1,0,0,70.94063874
105,3,0,1,0,1,16.37730015
1004,10,1,1,0,0,68.80535937
1004,12,1,1,0,0,67.37887131
1019,11,1,0,0,0,72.36675288
105,1,0,0,0,0,19.71784084
970,6,1,0,0,0,71.57352514
97,3,0,0,0,0,17.52345274
1017,12,1,0,0,0,71.83068748
991,11,1,1,0,0,66.28196338
972,6,1,0,0,1,72.94697493
97,3,0,0,0,0,17.33905818
1000,8,1,0,0,0,72.75841701
1035,14,1,1,0,0,69.55306049
90,3,0,1,0,0,15.12407464
966,11,1,1,1,0,67.85371478
979,8,1,1,1,1,73.17513724
97,3,0,0,0,0,16.96493596
106,2,0,1,0,1,17.0857822
975,8,1,1,0,0,68.61718811
1006,12,1,1,0,0,66.83558698
982,11,1,1,0,1,67.61817701
96,5,0,1,1,0,16.29216562
102,3,0,1,0,1,16.16812654
1020,11,1,1,0,0,70.95751874
1012,9,1,1,0,0,71.59165729
106,3,0,0,0,1,18.98772062
109,1,0,1,0,0,17.84169732
114,2,0,0,0,0,18.91815794
984,10,1,1,0,0,67.0786668
1013,10,1,1,0,0,70.87869463
993,12,1,1,0,0,65.81597471
1016,8,1,0,0,1,75.8868719
999,10,1,1,0,0,68.62553653
98,2,0,0,0,1,18.71563269
979,9,1,0,0,0,70.55108173
982,10,1,1,0,0,67.77928425
956,10,1,1,0,1,65.37406168
972,9,1,1,0,1,67.09664203
994,8,1,1,0,0,70.87982832
1007,10,1,1,1,1,74.25323722
991,8,1,0,0,0,71.32469855
974,8,1,0,0,0,70.75143983
95,2,0,1,0,0,16.05073396
102,4,0,1,0,0,13.75690304
994,9,1,1,0,0,69.56100778
1017,12,1,1,0,0,69.34345008
991,10,1,0,0,1,70.58783672
998,8,1,0,0,1,73.4438312
101,3,0,1,0,0,15.88040368
1022,10,1,0,1,1,98.11474164
100,3,0,1,0,0,15.79771486
993,11,1,0,0,1,69.95154699
107,2,0,1,1,1,20.3823087
103,3,0,0,0,0,17.77204953
100,3,0,0,0,0,17.45980608
1008,12,1,0,1,0,93.2017381
112,2,0,1,0,0,16.68640652
100,3,0,1,0,1,16.28316185
948,6,1,1,0,0,67.39500998
1030,12,1,1,0,0,70.9938149
1044,10,1,0,0,0,76.67072564
100,2,0,1,0,1,17.65047343
1031,8,1,1,0,0,74.66164769
95,2,0,1,0,0,16.02094132
102,3,0,0,0,1,18.93326118
969,10,1,1,0,0,64.8103662
102,3,0,1,0,0,14.50776816
1000,9,1,1,0,0,70.39512539
1019,13,1,0,0,0,70.14736207
999,10,1,0,1,1,94.76428425
105,3,0,1,0,0,15.23961962
1013,9,1,0,0,0,73.67408487
107,2,0,1,1,1,21.07084769
978,5,1,1,0,0,72.41409221
1009,9,1,0,0,0,73.63676803
106,4,0,0,0,0,15.86480643
100,3,0,0,0,0,18.29780982
1033,13,1,1,1,0,71.95779533
102,3,0,0,0,0,17.53344967
93,2,0,1,0,1,17.70045874
96,2,0,1,0,0,16.15172949
96,4,0,1,1,1,18.69430454
102,3,0,1,0,1,16.81487747
991,12,1,0,1,1,91.46687384
99,2,0,1,0,1,17.39255939
1036,14,1,1,0,0,69.27086526
980,8,1,1,0,0,68.72736787
1010,11,1,1,0,0,69.36293957
969,12,1,1,0,1,65.14108116
995,7,1,1,0,0,72.65142915
992,9,1,1,0,0,68.99657269
105,3,0,0,0,0,18.15345171
97,3,0,1,1,1,19.63244778
110,3,0,1,0,0,15.6335906
89,2,0,1,0,1,17.77309121
103,4,0,1,0,1,14.6576054
1022,12,1,1,0,0,69.78067696
997,11,1,1,1,1,71.96652252
996,11,1,1,0,0,67.69238871
996,15,1,0,0,1,66.52031109
997,8,1,1,0,0,69.96854696
1027,9,1,1,0,0,71.45716516
105,2,0,0,0,1,19.58211007
1001,11,1,1,0,0,67.78569929
1034,10,1,1,0,0,73.47560774
100,2,0,0,0,0,19.23827885
101,3,0,0,0,1,19.44763932
1029,7,1,1,0,0,74.94055421
102,4,0,1,0,0,14.70540464
100,5,0,1,0,0,13.66793323
974,10,1,0,0,0,68.42777455
994,10,1,0,0,0,70.00357576
88,3,0,1,0,0,15.42019699
1002,11,1,1,0,0,68.13527197
998,10,1,0,0,1,71.75403059
1032,11,1,1,1,0,74.65743689
994,16,1,1,0,0,62.74149529
1017,7,1,1,0,0,74.48949675
1020,9,1,1,0,0,72.47779672
990,12,1,1,0,0,65.9646346
1014,8,1,1,0,0,72.36368829
101,4,0,1,0,1,14.98151106
97,3,0,0,0,0,17.5272173
979,12,1,1,0,0,65.10946916
984,15,1,1,0,1,62.37117825
1040,4,1,1,0,1,80.76662192
1013,10,1,0,0,0,72.28760701
103,3,0,1,0,1,16.24220737
1000,13,1,1,0,0,66.07657526
972,13,1,1,0,0,62.43848389
983,5,1,1,0,0,71.89912874
995,9,1,1,0,1,70.10846272
981,10,1,0,0,0,69.64981969
1023,10,1,1,0,0,71.83116823
970,11,1,1,0,0,65.50077397
99,3,0,0,0,0,17.33654576
1020,10,1,1,0,0,71.93806677
970,9,1,1,0,0,66.3853682
1002,9,1,1,0,0,70.65207657
1002,8,1,1,0,1,71.84222863
1001,9,1,1,0,1,71.71916172
999,7,1,1,0,1,72.80372545
994,10,1,1,0,0,67.59249799
95,2,0,1,0,0,16.41694279
988,10,1,1,1,0,70.58525303
1019,7,1,1,1,0,76.99696957
1011,12,1,0,0,1,70.71777795
998,10,1,1,0,0,68.74154302
1010,10,1,1,0,0,70.05658344
979,9,1,1,0,1,68.74822878
1004,11,1,0,0,0,71.374804
1000,11,1,1,0,1,68.98070294
992,7,1,1,0,1,72.83948387
98,4,0,0,0,0,16.10569186
99,1,0,1,0,0,17.42149087
97,2,0,1,0,0,16.81805127
88,4,0,1,0,0,14.80880145
1040,11,1,1,0,0,72.39517687
1006,10,1,0,0,0,72.02532028
1004,10,1,1,0,0,69.56282603
998,10,1,1,0,1,69.58913175
103,4,0,1,0,0,14.85881153
109,2,0,0,0,0,19.19172276
1003,8,1,1,0,1,72.19487532
1029,8,1,1,0,0,74.63206729
1035,11,1,1,0,0,72.19600216
1010,11,1,0,0,1,72.07503966
92,4,0,0,0,0,15.93292833
956,11,1,1,0,0,64.13133677
999,9,1,1,0,0,70.06794696
1004,7,1,1,1,1,76.73349592
990,12,1,1,0,0,66.27226058
980,8,1,0,0,0,70.59293128
987,10,1,1,0,0,67.66547917
974,7,1,0,1,1,94.72015269
93,2,0,1,0,1,17.14305242
1010,7,1,1,0,1,73.88816931
984,8,1,1,1,0,72.25060456
992,11,1,0,0,0,69.7300594
1002,11,1,1,0,0,68.81334914
990,12,1,1,0,0,65.39782924
991,11,1,1,1,0,70.41504403
995,3,1,0,0,0,77.28600691
977,12,1,0,0,0,66.63075114
978,9,1,1,0,0,66.61073251
1010,7,1,1,0,0,73.6341782
999,13,1,1,0,0,65.92384237
1017,10,1,1,0,1,71.68430722
993,6,1,1,0,0,72.34237048
109,5,0,0,0,0,16.46970869
1012,12,1,0,0,0,70.89526613
107,3,0,1,0,0,14.79550673
1017,9,1,1,0,0,71.68179437
99,4,0,1,0,0,15.08515963
1002,9,1,1,0,0,71.02097959
99,4,0,1,0,0,15.24573185
1004,9,1,1,0,1,70.5345047
105,4,0,1,0,0,14.17415454
973,5,1,0,0,1,73.64682069
983,11,1,1,0,0,66.29329841
96,4,0,0,0,1,17.65327031
992,7,1,0,0,1,74.13597003
982,9,1,0,0,1,71.03864984
978,11,1,1,1,1,70.26728588
1005,7,1,1,0,1,73.50143757
1029,13,1,0,0,0,70.9813738
105,2,0,1,0,0,17.19572621
980,11,1,0,0,1,69.70668282
1010,14,1,1,0,0,66.39986506
1005,11,1,0,0,0,70.14227985
1001,8,1,0,0,0,73.02807174
981,7,1,1,0,0,70.1700791
99,1,0,1,0,0,17.75051462
1011,10,1,1,0,0,70.04504667
986,14,1,0,1,0,88.20211459
1014,12,1,1,0,0,68.710115
995,11,1,1,0,0,67.39354172
1033,14,1,1,0,0,69.059493
98,3,0,1,0,1,16.62117895
95,3,0,0,0,0,18.75911742
993,12,1,1,0,1,67.24754698
983,12,1,1,0,0,65.7113874
1026,7,1,1,0,0,74.27150215
103,2,0,1,0,0,16.9718126
1007,12,1,1,0,1,69.16714275
984,7,1,1,1,0,72.73020314
993,9,1,1,0,0,68.98929615
99,1,0,0,0,0,20.39161702
971,8,1,0,0,0,70.26417851
1032,9,1,1,1,0,76.20773664
996,10,1,0,0,0,70.5556548
995,10,1,1,0,1,68.83975874
999,12,1,0,0,0,69.2306586
1022,10,1,1,1,0,74.39014366
100,3,0,1,0,0,15.49951223
1004,11,1,0,0,0,70.57153417
988,9,1,1,0,0,69.22631662
979,10,1,0,0,0,68.56275826
987,13,1,1,0,1,65.83290665
1018,9,1,1,0,0,71.53716786
1000,8,1,1,0,1,72.72909057
1020,12,1,0,0,0,72.43812944
1030,11,1,1,0,0,71.12119495
975,11,1,1,0,0,65.24292378
980,10,1,0,0,0,68.96812473
1002,10,1,1,1,1,72.6958182
998,13,1,1,0,0,66.42237612
102,2,0,1,0,1,17.05051325
1040,10,1,1,0,0,72.82199567
97,4,0,1,0,0,14.09701947
1053,10,1,1,1,1,79.68373428
1011,10,1,1,0,0,70.22808153
1009,10,1,0,0,0,72.46566161
97,5,0,1,0,0,12.70859711
96,3,0,0,1,0,22.7105643
105,2,0,0,0,1,18.85804775
993,13,1,1,1,0,68.69598583
985,7,1,1,0,0,70.4490634
994,11,1,0,0,0,69.62841928
1012,11,1,1,0,1,70.55462899
1034,9,1,0,0,0,75.96338437
1014,8,1,0,0,0,75.48056105
1020,10,1,1,0,0,71.2444491
1008,8,1,1,0,0,72.15472877
1029,10,1,1,0,0,72.73956525
91,3,0,1,0,0,15.79161901
98,2,0,0,0,0,18.24297776
997,6,1,1,0,0,72.72950796
999,6,1,0,0,1,75.63224343
100,3,0,1,0,1,17.36298091
976,9,1,1,0,0,66.68975222
1009,14,1,1,0,0,66.18485084
100,4,0,1,0,1,15.22531422
1021,10,1,1,0,0,71.31536393
101,3,0,1,0,1,16.06475832
109,3,0,1,0,0,15.45658076
1008,11,1,1,0,0,69.2905046
997,8,1,1,0,1,71.52311114
981,12,1,0,0,0,67.39220037
987,8,1,1,0,0,69.17236991
102,3,0,1,1,0,18.5853411
1009,11,1,1,0,0,68.62465207
102,3,0,1,0,1,15.90685407
974,9,1,1,0,1,68.40106418
986,9,1,1,1,0,71.5177423
94,4,0,0,0,1,16.65684932
1000,8,1,0,1,0,94.84524768
101,4,0,0,0,1,17.11768591
1025,7,1,1,0,0,75.89799367
103,3,0,0,0,0,17.32866362
1000,11,1,0,0,1,71.47525996
94,3,0,1,1,0,17.64489165
994,8,1,1,0,0,70.46789997
103,5,0,1,0,0,13.07271679
1011,9,1,1,0,0,70.17113841
988,12,1,1,0,1,66.24613377
1029,10,1,1,0,0,72.32481421
969,11,1,0,0,0,67.02441625
93,3,0,0,0,1,18.25375529
1009,12,1,1,0,1,69.1739598
106,2,0,1,0,0,15.68107602
1022,12,1,0,1,1,96.01498921
993,11,1,1,0,0,67.70904332
1018,11,1,1,0,0,70.44404544
104,3,0,0,0,0,17.4347662
1014,7,1,0,0,1,77.48135788
99,4,0,0,0,0,16.62723216
972,11,1,1,0,0,64.44576403
1016,11,1,0,0,0,71.51600045
1010,8,1,1,1,0,75.13203502
986,11,1,1,0,0,65.8787662
998,6,1,0,0,0,74.69199479
994,9,1,1,0,0,69.46798755
1027,10,1,0,0,0,73.41888548
1016,14,1,1,0,0,66.58787825
109,2,0,1,0,0,16.48089076
101,3,0,1,0,0,15.46282332
1016,13,1,0,0,1,70.28928046
1002,10,1,1,0,1,69.57028505
1007,12,1,0,0,1,71.48384593
997,12,1,1,0,0,67.2499825
982,8,1,0,0,0,71.16122546
94,3,0,1,0,0,14.63133034
1037,13,1,1,0,0,71.00531286
997,12,1,1,0,0,66.24492505
1005,9,1,1,0,0,70.90545083
993,9,1,1,0,0,69.56017132
991,11,1,1,0,0,67.28572072
1007,7,1,1,0,0,72.1568319
104,2,0,0,0,1,19.90558161
999,10,1,0,0,0,71.25743371
91,2,0,0,0,0,18.08456782
987,10,1,1,0,0,68.10407387
984,10,1,1,0,0,67.48875611
994,11,1,1,0,1,68.3173427
1006,9,1,1,0,0,71.26217149
100,4,0,1,0,0,15.3878976
1043,8,1,1,0,0,76.28147894
106,2,0,1,0,1,18.41323273
101,2,0,0,0,0,18.03383623
992,11,1,1,1,1,71.08492105
988,11,1,1,0,0,66.9294655
1006,5,1,1,0,1,75.84347128
107,2,0,1,0,0,15.97094893
1012,9,1,1,0,0,71.54291994
1006,12,1,0,0,0,70.18099634
1003,10,1,1,0,1,69.72913597
1008,12,1,1,0,0,68.36551663
982,11,1,0,0,0,69.04239723
1055,10,1,1,0,1,76.1441102
98,4,0,1,0,0,14.52030236
1053,10,1,1,0,0,75.73467339
980,8,1,1,1,0,71.95056861
980,12,1,1,0,0,64.76231149
947,12,1,1,0,1,62.50099932
107,4,0,1,0,0,15.05963891
101,1,0,0,0,0,20.09034144
994,10,1,0,0,0,69.83281847
94,3,0,1,0,0,15.69967491
1010,12,1,1,0,0,69.00276377
989,9,1,0,0,0,69.99613019
1005,8,1,1,0,0,72.40137459
96,3,0,1,0,0,15.93060104
980,6,1,1,0,0,70.7793875
1018,12,1,1,0,0,68.53214377
1014,6,1,1,0,0,74.37854911
99,1,0,1,0,0,17.43989488
1005,9,1,0,0,1,74.05576192
93,2,0,1,0,1,17.40699583
104,5,0,1,0,1,15.28548961
1026,10,1,0,0,0,74.07481621
98,4,0,0,0,0,16.37124273
999,4,1,1,0,0,74.71027533
974,11,1,0,0,1,68.79077757
996,12,1,0,0,0,68.98283323
1035,12,1,1,0,0,71.40311027
101,4,0,1,0,0,15.28620735
106,3,0,1,0,0,16.09542858
101,4,0,1,0,0,14.43456173
1028,9,1,1,0,0,72.63123473
104,2,0,1,0,0,16.82428328
994,14,1,0,0,0,66.35654004
1005,11,1,1,0,0,68.47919724
954,10,1,0,0,0,64.82147557
996,14,1,1,0,0,64.90673388
993,14,1,1,0,0,64.25135948
988,11,1,1,0,0,66.26501915
1042,6,1,0,0,0,80.29595994
997,9,1,0,0,0,71.84811072
1024,11,1,1,0,0,70.00039188
1020,10,1,1,0,1,71.22550825
974,9,1,0,0,1,70.81797131
995,10,1,0,0,1,72.4525987
107,3,0,0,0,1,18.96512004
1035,7,1,0,0,0,77.42197545
1010,10,1,1,0,0,69.86923821
105,3,0,0,0,0,18.228638
985,7,1,1,0,0,69.41628007
1004,6,1,1,0,1,74.98020242
1024,6,1,1,0,0,75.46656462
1005,13,1,1,1,0,69.69657926
990,9,1,1,0,0,68.65003456
973,12,1,0,1,0,87.44724057
1024,11,1,1,0,0,71.06280485
103,3,0,1,0,0,14.96015287
105,2,0,0,0,1,19.59496047
976,11,1,0,0,1,67.91175281
1005,7,1,1,0,1,73.77883433
955,8,1,1,1,1,70.22640922
979,10,1,0,0,0,69.07738398
994,11,1,1,0,0,67.39238398
1000,8,1,1,0,0,70.73632952
975,10,1,1,0,0,66.43013417
987,11,1,0,0,0,68.07798662
985,9,1,1,0,0,67.89509497
1010,14,1,1,0,0,66.66798663
1017,11,1,0,0,0,71.74525698
982,8,1,1,0,1,70.1034392
104,5,0,0,0,0,15.09655071
94,4,0,1,0,0,15.12786413
1001,13,1,0,0,0,68.63357278
102,2,0,0,0,0,18.88269376
971,12,1,0,0,0,66.17749035
98,1,0,1,0,1,18.50503351
974,8,1,1,0,1,69.58975826
109,3,0,1,0,1,16.22108847
960,9,1,1,0,0,65.86370569
998,9,1,0,0,1,73.39137863
99,3,0,1,0,1,16.80830729
992,9,1,1,0,0,69.81452814
999,13,1,1,0,0,66.0472475
108,4,0,1,0,0,14.70709932
1043,9,1,1,0,1,75.99998311
1020,9,1,1,1,0,74.85042148
1010,11,1,0,0,1,71.51254351
1041,10,1,1,0,0,73.33238267
95,1,0,0,0,0,19.69367283
111,4,0,1,1,1,18.38337347
90,2,0,1,0,1,16.9702747
104,3,0,1,0,0,15.40166903
1007,12,1,0,0,0,68.87048017
96,1,0,1,0,0,17.01036089
1037,11,1,1,0,0,71.85439652
94,2,0,1,0,1,17.18554138
95,1,0,1,0,0,17.84768563
100,2,0,0,0,0,18.79176855
95,4,0,1,0,1,15.27441218
987,7,1,1,0,0,70.78755488
101,1,0,1,0,0,18.24745607
1025,8,1,1,0,0,74.37360428
1017,8,1,1,0,0,73.11366841
104,3,0,0,0,0,17.25288344
95,2,0,1,0,0,16.3035537
1028,7,1,1,0,1,75.7615244
966,6,1,0,0,0,71.71369733
104,1,0,0,0,1,20.1827316
1008,10,1,1,0,1,70.55050617
1023,12,1,1,0,0,69.56338836
90,4,0,0,0,1,16.47773477
1015,11,1,1,0,1,69.81634071
992,13,1,0,0,0,67.51107837
971,11,1,0,0,0,67.44678901
1000,9,1,1,0,1,71.3084677
1019,11,1,1,0,0,70.058698
112,1,0,1,0,0,16.39233336
1018,10,1,1,0,0,71.02787477
104,3,0,1,0,1,16.90173666
94,4,0,1,0,0,14.04557331
990,12,1,1,0,0,66.10898398
989,12,1,1,0,1,66.53762626
985,11,1,0,0,0,68.25017386
90,5,0,1,0,0,13.3761278
1033,13,1,1,0,0,69.61121104
978,12,1,1,0,0,64.88616255
992,8,1,1,0,0,70.42977133
98,5,0,1,0,0,13.69267417
102,4,0,1,0,0,15.11927617
107,3,0,0,0,0,18.89957021
91,1,0,1,0,0,16.63873757
991,11,1,0,1,0,92.11454446
102,2,0,0,0,1,19.31364741
995,11,1,1,0,0,68.04100911
1028,9,1,1,0,0,73.18361538
1005,9,1,1,0,1,71.68084389
97,2,0,0,0,0,18.31258478
108,3,0,1,0,0,16.07823937
94,5,0,1,0,1,14.10974847
985,11,1,0,0,0,68.7185004
1016,9,1,0,0,0,73.45437792
98,3,0,1,1,0,18.54848438
1007,11,1,0,0,0,70.34008258
985,9,1,1,0,1,69.09694315
983,11,1,1,0,0,67.51267244
101,4,0,0,0,0,17.4343623
104,2,0,0,0,1,19.63834704
982,14,1,0,0,0,65.59000702
97,3,0,0,0,0,17.69860323
1006,14,1,1,0,0,65.77113102
976,7,1,1,0,0,69.06692293
1032,11,1,1,0,0,71.46757348
100,1,0,1,0,0,18.00201076
100,3,0,1,1,0,17.48961894
996,10,1,1,0,1,68.82759456
990,8,1,1,0,0,69.90205071
1032,11,1,1,0,0,71.34003334
99,3,0,0,0,0,16.88312839
1032,12,1,1,0,0,70.10336448
102,3,0,1,0,0,16.86142359
109,3,0,1,0,0,15.86111717
1025,9,1,1,0,1,73.40758732
974,12,1,1,0,0,64.90693169
96,3,0,0,0,0,18.03010014
1000,8,1,1,0,0,71.51873247
991,9,1,1,0,0,69.40247771
1041,11,1,1,0,0,73.46329932
1006,13,1,1,0,1,67.89671029
93,2,0,1,0,0,17.19342162
106,3,0,1,0,0,15.24039796
101,4,0,1,0,0,15.12018846
1007,10,1,1,1,1,74.42241686
1022,11,1,1,0,0,70.38971654
983,10,1,1,0,0,67.17823119
994,6,1,0,0,0,74.25533773
1010,12,1,1,0,0,68.83905443
999,9,1,1,0,1,71.37210419
1003,10,1,0,0,0,72.02881378
1006,15,1,1,0,1,65.55519198
1012,8,1,0,0,0,74.74395146
97,5,0,1,0,0,14.15691601
966,11,1,1,0,0,64.06554393
1039,11,1,1,0,0,72.69662985
988,7,1,1,0,0,70.87964821
1009,13,1,0,0,0,69.06381926
106,4,0,1,0,1,16.100562
1007,12,1,1,0,0,68.00412256
976,10,1,1,1,1,70.49766118
989,10,1,1,0,0,68.9196961
96,5,0,0,1,1,20.80201894
1015,8,1,1,0,0,71.96247193
980,10,1,1,0,0,66.17382761
1013,8,1,1,1,0,75.58993318
1004,10,1,1,0,0,70.0998835
99,2,0,1,0,1,17.5568416
969,9,1,1,0,0,67.05794761
1003,10,1,1,0,1,70.5200041
995,11,1,1,0,1,68.08569153
1037,12,1,1,0,0,71.53593351
102,4,0,1,0,0,14.70497235
983,9,1,1,0,0,67.7683638
966,10,1,1,1,0,68.21974732
1004,11,1,1,0,0,68.51024895
1005,12,1,1,0,0,68.66632886
102,2,0,1,0,1,18.50880856
96,5,0,1,1,0,16.68632721
999,14,1,0,0,0,66.47001079
1014,11,1,0,0,0,71.98501275
1005,10,1,1,0,0,70.54238272
1015,12,1,0,0,0,70.82318018
107,3,0,1,0,0,15.56225455
1001,10,1,1,0,0,69.09343635
99,4,0,1,0,0,15.25363053
979,13,1,1,0,1,65.02904364
978,12,1,1,0,1,66.18144178
987,10,1,0,0,1,70.433458
1010,12,1,1,0,1,69.03189661
983,7,1,1,0,0,70.87646249
96,4,0,1,0,0,13.52883858
1015,8,1,1,0,0,73.05317348
94,2,0,0,0,1,19.46008091
982,9,1,0,0,1,71.01486863
983,11,1,0,1,1,91.89194017
1018,9,1,0,0,1,74.93280443
987,9,1,1,0,0,68.98054626
1006,14,1,1,1,0,68.61066382
1018,11,1,1,0,0,70.12982327
972,11,1,0,0,0,66.11743189
986,10,1,0,0,0,70.43468528
106,4,0,0,0,1,17.88185287
1006,9,1,1,0,0,70.81476238
1017,8,1,1,0,0,72.18021821
1012,8,1,1,0,0,72.30104672
107,3,0,1,0,0,16.40446449
94,2,0,1,0,0,16.174875
104,4,0,1,1,0,17.47719239
994,11,1,1,0,0,67.04560321
99,4,0,1,0,1,14.84857937
95,2,0,0,0,1,19.30651386
92,2,0,1,0,0,16.75767731
1003,11,1,0,0,1,71.57959764
94,4,0,1,0,1,15.41216237
1001,10,1,1,0,1,68.64209117
963,8,1,1,0,0,67.03111373
98,4,0,0,0,0,17.24868944
104,3,0,1,1,0,19.27234605
1029,11,1,0,0,0,73.56207246
966,11,1,1,0,0,64.96794689
1023,10,1,1,0,0,72.36522627
97,4,0,1,0,0,14.25614212
101,3,0,1,0,0,14.80164352
1020,11,1,1,0,1,72.22125204
105,4,0,1,1,0,18.05749281
95,3,0,1,0,0,15.68451497
101,4,0,1,0,0,15.14607033
104,3,0,0,0,0,18.07358643
1000,10,1,0,0,0,71.47890011
999,8,1,0,0,1,74.23507804
108,3,0,1,0,1,17.33078798
990,6,1,1,0,1,73.24411658
985,10,1,1,0,1,67.74827191
989,10,1,1,0,0,67.91001635
927,11,1,0,0,0,61.53692329
979,11,1,1,0,0,66.27359447
1006,8,1,1,1,1,76.05355502
1015,10,1,0,0,1,73.09382174
113,2,0,0,0,0,18.82414421
99,2,0,0,0,0,17.69454148
1030,13,1,1,0,0,70.11090805
1025,12,1,1,0,0,69.97966336
1004,10,1,1,0,1,71.09062288
106,1,0,1,0,0,17.1295285
1004,14,1,1,0,0,65.35656762
98,4,0,1,0,0,14.28456818
1018,9,1,1,1,0,74.76095809
1001,9,1,0,0,0,72.0459189
1031,11,1,1,0,0,71.18752647
95,2,0,0,0,0,17.89269253
1037,13,1,1,0,0,70.23571221
1039,12,1,1,0,1,72.50710805
995,11,1,1,0,1,68.85829148
103,3,0,1,0,0,15.48853283
95,3,0,0,0,1,17.7280242
995,11,1,1,0,1,68.04840069
101,3,0,0,0,0,17.48098851
94,2,0,1,1,1,20.57314447
986,13,1,0,0,0,66.25562451
95,2,0,1,0,0,17.60042906
1014,10,1,1,0,0,70.46004246
990,9,1,1,0,0,69.37035472
103,1,0,1,0,0,18.18775711
1018,12,1,0,1,0,94.61090692
991,10,1,0,0,0,69.83328722
986,12,1,1,0,0,66.28421502
92,2,0,1,0,1,17.98859609
97,3,0,1,1,0,18.57048971
1000,8,1,1,0,0,70.83442616
1024,12,1,0,0,0,71.60867844
960,7,1,0,0,0,68.80865808
993,8,1,1,0,0,70.01680543
967,9,1,0,0,1,69.87112697
99,2,0,1,0,0,16.18666714
996,7,1,1,0,0,71.95287128
977,10,1,1,0,0,66.27830998
1036,13,1,1,0,0,69.69826273
99,2,0,1,1,0,20.14728148
107,3,0,1,0,0,15.81548325
1016,12,1,1,0,0,68.20710259
965,12,1,0,0,0,64.53448642
1002,14,1,1,0,0,65.41638579
986,8,1,1,0,0,69.35804509
1024,11,1,0,1,0,96.63857363
999,6,1,1,0,0,72.49903127
978,8,1,1,0,0,69.09939946
999,9,1,1,0,1,70.74324622
1006,12,1,1,0,1,68.59392603
99,2,0,0,0,0,18.52645918
982,7,1,1,0,1,70.30908785
104,2,0,1,0,0,16.56553644
98,0,0,1,0,0,17.58045235
1012,11,1,1,0,0,69.88122313
980,7,1,1,0,1,71.09883302
99,3,0,1,0,1,16.89437153
985,10,1,1,0,0,66.02062825
1045,8,1,1,0,0,76.29785429
1026,14,1,1,0,0,68.25721673
985,11,1,1,0,1,67.68223501
108,1,0,0,0,0,19.4587969
987,12,1,0,0,0,66.67224584
993,9,1,0,0,0,70.76395591
1021,10,1,0,0,0,73.2720038
996,9,1,1,0,1,71.01144523
1018,9,1,1,1,1,76.41651727
102,3,0,0,0,1,18.60384561
997,12,1,0,0,1,69.29015438
1021,9,1,1,0,0,73.01886077
998,11,1,1,0,1,68.30766945
996,9,1,1,0,1,70.08900494
993,10,1,1,1,0,70.33090547
1021,13,1,0,0,1,71.10645316
1039,8,1,1,0,0,75.84106913
969,12,1,1,0,0,63.34661628
990,10,1,1,0,1,68.88930657
108,5,0,0,0,1,17.12192002
1029,8,1,1,0,0,73.94643313
990,9,1,1,1,1,73.0373999
978,12,1,1,0,1,66.03142448
990,6,1,1,1,0,75.18842481
974,11,1,0,0,1,68.37104589
95,4,0,0,0,1,16.87475701
1016,12,1,1,0,1,69.25992132
977,8,1,1,0,0,68.4996626
1027,13,1,1,0,0,69.22394998
1003,6,1,1,0,1,73.91202995
1005,9,1,0,1,1,96.44755044
1014,14,1,1,0,1,66.70282302
107,2,0,1,0,1,17.58233308
989,10,1,1,0,0,67.75432616
99,3,0,0,0,0,17.70205401
104,6,0,1,0,1,13.19107693
1012,9,1,1,0,1,71.94813286
1028,11,1,0,0,1,73.64370151
1016,9,1,0,0,0,74.03702619
998,6,1,1,0,0,72.31632607
1012,10,1,1,1,1,74.50004704
1005,14,1,1,0,0,65.04826194
996,12,1,0,0,0,68.30046407
1030,8,1,0,0,1,77.94921065
1000,10,1,0,0,0,70.68431839
94,5,0,1,0,0,14.15438157
100,3,0,1,0,1,16.51407033
92,3,0,1,0,0,16.01636643
991,6,1,1,0,0,72.27887666
987,9,1,1,0,0,68.57026624
103,5,0,0,0,1,16.54589254
1014,11,1,1,0,0,69.68523911
1043,10,1,0,0,0,75.71861835
90,3,0,1,0,0,15.26255518
984,10,1,1,1,0,70.01627612
89,3,0,1,0,0,15.58447174
94,3,0,1,0,0,15.39787128
1013,11,1,1,0,0,70.39499267
983,10,1,0,0,0,68.81977365
90,2,0,1,0,0,15.93202724
1016,8,1,1,0,0,72.84432238
990,11,1,0,0,0,68.93219053
984,9,1,1,0,0,67.67191586
1014,12,1,0,0,1,71.80231807
105,4,0,1,0,1,15.09271237
98,1,0,1,0,0,17.58154859
1007,7,1,1,0,1,73.33145451
103,5,0,0,0,1,17.22094222
95,2,0,0,0,0,18.14364041
108,5,0,0,0,0,16.4647348
1022,13,1,1,0,0,68.85458736
1026,10,1,1,0,0,72.25304781
987,8,1,1,0,1,70.1748279
1015,14,1,1,0,0,66.70204344
1000,11,1,0,0,1,70.89431828
102,2,0,1,0,0,16.10371148
107,2,0,1,0,0,17.0684621
109,3,0,0,1,0,22.7599319
972,12,1,1,0,0,63.56370204
997,12,1,1,0,0,66.48879143
1042,10,1,1,0,0,73.60444916
1007,12,1,1,0,0,68.24789204
96,4,0,1,0,0,14.64091456
990,11,1,1,0,0,67.18359905
976,13,1,1,1,0,66.44234978
98,3,0,1,0,0,15.71396742
97,3,0,1,0,1,16.36471938
97,2,0,1,0,0,16.62905609
99,3,0,1,0,0,15.72197297
1011,8,1,1,0,0,71.59924713
1029,9,1,1,0,0,72.99279269
1007,9,1,1,0,0,71.55004632
1001,10,1,1,0,0,68.29466967
967,10,1,0,0,1,68.81989764
998,10,1,1,0,0,69.86951208
989,11,1,1,0,0,66.85674462
95,4,0,1,1,0,16.22449808
1011,5,1,0,0,1,78.20817399
103,2,0,1,0,1,18.2654624
1023,8,1,1,0,1,74.80454349
1002,12,1,1,0,1,68.06363201
1002,8,1,1,0,0,72.42430675
1032,9,1,1,0,0,73.3204401
1025,9,1,1,0,0,73.0311422
999,12,1,0,0,1,69.66935341
992,9,1,1,0,0,68.73494635
1015,12,1,1,0,0,68.37868477
970,10,1,1,0,0,65.27733726
982,11,1,0,0,0,67.36812578
984,8,1,1,0,1,69.87462423
1014,12,1,1,0,0,68.89037353
1003,11,1,1,0,0,68.53447244
106,2,0,1,0,1,17.62866889
1009,12,1,1,0,0,67.79925989
1014,11,1,1,0,0,69.5077913
999,11,1,1,0,0,68.56711789
104,4,0,1,0,0,14.32628929
1028,11,1,1,0,0,70.43263972
1007,9,1,1,0,0,71.21384647
1039,8,1,1,1,1,78.75904744
101,2,0,0,0,0,18.3739447
945,11,1,0,0,1,64.53497227
105,4,0,1,0,0,14.013897
99,2,0,0,0,0,17.53486225
1000,10,1,1,0,1,70.68501917
969,7,1,1,0,0,69.11385028
98,2,0,1,0,0,16.07118125
102,4,0,0,0,0,17.02812798
1031,11,1,1,0,0,71.79628943
1002,13,1,0,0,1,70.1688934
982,7,1,1,0,0,70.2751081
992,9,1,0,1,0,93.97606534
101,4,0,1,0,1,15.93042909
986,11,1,0,1,0,90.56035713
105,5,0,1,0,0,13.29526569
108,6,0,1,0,0,12.21576853
1012,10,1,1,0,1,70.86501815
987,10,1,1,1,0,71.58178419
107,4,0,1,0,0,14.8026982
96,4,0,1,0,0,14.06257405
1010,11,1,1,0,0,69.41089678
1020,8,1,0,1,1,100.0580394
1034,7,1,1,0,0,75.57463957
95,4,0,1,1,1,18.35254092
980,12,1,1,0,0,64.35829333
993,8,1,1,0,1,71.11840039
994,7,1,0,1,1,97.81347177
1017,15,1,1,0,1,67.34180888
994,12,1,0,0,0,68.99240957
1012,11,1,1,1,1,73.49215049
975,8,1,1,0,1,69.46092104
972,7,1,1,0,0,69.03359764
982,8,1,1,1,1,73.30348683
1035,10,1,1,0,0,73.32579789
990,11,1,1,1,0,70.01170757
977,11,1,1,0,0,65.43902325
984,4,1,1,0,0,73.48288785
102,2,0,0,0,0,19.04898914
1032,11,1,1,0,0,70.17974729
1014,10,1,1,0,0,69.62230229
1009,8,1,1,0,1,72.18532747
103,4,0,0,1,0,21.68988235
984,9,1,1,1,1,71.19643963
968,9,1,0,1,0,91.28161091
1011,9,1,1,0,0,71.68070695
993,12,1,0,1,1,92.97153519
973,9,1,1,0,1,68.90705895
109,3,0,1,1,0,18.71321161
968,6,1,1,0,0,69.17018691
956,11,1,1,0,0,63.43448416
1035,10,1,0,0,0,74.56942474
98,3,0,1,0,0,16.03024726
995,9,1,1,0,0,70.61978556
105,3,0,1,0,0,15.91930121
1028,11,1,1,0,0,71.2624382
1011,8,1,0,0,1,75.45279772
1005,9,1,1,1,0,74.09592281
1000,10,1,1,0,0,68.91706844
100,3,0,1,0,1,16.31585182
106,4,0,0,0,0,16.85463152
98,3,0,1,0,0,16.00320452
1002,9,1,1,0,1,71.57720329
102,2,0,0,0,1,20.5472056
967,10,1,1,0,1,66.38300671
99,4,0,1,0,0,15.16396226
1032,11,1,1,0,1,73.03070076
974,10,1,1,0,0,66.60234094
970,8,1,1,1,0,70.67601447
973,7,1,0,0,0,71.12360094
982,9,1,1,1,1,72.35267947
1007,8,1,1,0,0,71.55695447
987,11,1,0,0,0,68.31843076
1006,13,1,1,0,1,67.8686238
997,11,1,1,0,0,67.39279288
983,12,1,1,0,0,65.67742918
1016,6,1,1,0,0,75.06032974
983,10,1,0,0,0,70.05686253
997,12,1,1,0,1,68.32236221
106,2,0,1,0,0,15.52986369
100,3,0,0,0,1,19.66089605
1016,10,1,1,0,0,71.3150586
1007,10,1,1,0,0,70.20735511
975,11,1,1,0,0,65.94999779
978,10,1,1,1,1,70.95706013
1027,10,1,1,0,0,72.14856998
100,3,0,0,1,0,21.8449653
100,4,0,1,0,0,14.78873581
1032,10,1,1,0,1,74.05338367
1023,10,1,1,1,0,74.94217422
987,11,1,0,0,1,70.03753312
97,3,0,1,0,0,15.07829906
990,11,1,1,0,0,67.36496855
101,4,0,1,0,0,14.84810287
1044,9,1,1,0,0,74.38694748
1009,7,1,0,0,0,75.78977776
97,4,0,1,0,0,14.17124498
1023,6,1,1,1,1,79.7958013
1003,14,1,1,0,0,65.58737339
100,4,0,0,0,0,16.70892385
99,4,0,1,0,0,14.89988626
1014,11,1,0,0,0,72.13640741
105,1,0,1,0,1,18.6748254
1016,9,1,0,0,0,74.5907947
982,9,1,1,0,0,68.20341138
978,6,1,1,0,0,70.29327505
1026,9,1,1,0,1,74.08787962
96,5,0,1,0,0,13.62471026
107,3,0,1,0,0,14.96436583
975,10,1,0,0,1,69.01801205
1018,6,1,0,1,0,100.1341076
1002,12,1,1,1,0,69.60505728
1008,9,1,1,0,0,71.12987934
1014,11,1,1,0,0,69.27902965
1011,8,1,1,0,0,71.8254379
990,7,1,0,0,1,74.74294183
100,4,0,1,0,0,14.28842012
94,4,0,1,0,1,15.83826135
1007,10,1,1,0,0,70.8327879
101,4,0,1,0,0,14.44974873
994,8,1,1,0,0,70.91760921
1025,8,1,1,0,0,74.71149558
986,10,1,1,0,1,68.76376131
980,8,1,1,0,0,69.0676987
1025,12,1,1,0,0,69.6346947
995,12,1,1,0,0,67.61894511
1010,6,1,1,0,0,73.7945866
997,11,1,1,0,0,67.83220714
987,12,1,1,0,0,65.98239123
98,2,0,0,0,0,17.28167401
993,9,1,1,1,0,72.26589232
982,11,1,1,0,0,66.53898461
978,10,1,0,0,0,68.55410014
1005,13,1,0,0,1,69.25015202
988,11,1,0,0,0,68.58625409
1017,12,1,1,0,1,70.31919222
982,11,1,1,0,0,65.71493579
990,11,1,0,0,0,70.06239284
974,5,1,1,0,0,70.44554464
998,10,1,1,0,1,69.5565239
967,14,1,1,0,0,60.63432443
1012,7,1,1,0,1,74.77581079
968,7,1,1,0,0,67.3468553
1013,7,1,0,0,0,75.46189681
998,9,1,1,0,0,69.20218789
980,8,1,1,0,1,70.36059125
972,12,1,0,0,0,65.28120693
95,5,0,0,0,0,15.9143121
93,2,0,1,0,0,16.52376907
998,12,1,1,0,0,66.55356482
957,7,1,1,0,1,67.14150972
101,3,0,0,0,0,17.75886803
1006,7,1,1,0,1,73.43605111
1005,9,1,0,0,0,72.25657896
996,9,1,1,0,0,69.85185089
979,12,1,1,0,0,64.64770115
101,2,0,0,0,1,20.63133048
1011,11,1,0,0,0,70.9914654
1012,9,1,1,0,0,71.32568966
97,4,0,0,0,0,17.0236771
1012,10,1,1,1,0,72.9171716
92,2,0,1,0,0,15.76755485
994,11,1,1,0,0,67.17028611
1013,12,1,0,0,0,70.24301368
977,8,1,1,0,0,68.43798759
93,2,0,0,0,1,18.52418476
102,2,0,1,0,0,16.70192613
974,11,1,1,0,1,65.77475519
1005,9,1,1,0,1,71.95094679
1018,10,1,1,0,1,72.43716582
988,9,1,1,0,0,69.51119675
95,4,0,1,0,1,15.43157758
1008,11,1,1,0,0,69.51720047
108,2,0,1,0,0,16.78711433
983,11,1,1,0,0,66.72131919
1020,8,1,0,0,0,74.86343028
93,3,0,1,0,0,15.91204563
1009,11,1,1,0,0,69.04583266
1019,13,1,1,0,0,67.76147038
971,8,1,1,0,1,69.12874493
1020,9,1,1,0,0,71.79237009
100,4,0,1,0,0,13.42804892
970,9,1,1,0,0,66.73685292
96,3,0,1,0,0,14.9547301
95,2,0,0,0,0,19.09159292
106,3,0,1,0,1,16.72480865
1034,13,1,1,0,0,69.85121914
1029,12,1,1,0,1,71.9486535
104,1,0,1,0,1,18.37618535
1032,10,1,0,0,1,75.04756954
1013,8,1,0,0,0,74.50422045
963,10,1,1,0,0,64.91001414
982,14,1,0,0,1,65.22023447
1009,10,1,1,0,1,70.32124697
97,3,0,0,1,1,23.35384944
101,3,0,1,0,0,14.86256904
984,7,1,1,1,1,73.86147893
100,1,0,1,0,0,16.49603307
101,3,0,1,0,0,14.99414154
996,12,1,1,0,0,66.94714941
1023,9,1,1,0,1,72.82778015
1028,14,1,1,1,0,71.81775098
99,2,0,0,0,0,18.78403493
1004,10,1,1,0,0,69.903082
975,14,1,1,1,0,65.7749495
104,2,0,0,0,0,17.50240125
1010,8,1,0,0,1,75.32762455
1006,7,1,1,0,0,73.09594781
1024,9,1,1,0,0,72.76127793
1022,10,1,1,0,0,71.39626691
99,2,0,1,0,1,17.20649459
107,3,0,1,0,1,17.12648831
98,1,0,1,0,1,18.65524163
1026,10,1,0,0,0,73.99657841
976,8,1,1,0,0,68.44817887
111,2,0,0,0,0,18.17903818
103,5,0,1,0,0,13.40710843
1003,11,1,1,0,0,69.18527319
108,4,0,0,0,0,17.38472847
1035,12,1,1,0,0,70.291353
94,2,0,1,0,0,15.79212802
998,6,1,1,0,0,72.74760971
1028,9,1,1,0,1,74.01476681
1022,11,1,1,0,0,70.85947468
957,7,1,1,0,0,66.54881448
1024,9,1,0,0,0,74.58660667
1018,6,1,0,1,1,100.7000631
1048,7,1,1,0,0,76.85480625
979,12,1,1,0,1,65.47695369
1003,9,1,0,0,0,72.78235953
997,9,1,1,0,1,70.16301132
104,2,0,1,0,1,18.26528704
102,2,0,1,0,0,15.91361939
974,10,1,1,0,0,66.95710701
1020,9,1,1,0,1,72.84149396
998,11,1,1,0,0,67.48726015
1003,7,1,1,0,0,72.71700152
1028,10,1,1,1,0,75.09575998
102,3,0,0,0,0,17.87493393
95,3,0,1,0,0,15.60051904
103,3,0,0,0,1,18.86889701
999,8,1,1,0,0,70.66564848
990,11,1,1,0,0,67.58205074
1025,7,1,1,0,1,76.23919825
1047,9,1,0,0,1,78.48005719
97,2,0,0,1,1,24.34791712
1022,9,1,1,0,1,73.42884719
969,11,1,1,0,0,64.67999031
97,2,0,1,0,0,17.20284289
955,9,1,0,0,0,66.61337072
100,3,0,0,1,0,23.19579949
1025,11,1,0,0,0,71.8104676
99,3,0,1,0,1,16.23735061
996,10,1,1,0,0,68.99898362
1030,11,1,0,0,0,73.16476872
1010,9,1,1,0,1,71.83172896
979,11,1,0,0,0,67.81780364
1000,10,1,0,0,0,70.67284505
1016,14,1,0,0,0,68.79848723
1013,12,1,0,1,0,93.26087314
98,3,0,1,0,0,16.4443622
1000,10,1,1,0,0,68.98678474
1021,11,1,1,0,0,69.76459713
1015,11,1,1,0,0,69.52698897
1014,12,1,1,0,0,68.67204533
1043,8,1,1,0,0,75.43709365
989,13,1,1,0,0,64.15700144
992,7,1,1,0,0,70.89205791
101,4,0,0,0,1,17.3649419
98,3,0,1,0,0,14.92843217
993,11,1,0,0,0,69.75002673
998,8,1,1,0,0,70.56140786
1034,11,1,0,0,0,72.78489836
1024,9,1,1,0,0,72.27168105
991,6,1,1,0,0,72.46498002
1000,8,1,1,0,1,72.18497864
105,6,0,1,0,0,12.82031161
102,5,0,1,0,0,13.84829375
1023,10,1,1,0,0,71.42976401
994,10,1,1,0,0,67.48724632
1012,10,1,1,0,0,70.4623966
107,5,0,1,0,0,12.96185234
987,9,1,1,0,1,69.59189187
1018,8,1,1,1,1,76.83188928
1025,14,1,1,0,0,67.25172882
1024,9,1,0,0,0,74.77985569
1008,10,1,1,1,0,73.39093932
97,4,0,0,0,0,16.23216153
102,3,0,1,0,1,16.33562954
967,10,1,1,0,1,66.2223014
973,9,1,1,0,1,68.54493928
1018,13,1,1,0,1,69.19014758
100,3,0,1,0,0,16.15074426
975,12,1,1,0,0,64.59996046
985,9,1,1,0,0,68.60116693
102,4,0,0,0,0,16.94048586
100,3,0,1,0,0,14.86794956
1016,9,1,1,0,1,72.57301165
1022,7,1,1,0,0,74.45988257
981,10,1,1,0,1,68.03642798
98,3,0,1,0,0,16.01235735
102,4,0,1,0,0,14.13709751
1004,8,1,0,0,0,73.48470899
1017,10,1,0,0,0,73.04957862
95,4,0,1,1,0,18.04686497
1006,11,1,1,1,0,71.60502988
998,9,1,1,0,0,69.95368751
97,4,0,0,0,1,16.65428616
982,6,1,1,0,0,71.09740803
108,3,0,0,0,0,18.307093
101,3,0,1,0,1,16.28078965
999,8,1,1,0,0,71.27335723
1016,12,1,1,0,0,68.30622683
970,9,1,0,0,0,69.12313901
996,10,1,1,0,0,69.35875704
1034,10,1,1,0,0,72.52048693
971,11,1,0,0,0,66.73771227
1012,13,1,1,0,0,66.98186785
981,10,1,1,0,1,68.23296869
971,12,1,1,0,0,64.06249634
985,12,1,1,0,1,66.09381634
94,3,0,0,0,0,16.67686018
1002,10,1,1,0,0,69.16493534
988,11,1,0,0,1,69.18875343
95,1,0,1,0,0,16.18617805
106,4,0,1,0,0,13.62153068
100,3,0,1,0,1,16.22886211
980,11,1,1,0,1,66.7865901
103,3,0,1,1,0,18.76399877
992,9,1,1,0,0,68.70840022
1013,10,1,1,0,1,71.52589028
102,3,0,1,0,0,15.54582226
957,10,1,0,0,0,67.22871138
108,2,0,1,1,0,19.98502708
1006,11,1,1,0,0,68.73806082
975,9,1,0,0,0,69.04008889
103,3,0,1,0,0,15.65019207
990,9,1,1,0,1,69.93259163
977,8,1,0,0,1,72.54884568
993,10,1,0,0,0,70.13167394
101,4,0,0,0,1,17.22483792
993,10,1,0,0,0,69.70602708
995,12,1,1,0,0,65.86508664
92,5,0,1,0,0,14.04404442
103,3,0,1,0,0,15.29702787
994,9,1,0,0,0,71.46739075
983,13,1,0,0,0,66.72979613
104,3,0,0,1,1,23.47194334
1006,10,1,1,0,0,69.51464701
986,10,1,1,0,1,68.18764159
989,9,1,1,0,0,69.30232753
992,9,1,0,0,0,70.66138916
1030,8,1,1,0,0,74.37964488
102,4,0,1,0,0,14.44306509
978,11,1,1,0,0,64.94970153
993,10,1,0,0,1,71.14498763
980,9,1,1,0,0,67.06839194
1025,8,1,1,0,0,73.40105691
1024,12,1,0,0,1,71.93933612
1012,14,1,1,1,0,68.63472313
102,3,0,1,0,0,16.26578458
977,9,1,0,0,0,68.98282771
1026,11,1,1,0,0,70.84010357
1013,9,1,0,0,0,73.86559445
1021,7,1,1,0,0,74.26226824
1022,9,1,0,0,0,74.81056843
977,10,1,0,0,0,68.87045189
101,3,0,1,0,0,15.66247848
1020,9,1,1,0,1,73.72407651
994,8,1,1,0,1,71.53145403
990,12,1,1,0,1,66.79089589
96,3,0,1,0,1,16.3404778
989,11,1,1,0,1,67.05432668
991,10,1,1,0,0,68.06505181
103,2,0,1,0,1,16.93293765
89,3,0,1,0,1,16.28095598
1034,7,1,0,0,0,78.52033305
1033,13,1,1,0,0,69.81971709
1009,7,1,1,1,1,76.99966939
983,10,1,1,0,1,68.21978216
963,9,1,1,0,0,66.35518819
960,12,1,0,0,1,66.24487705
1041,11,1,1,0,0,71.6632524
99,3,0,1,0,1,16.94738904
1009,8,1,1,0,1,72.94585591
98,3,0,0,0,0,17.7849809
1007,10,1,1,0,0,69.74624042
1031,9,1,0,0,0,75.72819363
97,2,0,0,0,1,19.44566695
999,7,1,1,0,0,71.71181351
958,10,1,1,0,0,64.28204256
1022,8,1,1,0,1,74.81322058
98,5,0,1,0,0,13.29773725
97,5,0,1,0,0,13.23254143
1066,9,1,1,0,0,77.66685009
1024,11,1,1,0,1,72.32943283
1003,9,1,1,0,0,69.99690259
103,3,0,0,0,0,17.12747462
94,3,0,1,1,0,19.82465221
991,9,1,1,0,0,69.74589352
1018,10,1,0,0,0,72.42180689
1030,8,1,1,0,0,75.0254301
988,10,1,1,0,0,67.4332566
1003,9,1,0,0,1,72.39997795
991,5,1,0,0,0,74.99697592
1008,10,1,1,0,0,69.06728331
997,12,1,1,0,1,67.11667158
93,3,0,1,1,0,19.34282818
1009,11,1,1,0,0,68.94511566
988,11,1,0,0,1,69.49892204
1028,9,1,1,0,1,74.37017399
96,5,0,1,0,0,13.15041779
990,7,1,1,0,0,70.60425885
998,11,1,1,0,1,68.19118743
973,10,1,0,0,0,68.41469062
1026,8,1,0,0,0,76.59999426
976,9,1,1,0,0,67.76124875
101,3,0,1,0,0,13.8005569
1033,9,1,0,0,0,75.92509313
967,12,1,0,0,0,64.87838407
975,10,1,1,0,0,66.26973902
107,2,0,0,0,0,17.93758998
1001,10,1,1,0,1,69.59397312
996,9,1,1,0,1,70.12593195
101,2,0,0,0,0,18.32214317
1010,11,1,0,0,1,72.59695678
99,4,0,1,0,0,13.55521778
100,2,0,1,0,1,17.21397559
1000,9,1,1,0,1,71.00772673
1003,9,1,0,0,0,71.48717396
1014,9,1,1,0,1,72.36732572
992,10,1,0,1,0,93.39014021
997,12,1,1,0,0,66.50531204
1016,10,1,1,0,0,70.41934869
1011,14,1,1,0,0,66.48355946
983,5,1,1,0,0,71.9890254
995,12,1,1,0,0,65.97708179
968,10,1,1,0,0,65.22055206
977,11,1,1,0,0,65.01032217
1006,12,1,1,0,0,68.23307042
1009,10,1,1,0,0,70.38427066
1004,6,1,1,0,1,74.39146611
100,2,0,1,1,0,20.38298508
1010,10,1,1,0,0,71.10412966
98,2,0,0,0,0,18.58447852
98,1,0,1,0,0,17.18369433
991,11,1,0,0,0,68.76239893
95,3,0,1,0,0,16.05257988
1045,8,1,0,0,0,78.17215706
1006,14,1,1,0,0,65.33041703
92,1,0,1,0,0,16.9098585
1003,8,1,1,1,0,74.12080553
972,14,1,1,0,0,62.17352243
1016,8,1,1,0,0,73.42178184
99,4,0,1,0,0,14.26323898
970,13,1,1,0,0,64.22144497
1008,11,1,0,0,0,70.06197712
1020,5,1,0,1,0,100.7653918
107,4,0,1,0,1,15.04087907
99,2,0,1,1,0,19.31145271
104,2,0,1,0,1,17.94602467
101,5,0,0,0,0,14.73098763
981,11,1,0,0,0,67.72313599
1017,10,1,1,0,0,71.72691301
107,4,0,1,0,0,15.01988073
979,8,1,0,0,0,69.9394991
1019,10,1,1,0,0,71.22214652
100,4,0,1,0,0,15.21550576
101,4,0,1,0,1,15.46542649
1012,12,1,0,0,0,70.36730303
986,11,1,0,0,0,69.44682304
95,4,0,1,1,0,17.2988255
1027,9,1,1,0,0,73.80553571
977,8,1,0,0,0,71.21130172
1000,11,1,1,1,0,71.47082058
98,3,0,0,1,1,23.90369841
100,2,0,0,0,0,18.53415003
988,12,1,1,0,0,65.9988802
985,10,1,0,0,0,69.31177542
97,4,0,1,1,1,18.43665786
100,4,0,1,0,1,15.43026645
1000,12,1,1,0,1,67.81928196
99,3,0,0,1,1,23.47439472
1001,11,1,1,0,0,69.42921953
977,9,1,0,0,1,70.11552175
994,10,1,1,0,0,68.52967485
102,4,0,0,1,1,22.47088201
1036,12,1,1,0,0,70.33327898
1039,8,1,0,0,1,78.25431002
997,14,1,1,0,1,65.98385346
994,10,1,1,0,0,67.82835953
109,1,0,1,0,0,18.07598677
104,4,0,1,0,0,14.21566815
1014,12,1,1,0,0,68.58263982
994,7,1,1,0,0,70.58452704
105,3,0,1,0,0,14.95459739
986,12,1,1,1,0,68.71932052
107,5,0,1,0,0,12.42362469
1023,11,1,1,0,0,70.97205983
991,7,1,1,0,0,70.54987971
1011,8,1,0,0,0,74.44986084
1059,13,1,0,0,0,75.31528842
93,3,0,1,0,0,15.25563433
101,3,0,0,1,0,22.77325318
998,9,1,1,0,0,70.04899602
993,14,1,1,0,1,64.92133538
98,3,0,1,0,0,14.86129563
100,1,0,1,0,1,18.28130967
98,3,0,1,0,1,15.86703645
105,4,0,1,1,0,17.03237971
986,6,1,1,0,0,72.30260447
993,11,1,1,1,1,72.29910113
1020,8,1,1,0,0,73.07389688
995,12,1,1,1,0,69.40458872
97,3,0,1,0,0,14.43682303
981,10,1,1,0,0,66.29041456
1008,9,1,1,0,1,71.69441873
108,5,0,1,0,1,14.57677361
988,15,1,0,1,0,87.41512263
981,11,1,0,0,0,68.01964263
1008,11,1,0,0,0,71.69275151
94,2,0,1,0,0,15.86194591
1001,10,1,0,0,0,70.34668747
100,3,0,1,0,0,15.6311174
1018,9,1,1,0,0,71.96373753
994,14,1,1,0,0,64.57632296
988,11,1,0,0,0,69.12101184
963,11,1,1,1,0,66.51096113
1010,11,1,1,0,0,69.27476412
954,12,1,1,0,0,61.95548299
99,5,0,1,0,0,12.49611088
994,8,1,1,0,0,70.49260315
1015,8,1,1,0,0,73.58365189
1037,12,1,1,0,0,70.89782552
969,9,1,1,1,0,69.40798369
102,3,0,1,0,0,14.99748389
984,10,1,1,0,1,68.03163154
91,2,0,1,0,1,17.91786045
95,4,0,1,0,0,15.5175849
995,12,1,1,0,1,67.59732679
1047,10,1,0,0,0,75.24533794
87,4,0,1,0,1,15.33059468
1015,7,1,0,0,0,76.09781427
101,5,0,0,0,0,15.82020763
94,3,0,1,0,1,16.15176633
107,3,0,0,0,0,17.19683162
992,11,1,1,0,1,67.64456557
984,12,1,1,0,0,64.90558146
90,3,0,1,0,0,14.77031109
1024,8,1,1,0,0,73.62203892
928,11,1,0,0,0,62.83647623
966,9,1,0,1,1,91.31160465
100,3,0,1,0,0,15.28068472
1052,9,1,0,1,1,102.6702848
951,13,1,1,0,0,60.68408831
989,14,1,1,0,0,63.69197969
992,11,1,1,0,0,67.49287525
1005,12,1,0,0,1,69.90505286
992,9,1,1,0,0,67.87724614
1004,6,1,1,0,1,74.55577659
1013,10,1,1,0,0,69.91704724
1013,11,1,1,1,0,72.7671318
1005,12,1,0,0,1,71.6461157
103,3,0,1,0,0,14.59791397
101,4,0,0,0,0,16.86400839
1029,9,1,1,0,1,74.6330286
1005,11,1,1,0,0,68.81362263
996,10,1,1,0,1,69.84058591
994,14,1,1,0,0,64.54664485
1022,16,1,0,0,1,67.60842292
967,7,1,1,0,1,69.29148464
95,2,0,1,0,1,17.75447537
1010,12,1,1,0,1,69.01988792
104,4,0,1,0,1,15.40128154
1013,9,1,1,0,0,71.81119329
101,1,0,1,0,0,18.31276292
1010,9,1,1,0,1,72.79097199
102,3,0,1,0,0,15.91361988
1006,14,1,1,0,1,66.5115012
1009,9,1,1,0,1,72.61450019
995,14,1,1,0,1,64.78325978
1006,10,1,1,0,1,70.5174284
1004,10,1,1,0,0,69.39203872
984,12,1,1,0,0,65.3638336
989,11,1,1,0,0,66.83311648
1027,10,1,1,0,1,72.69812412
1031,11,1,1,1,1,74.66532127
1013,7,1,1,0,0,73.9424055
101,6,0,1,0,0,12.34515506
1008,7,1,1,0,0,72.58238498
100,2,0,1,1,0,19.24131713
1016,12,1,0,0,1,71.72245033
1016,13,1,0,0,1,69.85511596
100,2,0,0,1,1,24.55469738
108,2,0,0,0,1,21.1829876
98,3,0,0,0,0,17.4356493
99,2,0,1,0,0,16.14431098
1020,11,1,1,0,0,70.46820342
997,6,1,1,0,0,72.58949781
966,9,1,1,0,0,65.9216886
960,11,1,1,0,0,62.95881949
980,16,1,1,0,0,61.20471228
988,9,1,1,0,0,69.42922798
104,2,0,1,0,1,16.75273951
99,2,0,0,0,0,18.62423098
967,11,1,1,0,0,64.73693252
95,2,0,0,0,0,18.56076328
1002,11,1,1,0,1,67.82236826
979,9,1,1,0,0,67.22219188
1013,11,1,1,0,0,69.03782596
1017,12,1,1,0,0,69.86277082
1004,10,1,1,0,1,70.45470406
1005,9,1,0,0,0,72.2109088
92,5,0,0,0,1,16.36667198
1001,9,1,0,0,0,71.98347363
94,4,0,1,0,0,14.24898962
94,3,0,1,0,0,15.90146237
982,12,1,1,1,0,67.56885076
1028,10,1,1,0,0,72.03173651
996,8,1,1,0,0,70.04664726
110,3,0,0,0,0,17.24762099
989,8,1,1,0,0,70.0831076
1009,10,1,1,0,0,70.16050266
987,5,1,1,0,1,73.85988349
994,9,1,1,0,0,70.26099886
107,4,0,1,0,0,13.94907645
100,3,0,1,0,0,15.47126859
1017,7,1,1,0,0,72.82925924
108,3,0,1,0,0,16.20136887
1001,11,1,1,0,1,69.26163375
977,9,1,1,0,0,67.33078976
107,6,0,1,1,0,15.82332223
968,11,1,1,0,0,65.25991205
1021,14,1,0,0,1,70.90109015
99,4,0,1,1,0,17.55725846
1011,7,1,1,0,0,73.65301522
98,3,0,1,0,1,17.62099275
1002,10,1,0,1,0,94.38502286
977,9,1,1,0,1,68.03267192
1023,12,1,1,0,0,69.5850896
993,12,1,1,1,0,69.8721765
98,3,0,1,0,1,16.995891
111,1,0,1,0,0,18.4192055
990,8,1,0,1,1,95.88341412
976,12,1,1,0,0,64.11912443
997,11,1,1,1,0,70.83843476
1015,11,1,0,0,0,71.11448458
988,12,1,1,0,0,66.04909829
970,6,1,1,0,1,70.22035776
1007,9,1,1,0,0,70.55406959
112,4,0,1,0,1,15.47558248
1005,8,1,1,0,0,71.16361481
1013,9,1,1,0,0,71.56178035
972,13,1,0,1,0,87.23246666
98,3,0,1,0,0,15.62743632
97,3,0,1,0,0,15.01370517
971,12,1,1,0,0,63.74718476
996,11,1,1,0,0,67.75613418
1004,12,1,0,1,1,93.65670405
999,7,1,1,0,0,71.07691783
109,4,0,1,0,0,14.9812884
993,11,1,0,0,1,69.96207653
1002,13,1,0,0,0,68.02214571
984,7,1,0,0,0,72.18697946
1023,9,1,1,0,0,72.10621284
103,2,0,1,0,0,15.27952663
1008,10,1,1,0,0,69.67790067
985,17,1,1,1,1,64.10020527
976,13,1,0,0,1,66.44922768
111,4,0,0,1,0,22.01296481
1008,8,1,1,1,1,76.62784688
994,10,1,1,0,0,68.34024588
92,2,0,1,1,0,20.07133164
1009,6,1,1,0,0,73.84823039
990,10,1,1,1,1,71.71048433
979,8,1,1,0,0,68.56349945
989,11,1,1,0,0,67.84399022
1003,11,1,1,0,0,68.84574605
983,10,1,0,0,0,68.69585904
1000,9,1,1,0,0,69.91001037
96,5,0,0,0,0,15.23516936
107,4,0,1,0,0,14.40224756
105,3,0,0,0,0,18.25531506
997,9,1,1,0,0,69.73430517
92,2,0,0,0,0,18.59232242
1053,8,1,1,0,0,76.68013461
1024,12,1,1,0,1,70.66187989
1011,11,1,1,0,0,68.56093924
99,3,0,1,0,0,15.17303066
988,11,1,0,0,0,68.16208119
996,12,1,1,1,0,68.65724305
1003,13,1,1,0,0,66.44942131
96,2,0,1,0,0,16.35985347
990,8,1,1,0,0,69.8541254
1015,15,1,1,1,0,68.32374668
988,10,1,1,1,0,71.38422071
1002,8,1,1,1,0,74.72884202
1014,5,1,1,0,0,75.25033757
99,3,0,0,0,1,18.75780144
982,8,1,1,0,0,68.6942847
981,9,1,1,0,1,68.40252211
1006,10,1,1,0,1,70.7944807
102,1,0,1,0,1,18.44047131
1015,6,1,1,0,0,74.07642728
1007,9,1,1,0,0,70.50865017
1004,9,1,0,0,1,73.61872764
107,3,0,0,0,0,17.57656282
993,9,1,1,0,0,68.96184806
98,3,0,1,0,0,15.99821894
981,7,1,1,0,1,70.61073578
1001,12,1,1,0,0,67.78048126
97,3,0,1,0,0,15.18967896
86,5,0,1,0,1,13.71455066
1020,11,1,0,0,0,72.08737081
97,4,0,0,0,1,17.21412108
1020,16,1,1,0,1,65.99257555
103,3,0,1,0,1,16.84772428
102,1,0,1,0,0,17.40628964
95,3,0,1,0,0,15.3067638
96,2,0,0,1,1,23.01421858
1026,7,1,1,0,0,74.53240091
98,2,0,0,1,1,23.7444616
94,2,0,1,0,0,16.55214501
1013,7,1,1,0,0,74.39808425
1003,15,1,0,0,0,67.47955118
993,7,1,1,1,0,73.83121329
957,12,1,1,0,0,62.45416357
1029,10,1,1,1,1,75.8475398
103,3,0,1,0,0,14.37621111
100,4,0,1,0,0,13.7964863
985,11,1,1,0,0,65.46250525
984,9,1,0,0,0,70.27276801
104,2,0,1,0,0,17.60593131
102,1,0,1,0,1,18.94738163
93,4,0,0,0,0,16.23777311
1019,10,1,1,0,1,70.95437359
101,4,0,0,0,1,17.40853678
1018,11,1,1,0,1,71.86157171
1003,11,1,1,0,1,70.08132265
1027,10,1,0,0,0,73.62387331
1002,9,1,1,0,0,70.70763555
1003,6,1,0,0,1,76.02578924
1012,10,1,0,0,0,73.51382511
977,9,1,1,0,0,66.73197442
1023,8,1,0,0,0,75.43901634
985,9,1,0,0,1,71.55744709
983,14,1,0,0,1,65.77209124
100,2,0,1,0,1,17.68515215
979,10,1,0,0,0,68.65926185
95,1,0,1,0,0,17.81120346
998,11,1,1,0,0,67.02247153
991,8,1,1,0,0,70.50975946
979,13,1,1,0,1,65.05556944
975,5,1,1,0,1,72.10155882
967,11,1,1,1,1,68.80485542
978,8,1,1,0,0,68.70988671
980,9,1,0,1,0,91.97927465
996,10,1,0,0,0,69.34505457
105,3,0,0,0,0,17.91572542
101,4,0,1,0,0,13.92154645
99,3,0,0,0,1,17.88412331
97,3,0,1,0,0,15.40973868
102,2,0,1,0,0,17.1672779
985,10,1,1,0,1,68.6298127
1009,9,1,1,1,0,73.7939673
993,12,1,1,0,0,66.0770167
1000,8,1,0,0,1,73.18903721
976,10,1,1,0,0,67.55521408
1011,11,1,0,0,0,70.9909998
1025,6,1,1,0,0,76.17278447
999,12,1,1,0,1,67.4418461
1020,8,1,1,0,1,73.9521091
990,11,1,1,0,1,67.74723728
1023,12,1,0,0,0,72.07096746
977,11,1,1,0,0,65.50155428
988,10,1,0,0,0,69.24242396
1000,12,1,1,0,1,68.03215215
1009,10,1,0,0,0,71.80818094
987,8,1,0,0,0,71.93102419
994,11,1,1,0,0,67.31825596
1012,8,1,0,0,0,74.81154481
1022,12,1,1,0,0,69.41926093
1003,11,1,1,0,0,68.71026033
1009,11,1,1,0,1,70.61136865
1024,8,1,1,0,0,73.35856031
95,2,0,0,1,0,22.55539289
1011,11,1,0,0,1,72.05722771
949,13,1,0,0,0,62.88172412
999,8,1,1,0,0,71.82093806
988,11,1,1,0,0,66.58655365
971,11,1,1,0,1,66.17024845
1017,8,1,1,0,0,72.19000476
105,2,0,1,0,1,17.50306347
991,11,1,1,0,1,67.94591525
100,4,0,0,0,0,16.04102591
988,10,1,0,0,0,68.32654762
987,8,1,1,0,0,69.26259879
960,11,1,1,0,0,63.40913726
1034,9,1,1,0,0,73.86972002
998,12,1,1,0,1,67.820791
1017,10,1,1,0,1,71.45956584
99,3,0,1,0,0,15.55908371
1042,10,1,0,0,1,76.90091588
1004,9,1,1,0,1,71.51601096
109,4,0,1,0,0,14.96339783
999,9,1,1,0,1,71.11186858
996,9,1,0,0,0,71.51178406
986,11,1,1,0,0,66.64821408
104,5,0,1,0,0,13.55812129
108,3,0,1,0,0,15.16025698
1017,12,1,1,0,0,68.58758923
108,3,0,1,0,0,15.54867596
960,10,1,0,0,1,67.39927261
97,4,0,1,0,0,14.55615989
989,7,1,1,0,0,70.99103669
101,3,0,1,1,0,18.49599263
960,11,1,0,0,0,65.16257269
995,10,1,1,0,0,68.92779354
100,2,0,1,0,1,18.04843045
1005,12,1,0,0,0,69.53160324
1001,10,1,1,0,1,70.20821339
1013,11,1,0,0,1,72.32847093
100,2,0,1,0,0,16.11041484
1011,13,1,1,0,0,66.98854177
963,12,1,1,0,0,62.95217606
992,12,1,1,0,0,66.15978589
971,8,1,1,0,0,68.81022112
1006,12,1,1,0,0,66.94830059
969,8,1,1,0,0,68.27308925
111,3,0,0,0,1,18.71272661
1032,11,1,1,0,0,71.38100502
101,2,0,1,0,0,16.26052696
99,4,0,1,1,0,17.87488315
1017,7,1,0,0,1,76.84646091
1010,8,1,1,0,0,72.8836062
1011,9,1,1,0,1,71.635165
1014,11,1,1,1,0,72.48472948
996,10,1,1,1,0,72.20009244
993,11,1,1,0,1,68.56436791
998,10,1,1,0,0,68.97372242
1033,13,1,1,0,1,71.20637839
1044,10,1,1,0,0,73.90327824
985,8,1,1,0,0,70.35657288
1013,14,1,1,0,1,66.95786047
1024,8,1,0,0,0,75.95207687
1001,11,1,1,0,1,69.85066521
102,3,0,1,0,0,15.82832818
1007,13,1,0,0,1,69.39108198
1009,8,1,1,0,0,72.64953978
101,5,0,1,0,0,13.65203055
1013,12,1,1,0,0,68.92988663
106,3,0,1,0,0,15.52890634
1018,7,1,1,0,0,74.51232304
1029,13,1,1,0,0,69.14524629
1000,9,1,1,0,1,71.619264
1039,10,1,1,0,0,74.52789602
999,11,1,1,0,1,69.0404702
1007,11,1,1,0,0,68.93129313
988,9,1,1,0,1,68.93794764
101,3,0,1,0,1,16.92796422
954,11,1,0,0,0,66.2762953
98,2,0,0,0,1,18.93496771
1006,9,1,0,0,0,72.97053323
103,3,0,1,0,1,16.11979064
104,3,0,1,0,0,15.76731443
1025,12,1,0,0,1,72.48072518
979,10,1,1,0,1,67.62735975
996,6,1,1,1,0,75.43876981
93,3,0,1,0,0,16.06444946
1007,8,1,0,0,1,75.32365192
99,4,0,0,0,0,16.57955728
106,4,0,1,1,0,16.53669205
1017,8,1,0,0,1,76.04194935
1024,8,1,1,0,0,74.7283039
978,11,1,1,0,1,66.60594943
103,4,0,1,0,1,14.84397189
1003,9,1,0,0,0,72.67074972
991,7,1,1,1,0,73.57103121
995,9,1,1,0,0,69.72444844
979,9,1,1,0,0,68.45267602
97,2,0,1,0,0,16.5364012
1004,10,1,1,0,0,69.54071316
982,11,1,1,0,0,65.62624054
105,3,0,1,0,0,15.98091162
104,3,0,1,0,0,14.68657447
989,10,1,1,0,0,67.66674107
978,11,1,1,0,1,66.57780343
98,2,0,1,0,0,16.71377969
1034,11,1,1,0,1,73.16022671
985,10,1,1,0,0,67.74183642
1007,14,1,0,0,0,67.68133459
101,5,0,1,0,1,13.9538609
974,11,1,0,0,0,67.23770039
982,12,1,1,1,0,68.12233107
992,8,1,1,1,0,73.23941844
1013,10,1,0,1,1,97.62203159
101,3,0,0,0,1,19.4269002
1000,8,1,1,0,0,71.23672455
965,11,1,0,0,0,66.6045374
954,7,1,1,0,1,67.75370852
978,6,1,1,0,1,71.11101358
1004,8,1,1,0,1,73.32358299
993,12,1,1,0,0,66.48696823
98,2,0,0,0,0,18.61149752
985,12,1,1,0,0,65.03742919
112,2,0,1,0,0,16.74196401
95,3,0,0,0,1,18.37425909
976,11,1,0,0,1,67.76057389
98,4,0,1,0,0,14.56070522
994,9,1,0,0,0,71.0512101
986,11,1,0,0,0,69.21281502
993,8,1,1,0,1,71.1683174
96,5,0,1,0,1,15.27223208
101,3,0,1,0,0,16.15664244
92,3,0,1,0,0,16.18114644
996,8,1,0,0,1,73.45343614
992,8,1,0,0,1,73.19673056
981,9,1,0,0,0,69.06038393
96,4,0,0,0,1,17.28899524
998,9,1,1,0,1,70.07778114
1008,13,1,0,0,1,68.66325139
1000,8,1,0,0,1,74.06879022
1030,6,1,1,1,0,79.67002595
1001,12,1,1,0,0,66.68079069
991,11,1,1,0,1,67.92489191
984,10,1,1,0,0,67.40790674
102,2,0,1,0,0,16.02107422
1014,12,1,0,0,0,70.61791406
983,14,1,1,0,0,62.89691028
1011,11,1,1,0,0,69.75995733
1010,8,1,1,1,0,75.45002487
102,5,0,1,0,0,13.48942974
1010,11,1,1,0,0,68.76619147
972,11,1,1,0,0,65.93506458
1002,11,1,0,0,0,69.5404337
94,1,0,0,0,0,19.56898395
988,10,1,1,0,0,66.88045732
982,7,1,1,0,0,70.69536377
98,4,0,1,0,1,14.99335285
1008,9,1,1,0,0,69.93313808
1036,6,1,0,0,1,80.46237398
1007,9,1,1,0,0,70.0782143
1018,9,1,0,0,0,75.10457588
980,12,1,1,0,1,66.2308082
989,12,1,1,0,0,65.43702352
95,3,0,1,1,0,18.11721576
97,3,0,1,0,0,16.1555006
1032,7,1,0,0,0,77.26749701
1003,11,1,0,1,1,94.90613966
104,3,0,1,0,0,15.65586319
1054,11,1,0,0,0,75.70394826
1016,8,1,1,0,0,72.96993706
101,3,0,1,1,0,18.40007041
989,9,1,1,0,0,68.72585151
964,9,1,1,0,0,66.71788977
1028,11,1,0,1,1,96.75232187
1041,8,1,1,0,0,74.67620514
980,10,1,1,0,0,66.95173537
1025,6,1,1,0,0,74.27645286
978,10,1,1,0,1,67.63957031
1015,12,1,0,0,0,71.90794891
1003,10,1,1,0,1,70.15090684
98,5,0,1,0,0,13.52332517
978,6,1,1,0,0,70.24152658
1028,13,1,1,0,0,68.99482347
108,3,0,0,0,1,18.79621017
995,9,1,0,0,0,71.10436723
975,14,1,1,0,0,62.94389035
105,3,0,1,0,0,15.41125316
974,8,1,1,0,1,69.78738469
106,4,0,1,0,0,13.74391557
1016,9,1,1,0,1,71.64965318
999,7,1,1,0,0,71.3104047
992,11,1,1,0,0,67.1315986
102,3,0,1,0,0,15.17030116
1001,7,1,0,0,1,75.05065896
980,9,1,1,0,1,68.9896935
974,10,1,1,0,1,66.24790338
104,1,0,0,0,0,20.02931887
100,4,0,1,0,0,13.91074883
98,2,0,1,0,1,17.4709841
963,14,1,1,0,0,60.73937179
991,12,1,0,0,1,67.93421713
970,11,1,1,0,0,64.59075184
961,12,1,1,0,0,62.4724369
1001,13,1,1,0,0,66.01324209
992,13,1,1,0,1,65.2406579
1006,9,1,1,0,1,71.88515085
995,9,1,1,0,0,68.88973832
996,14,1,1,0,0,64.09578026
1001,10,1,1,0,0,69.16199377
1043,5,1,1,0,0,78.91911725
103,5,0,1,0,0,14.16612623
96,3,0,1,0,0,15.88824038
993,11,1,1,0,0,67.96059584
981,11,1,1,0,1,66.62331917
109,2,0,0,0,0,20.05695679
97,4,0,1,0,0,13.68908342
963,11,1,1,0,0,64.27549468
98,4,0,1,0,0,14.75847201
1018,11,1,1,0,0,70.39879953
971,8,1,1,0,0,68.40594771
102,4,0,1,0,0,15.1993131
103,3,0,1,0,0,15.8713377
992,9,1,1,0,0,68.89059259
1008,9,1,1,0,0,70.69808884
980,9,1,1,0,0,67.86939731
970,10,1,1,0,0,65.82740025
1030,12,1,0,0,0,71.78843228
98,4,0,1,0,0,14.36769572
970,12,1,1,0,0,63.60665912
1024,13,1,1,0,0,68.04337518
1019,13,1,1,0,0,67.29603204
954,10,1,1,0,0,63.88322399
1003,14,1,0,0,1,69.14361976
1004,9,1,1,0,0,70.81165621
1007,15,1,1,0,0,65.18097328
100,4,0,1,0,0,13.92684846
978,11,1,1,0,0,64.96054348
1012,10,1,1,0,0,70.08596586
101,1,0,1,0,1,18.96616805
1036,11,1,1,0,0,71.38899782
983,10,1,1,0,1,68.83599298
1017,11,1,0,0,0,71.89410131
1010,11,1,1,0,0,68.7323914
1021,8,1,1,0,0,74.20739327
978,11,1,0,0,0,68.31507189
993,8,1,1,0,0,70.78293183
968,8,1,0,0,1,70.04408626
985,11,1,1,0,1,67.11368057
1031,7,1,1,0,1,76.94109956
1000,8,1,0,0,0,73.1874301
1016,9,1,1,0,1,73.01057164
98,3,0,0,0,1,18.19660395
1025,9,1,1,0,0,71.91736705
101,3,0,0,0,1,19.03050525
1022,10,1,0,0,0,73.9040425
96,2,0,1,0,1,16.85033372
992,7,1,1,0,1,72.83417128
99,2,0,1,0,1,17.49086532
98,2,0,1,0,0,16.52796694
100,3,0,0,0,0,16.84703913
996,7,1,0,0,0,73.9617796
990,12,1,0,0,0,68.15955117
962,8,1,1,1,0,69.37319803
1014,7,1,1,0,1,74.24892653
106,3,0,1,0,1,16.02754575
948,9,1,1,0,1,65.86365929
99,6,0,0,0,0,14.34604105
997,9,1,0,0,1,72.13639521
94,4,0,0,0,1,17.60577315
1011,10,1,1,0,0,69.15204727
994,10,1,1,0,0,68.85073954
1007,11,1,1,0,0,68.60738482
985,14,1,1,0,0,63.01986337
94,3,0,1,0,0,15.03688369
99,4,0,0,1,0,21.91579919
952,14,1,1,0,0,59.95429068
1006,10,1,1,0,0,70.12052879
101,2,0,0,1,0,23.68945911
1014,11,1,1,0,1,71.1612816
994,13,1,1,0,0,65.29470626
100,2,0,0,0,0,19.03413854
1013,8,1,1,0,0,72.09986495
982,10,1,1,0,0,66.83724861
1019,9,1,1,0,0,71.74394224
98,3,0,1,0,0,15.06357198
105,3,0,1,0,0,15.39569045
971,11,1,0,0,0,66.14068734
95,2,0,1,1,0,20.00313425
1011,7,1,1,0,0,72.92905552
971,13,1,1,0,0,63.55871081
982,7,1,1,0,1,70.58147715
104,5,0,1,1,0,16.53430348
1016,7,1,1,0,1,74.49106464
1028,11,1,0,0,0,73.75398842
1015,11,1,1,0,0,70.41284559
960,10,1,1,0,1,65.80841098
1019,9,1,0,0,0,73.93823461
1017,13,1,1,0,1,69.74512859
979,11,1,0,0,1,69.5640942
101,4,0,1,0,0,14.38249854
956,9,1,1,0,0,64.97807366
98,3,0,1,0,0,16.12720875
997,10,1,0,1,0,93.97715809
1009,9,1,1,0,0,70.7707025
1015,13,1,0,1,0,93.7963767
1030,10,1,0,1,0,97.65777739
96,3,0,1,0,0,16.01048042
968,8,1,0,0,0,69.70677868
997,13,1,0,0,0,68.6191228
968,10,1,1,1,0,67.87606259
987,7,1,1,0,0,70.59007075
1002,9,1,0,0,1,73.19496059
1034,11,1,1,0,1,72.8430255
1003,7,1,1,0,1,73.33872032
971,8,1,1,0,0,67.19502623
101,3,0,0,0,1,18.07550293
103,3,0,1,0,0,15.40642139
1007,11,1,0,0,1,71.49730683
105,3,0,1,0,1,16.26475166
981,10,1,0,0,1,69.42925139
98,2,0,0,0,0,18.39976128
1014,8,1,1,0,0,73.01826473
1014,8,1,0,0,0,74.50159264
100,1,0,1,0,0,17.73584148
997,11,1,1,0,0,67.66016437
97,4,0,1,0,0,15.03607921
96,4,0,1,0,0,13.5573393
999,6,1,1,0,0,72.61340498
1015,10,1,0,0,1,73.19582516
96,3,0,1,0,0,15.39724045
1003,12,1,0,0,0,68.94088169
986,8,1,0,0,0,70.83861906
100,3,0,1,0,0,14.89511574
961,9,1,1,0,1,67.12731278
103,1,0,1,0,0,17.90149208
105,3,0,1,0,1,15.69949031
954,13,1,1,0,0,61.53158247
96,4,0,0,0,0,15.575059
101,4,0,1,0,0,15.23565604
998,11,1,1,0,0,67.87873655
973,11,1,1,0,1,65.63771703
1014,6,1,1,0,0,75.03441541
982,9,1,0,0,0,70.21267388
973,10,1,1,0,0,65.80824878
1004,13,1,0,0,1,68.41473963
996,12,1,1,0,0,66.44343008
1002,10,1,1,1,0,71.65281521
102,3,0,1,1,0,18.47938154
99,5,0,0,0,1,16.73242364
976,15,1,1,0,0,61.3781034
1032,9,1,0,0,0,74.95730207
1006,8,1,0,1,0,96.77131729
96,3,0,1,0,1,16.34795861
999,6,1,1,0,0,73.44456776
105,4,0,0,0,0,17.87238639
1015,12,1,1,0,0,68.05863574
1003,13,1,0,1,1,92.04001129
982,12,1,1,0,1,66.50688598
102,4,0,0,0,0,16.64451434
103,3,0,1,0,0,14.4558406
1012,9,1,0,0,1,73.72802784
1000,11,1,1,0,0,67.68486438
963,14,1,0,0,1,63.49688582
1008,8,1,0,0,1,75.51204137
982,11,1,1,0,1,67.13983401
1028,7,1,0,0,0,77.90931705
97,3,0,1,1,0,18.48822741
1021,8,1,1,0,0,74.00545983
988,8,1,1,0,0,69.45101726
993,10,1,1,0,0,68.58479231
104,2,0,1,0,0,16.4219008
106,3,0,1,1,0,18.74380827
1007,13,1,0,0,0,68.9191029
996,9,1,0,0,1,73.09370472
1017,11,1,0,0,1,73.27772441
94,2,0,1,0,0,16.20928358
1002,12,1,1,0,0,67.69690462
974,11,1,1,0,0,64.75673468
101,3,0,1,0,0,15.98445384
954,12,1,0,0,0,63.86816161
99,3,0,1,0,0,16.21456411
976,8,1,0,0,1,71.12961728
95,3,0,0,0,0,17.45824606
1010,9,1,1,0,1,72.47849316
97,4,0,1,0,0,14.87989113
1020,10,1,0,0,0,72.62243669
100,2,0,1,0,0,16.89128807
106,3,0,1,0,0,15.95911689
996,9,1,1,0,0,69.56556346
97,2,0,1,0,1,17.35369503
1021,10,1,0,1,0,97.09823941
978,10,1,0,0,0,68.66943506
1022,10,1,1,0,1,72.41652739
1005,12,1,1,0,0,67.89234961
998,11,1,1,0,1,68.73799421
996,11,1,1,0,1,69.98289677
98,2,0,1,0,0,16.39150421
99,3,0,1,0,0,16.01294534
964,12,1,1,1,0,66.80974279
973,11,1,1,0,0,65.21104442
1031,12,1,0,0,0,72.54866257
110,2,0,1,0,0,16.86591423
93,4,0,1,0,1,13.93003348
1022,11,1,1,0,1,71.73894476
986,10,1,1,0,0,67.27488427
1006,8,1,1,0,0,72.605688
112,4,0,1,0,0,14.44657357
1041,9,1,1,0,1,76.34775628
965,7,1,0,1,1,93.238329
97,3,0,1,0,0,15.16741525
1010,8,1,1,0,0,72.76739855
998,13,1,1,0,0,66.19227711
980,6,1,1,0,1,72.39115508
94,1,0,1,0,0,17.4739144
1000,13,1,0,0,1,69.15551729
1021,8,1,1,1,0,76.00691117
1002,11,1,1,1,0,71.18408741
102,2,0,1,0,0,17.09082895
102,3,0,1,0,1,17.11275537
93,2,0,0,0,0,18.25332941
1009,7,1,0,0,0,74.64720575
1006,8,1,1,0,1,73.1495861
978,12,1,1,0,0,64.41008573
96,4,0,0,0,0,15.88919595
994,9,1,1,1,0,72.1713379
1045,15,1,0,0,0,70.94223931
102,6,0,1,0,0,12.56357872
1028,10,1,1,0,0,71.72911035
98,4,0,0,0,0,16.65035593
1000,10,1,1,0,1,69.43925852
987,7,1,1,0,0,71.07945973
1023,12,1,1,1,0,73.24048605
980,9,1,1,0,1,68.47380731
1021,11,1,0,0,1,73.74594294
1014,10,1,1,0,1,71.77286693
997,11,1,1,0,0,67.94940938
96,2,0,0,0,0,18.63232056
1003,10,1,0,1,0,94.36388732
1000,12,1,1,1,0,69.72646128
994,6,1,1,0,0,72.19255219
1007,9,1,0,0,1,73.60559487
96,2,0,0,1,0,23.55552517
1006,9,1,1,0,1,71.83119815
1010,7,1,1,0,0,72.94916318
975,10,1,1,0,0,66.93439131
103,2,0,1,1,0,19.47575341
1020,12,1,0,0,0,71.58312294
990,9,1,0,1,0,94.08815922
96,4,0,1,0,0,13.95111089
1004,9,1,1,0,0,71.09684047
975,10,1,1,0,1,66.86466519
1009,7,1,1,0,0,73.63228251
977,9,1,1,0,0,68.0055318
91,4,0,1,0,0,14.00947788
996,10,1,1,0,1,68.45855418
1000,9,1,0,0,0,72.26214152
990,11,1,1,0,0,67.05406071
990,10,1,1,0,0,69.35883404
1026,7,1,0,0,1,77.93773291
963,6,1,0,0,0,70.2632645
987,12,1,1,1,0,68.27582039
101,3,0,1,0,0,15.70504636
1008,11,1,1,0,1,69.65029057
961,12,1,0,1,0,86.32068244
102,3,0,1,0,0,15.13378314
982,12,1,0,0,0,66.8240815
1023,8,1,1,0,0,73.14195468
101,5,0,1,0,1,14.41368656
971,10,1,1,0,0,66.30045449
988,9,1,0,0,0,70.65051383
999,7,1,1,0,0,71.91976446
1000,7,1,1,0,0,71.80578283
978,8,1,0,0,1,70.64075801
997,10,1,1,0,1,70.32180276
93,4,0,1,0,0,13.80443836
102,3,0,1,0,0,14.95905951
973,14,1,1,0,1,63.24806478
1004,11,1,1,0,0,69.23793435
999,10,1,0,0,1,71.84847709
96,5,0,1,0,0,13.44639743
104,3,0,1,0,1,16.55623745
995,13,1,1,0,1,66.69962397
1008,11,1,0,0,0,70.61960369
973,9,1,1,0,0,66.90023697
1045,6,1,1,0,0,77.74758041
991,10,1,0,0,0,71.2000829
106,4,0,1,0,0,14.69510528
987,11,1,1,0,1,68.24121001
1027,11,1,1,0,0,71.62684734
1010,12,1,0,0,0,70.47968349
102,5,0,0,0,0,15.78786478
992,14,1,1,1,1,68.06807938
1006,11,1,0,0,0,71.35040298
1001,10,1,0,0,1,71.58403158
99,2,0,1,0,1,17.74958124
987,11,1,1,0,0,66.27486747
100,6,0,1,0,0,12.84024137
102,5,0,1,0,1,15.40749289
110,3,0,1,0,0,15.17650965
1037,11,1,1,0,0,71.68638841
983,8,1,1,1,0,72.0101506
106,4,0,0,0,0,16.4827181
987,13,1,1,0,0,65.34549904
976,8,1,1,0,0,68.97051812
97,3,0,0,1,1,23.28180193
986,12,1,1,0,1,67.19157744
966,10,1,1,0,0,66.02829883
998,11,1,1,1,1,70.9320533
1012,11,1,1,0,0,69.1874364
961,13,1,1,0,0,61.48877172
1011,7,1,0,0,0,75.50921086
994,10,1,0,0,0,71.1063867
94,3,0,1,0,1,17.27112549
1015,15,1,1,0,0,65.60885893
985,9,1,1,0,1,69.82209623
106,1,0,0,0,0,19.37455135
981,13,1,0,0,1,67.01998968
970,9,1,1,1,0,69.44998337
1032,13,1,1,0,0,69.44384575
1009,11,1,0,0,0,71.12437234
1019,11,1,0,0,0,71.79748802
1022,13,1,1,0,1,68.37253023
1046,9,1,1,0,1,76.46226632
93,1,0,1,1,0,20.73860703
960,9,1,0,0,1,69.87733574
1009,9,1,1,0,1,72.17110384
99,3,0,1,0,0,14.69800427
980,11,1,1,0,1,66.78519704
986,11,1,1,0,0,66.48572792
1011,10,1,1,0,0,70.15210693
991,11,1,1,1,0,69.8577393
1011,8,1,1,0,0,70.56871758
1019,12,1,1,0,1,69.237082
1023,11,1,1,0,0,70.37380464
998,12,1,1,0,0,67.68470968
98,4,0,1,0,1,15.54575348
986,11,1,1,0,1,67.17228346
93,3,0,1,0,0,14.39504688
970,8,1,1,1,0,70.87377555
988,10,1,0,0,0,70.14408755
985,12,1,1,0,0,65.83661716
972,12,1,1,0,0,63.53092591
1013,6,1,0,0,1,77.22781495
101,3,0,0,0,0,16.93561281
103,3,0,1,0,0,15.35980188
993,11,1,1,0,0,67.43488315
108,4,0,1,0,0,15.21987588
1024,12,1,1,0,1,71.73579959
976,9,1,1,0,0,67.47647778
101,4,0,1,0,0,14.88871966
989,9,1,1,0,1,69.77671537
1027,9,1,0,0,1,76.56650326
1008,6,1,0,0,0,75.36554341
991,11,1,1,0,1,68.14883444
1033,9,1,0,0,1,77.1908619
1012,8,1,1,0,1,73.19392931
1012,12,1,1,1,0,71.24715711
999,11,1,1,0,0,67.70577568
1011,12,1,1,0,1,69.50924163
100,3,0,1,0,0,15.83585516
96,1,0,1,0,0,16.31137783
100,1,0,1,1,1,21.04817916
1017,10,1,1,0,1,71.82827697
107,3,0,1,0,1,17.40700621
1016,7,1,1,0,1,75.09780099
963,13,1,1,0,0,62.73574598
1016,7,1,1,0,0,74.39726221
981,12,1,0,0,1,68.58324518
998,8,1,1,0,1,71.93967627
1030,9,1,0,0,0,75.09271248
1002,9,1,0,0,0,72.32909572
102,2,0,0,0,0,19.07071355
992,8,1,0,0,0,71.94165808
100,6,0,1,0,0,12.46145259
98,2,0,0,0,0,18.40544111
959,9,1,0,0,0,67.99303187
982,10,1,1,0,1,67.70415412
988,11,1,1,0,0,66.84249501
1000,13,1,1,0,1,66.18845647
1005,9,1,1,0,0,69.94611636
1016,12,1,1,0,0,68.75235716
983,6,1,1,0,0,70.76897945
953,8,1,1,0,0,67.13141899
1013,7,1,1,0,1,74.08479605
978,16,1,0,0,1,63.65007351
998,12,1,1,0,1,68.62897482
100,3,0,0,0,0,17.32881713
1012,14,1,1,0,0,66.7559005
977,9,1,1,0,0,67.09939352
110,3,0,1,0,0,15.78289009
969,11,1,1,0,1,65.97054587
989,11,1,1,0,1,68.71441628
103,3,0,1,0,1,17.05783916
1018,11,1,0,0,1,73.74609621
998,11,1,1,0,1,69.36299738
975,9,1,0,0,0,69.70620079
1017,8,1,1,0,0,72.87495885
1024,12,1,1,1,0,73.55976775
99,2,0,0,0,0,18.48701945
1023,8,1,0,0,0,75.32779659
1014,9,1,0,0,0,73.34099963
982,10,1,0,0,0,69.09671006
92,3,0,0,0,1,18.38769617
91,2,0,1,0,1,16.92630812
978,9,1,1,0,1,69.23525544
101,2,0,1,1,0,18.39408999
102,3,0,1,0,1,17.24880406
1020,11,1,1,0,0,70.57874172
94,4,0,1,0,0,15.15341133
992,6,1,1,0,0,72.10474997
1025,11,1,1,0,0,71.35350525
995,9,1,1,1,1,73.73180499
1021,11,1,1,0,0,70.45262407
99,3,0,1,0,0,15.21421324
994,11,1,0,0,0,68.79263645
97,4,0,1,0,1,14.89601254
1008,9,1,1,0,0,70.80507199
998,10,1,1,0,1,69.47987281
1013,8,1,1,0,0,72.68696686
90,3,0,0,0,0,17.69289423
102,3,0,0,0,0,17.25440968
1026,13,1,1,0,0,69.02127663
100,3,0,0,0,0,17.61877912
981,13,1,0,0,0,65.41140497
1023,12,1,1,0,1,69.68255167
100,3,0,1,0,0,15.40579119
1021,10,1,1,0,1,72.82282316
994,8,1,1,0,0,70.29965394
988,10,1,1,0,1,68.57080772
1008,11,1,1,0,0,69.26084459
98,1,0,1,1,0,19.74775607
976,12,1,1,0,1,65.68128761
1013,12,1,0,0,1,71.3878437
988,9,1,1,1,0,71.11645969
108,4,0,0,0,1,16.60103415
96,4,0,0,0,0,16.78823291
1009,14,1,1,0,0,67.10957711
1008,9,1,0,0,0,72.76329213
1013,12,1,1,0,0,68.07271128
105,2,0,1,0,1,17.56015877
1012,15,1,1,0,0,65.10817409
999,11,1,0,0,0,69.46242911
993,9,1,0,0,0,71.45350549
97,3,0,1,0,0,15.77206031
1014,10,1,0,0,0,72.49871622
115,4,0,1,1,0,17.91863558
91,3,0,1,1,0,18.08398966
102,4,0,1,0,1,15.3560257
956,10,1,0,0,0,66.19666338
954,14,1,1,1,0,62.7486011
1042,9,1,1,0,1,75.075818
989,10,1,1,0,1,68.31630486
986,8,1,0,0,0,72.49613688
1045,11,1,0,0,0,74.62485918
1045,10,1,1,0,0,74.06691705
1013,5,1,1,0,1,76.3583453
1011,10,1,1,0,0,70.43037209
1024,10,1,1,0,0,72.99282263
98,4,0,1,0,1,15.56087935
991,9,1,0,1,0,92.98633745
950,12,1,0,0,0,63.86937349
103,2,0,1,0,1,17.73804929
104,2,0,1,0,1,17.45113719
1024,10,1,1,0,1,72.42341504
94,2,0,1,0,0,15.39424074
996,7,1,1,0,1,72.98365808
99,3,0,1,0,0,16.35374891
1006,9,1,1,0,0,70.83135209
1035,10,1,1,0,0,73.15279924
1028,10,1,1,0,0,71.4156531
976,9,1,1,0,1,67.69803032
993,9,1,1,0,0,68.96724577
995,11,1,0,0,0,70.33140426
989,12,1,1,0,0,65.60035387
110,1,0,0,0,0,20.53645588
1018,8,1,0,0,1,76.2976902
98,4,0,0,0,1,17.27395629
1043,8,1,1,1,0,79.0889487
107,1,0,1,0,0,17.86824668
979,12,1,1,0,1,66.51212065
1012,12,1,1,0,1,69.08085083
991,9,1,1,0,0,69.0272421
1007,13,1,1,0,0,66.61315815
96,3,0,1,0,1,16.08048116
989,10,1,1,1,0,71.54302417
974,9,1,1,0,1,68.05767232
1002,11,1,1,0,0,68.44261913
981,14,1,1,0,0,62.15711802
1021,13,1,1,1,0,71.5869166
103,4,0,1,0,0,15.68144082
980,9,1,1,0,0,68.00992395
103,4,0,1,0,0,14.82272613
105,4,0,1,0,1,15.75494037
108,4,0,1,0,0,15.04902154
107,3,0,0,1,0,21.45346257
1029,10,1,1,0,0,72.11631604
1040,10,1,1,0,1,74.40286976
993,7,1,1,0,1,71.76668975
99,2,0,1,0,1,17.69910149
103,3,0,1,0,0,14.44804143
989,12,1,1,0,0,65.76197365
979,9,1,0,0,0,69.65984164
1011,14,1,1,0,0,66.74660062
1018,7,1,0,0,0,75.43372545
94,3,0,1,1,1,19.6936632
99,3,0,1,0,1,16.07988887
1004,9,1,1,0,1,71.34421286
999,11,1,1,1,0,71.4098275
1026,12,1,0,0,0,71.73227315
1025,10,1,1,0,1,72.49680198
982,10,1,0,0,1,70.32801331
979,14,1,1,0,0,61.82508412
1014,10,1,1,0,0,69.77796695
974,9,1,1,1,0,70.38197669
980,10,1,1,0,0,65.95736964
101,3,0,1,0,0,15.06210392
85,1,0,0,0,0,19.45965636
999,8,1,1,0,0,71.25672576
99,3,0,1,0,1,16.56813154
1003,9,1,1,0,0,70.71801121
985,10,1,1,0,1,68.59874955
986,13,1,1,0,0,64.01029037
972,9,1,0,0,1,70.18405332
986,11,1,1,0,0,66.15496908
988,10,1,1,0,1,68.04076071
106,4,0,1,0,0,15.0878093
107,4,0,1,0,1,16.39505532
982,13,1,1,0,0,64.35173386
1012,11,1,1,0,0,69.76100954
994,7,1,1,0,1,73.88009239
989,11,1,1,0,0,66.60691516
1000,11,1,1,0,0,67.70326297
1024,11,1,0,0,0,71.96174728
1001,9,1,0,0,0,72.38095377
103,2,0,1,1,1,19.89216752
1012,9,1,1,0,0,70.46688757
982,11,1,0,0,1,68.48322142
103,3,0,1,0,0,15.26262439
98,4,0,0,0,0,16.50709279
983,9,1,1,0,1,69.57479952
100,3,0,1,0,1,15.96904973
997,10,1,1,1,1,73.13903683
99,2,0,0,0,0,18.97411779
1002,10,1,1,0,0,69.74735041
1000,10,1,0,1,1,95.71043437
998,15,1,0,0,0,66.14648176
1039,7,1,0,0,0,78.10773475
1037,10,1,1,0,0,73.82066099
104,2,0,1,0,0,16.64014597
991,11,1,1,0,0,66.93668049
1023,12,1,1,0,0,70.01004406
964,6,1,0,0,0,70.68704415
1025,14,1,1,0,0,68.04444328
1022,10,1,0,0,1,74.89265892
1036,7,1,1,0,0,75.42651119
999,11,1,1,0,0,67.66317677
111,3,0,0,0,0,17.50373579
963,9,1,1,0,0,65.24367154
945,8,1,1,0,0,64.23787127
1002,11,1,1,0,0,67.88217521
997,9,1,1,0,0,69.73323554
91,2,0,1,0,0,16.77056554
971,11,1,1,0,0,65.16280615
1029,11,1,1,1,0,74.54891453
993,9,1,0,0,0,71.66717543
106,3,0,0,1,0,22.59558828
999,7,1,1,0,0,70.78327873
106,4,0,1,0,0,14.15704236
981,12,1,1,0,0,64.83170593
993,9,1,1,0,0,68.01802828
97,2,0,1,0,0,16.55041719
1008,11,1,1,0,1,71.48286673
1007,8,1,1,0,0,71.75656093
96,3,0,1,0,0,15.55128194
1007,10,1,1,0,0,69.9467069
1059,11,1,1,1,1,79.25940222
990,8,1,0,0,1,73.08605988
1013,9,1,0,0,1,75.41566347
967,9,1,1,0,1,67.2961027
1004,10,1,0,0,1,72.73927471
977,9,1,1,0,0,66.87926267
1029,8,1,1,0,1,74.40482715
1006,11,1,1,0,1,69.24874858
985,7,1,0,0,1,73.71102335
1027,12,1,1,0,0,69.92000446
972,11,1,1,0,1,66.31316368
94,2,0,1,0,0,15.86244927
1011,8,1,1,0,0,72.17473883
1014,11,1,1,0,0,69.55006651
1011,9,1,1,0,0,70.52593609
1016,10,1,1,1,1,74.97160983
1017,13,1,0,0,0,70.38295824
1004,9,1,1,0,0,69.90421315
1002,8,1,1,0,0,71.25810871
100,1,0,1,0,0,16.77680117
1005,11,1,1,0,0,68.64214547
100,4,0,0,0,1,17.83390894
1010,5,1,1,0,0,74.41864961
999,15,1,1,0,1,64.8315582
1005,11,1,1,0,0,69.18701389
981,6,1,1,1,0,74.11540925
994,6,1,1,0,0,72.71422438
103,3,0,1,0,0,15.87109238
975,10,1,1,0,0,66.93501162
973,14,1,0,0,0,64.45993202
998,11,1,1,0,1,68.94024632
1031,8,1,1,0,0,74.07966477
1001,13,1,1,0,0,65.40839901
1004,8,1,1,0,0,71.21438004
981,13,1,1,0,0,63.81804884
93,3,0,1,1,1,19.41137482
1002,13,1,1,0,0,65.94203965
101,4,0,1,0,1,15.85562646
84,6,0,1,0,1,13.1241309
994,11,1,1,0,0,67.83270213
1000,9,1,1,0,1,71.09669082
93,3,0,0,1,0,22.31103595
100,2,0,1,0,0,15.91678135
92,3,0,0,0,0,16.30016299
1006,9,1,1,0,1,71.25731377
1000,8,1,1,0,1,71.84505466
98,4,0,0,0,0,16.76989462
1046,9,1,0,0,0,77.16210293
1016,10,1,0,0,0,72.90882838
988,11,1,0,1,0,91.17828702
1011,13,1,1,0,1,68.68655291
1010,13,1,1,0,1,68.88918393
1001,11,1,1,0,1,69.28566445
1015,8,1,1,1,0,75.35566114
103,4,0,1,0,0,14.66844416
103,3,0,0,0,1,18.95211513
1002,11,1,1,0,0,67.996911
100,3,0,0,0,0,18.09069425
970,9,1,1,0,1,67.29798394
993,8,1,0,0,0,72.05107185
100,3,0,1,0,1,16.4179102
105,3,0,0,0,0,17.4356645
113,3,0,1,0,0,15.8615594
1008,8,1,1,1,0,75.13289371
1000,10,1,0,0,1,71.57224499
1002,9,1,0,0,0,72.50371814
1042,10,1,0,0,1,76.68793807
101,4,0,0,0,1,17.82304877
1011,11,1,1,1,0,72.93760089
995,10,1,1,0,1,69.20519001
1019,16,1,1,1,0,68.39302782
984,10,1,1,0,1,68.33891157
988,12,1,1,0,0,65.97456524
990,9,1,1,0,1,70.49792694
91,3,0,1,0,0,16.03132375
978,11,1,0,0,0,67.22778005
1042,12,1,1,0,1,72.65832371
1042,12,1,0,0,1,75.19243334
993,10,1,1,0,0,68.82394586
1003,11,1,1,0,0,69.20866085
94,2,0,1,0,0,17.06809718
986,6,1,1,0,0,71.25502619
97,1,0,1,0,0,18.04894622
1001,8,1,1,1,1,75.16023786
997,8,1,1,0,0,71.04814402
1014,8,1,1,1,0,75.23164398
1004,12,1,1,1,1,70.96027009
984,11,1,1,0,0,66.39284172
96,2,0,1,0,1,17.42505371
105,4,0,1,0,0,14.98558222
979,8,1,1,0,0,68.86559242
95,4,0,1,0,0,14.49421627
970,9,1,1,0,0,66.63877167
106,6,0,1,0,0,12.44063148
102,3,0,1,0,0,16.65611462
99,2,0,1,0,0,17.43123991
100,1,0,1,0,1,18.03503744
992,13,1,1,1,1,69.3452529
990,10,1,1,0,0,67.49362744
979,9,1,0,0,0,70.07340002
102,3,0,0,0,0,18.22404338
107,2,0,1,0,0,16.50720228
1019,13,1,1,0,1,68.16923857
1000,9,1,1,0,1,70.97129245
960,9,1,1,0,1,66.69772176
985,9,1,1,0,0,68.17895336
975,12,1,0,1,0,89.32204765
98,2,0,1,0,0,16.46876928
1009,10,1,0,0,1,72.10329507
100,4,0,0,0,0,16.1698141
94,5,0,1,0,0,13.23315751
959,10,1,1,0,0,63.81082074
982,9,1,1,0,0,68.55489918
102,3,0,1,0,1,17.03109624
997,14,1,1,0,0,64.61577244
995,11,1,1,0,0,67.78463548
981,12,1,1,0,0,65.26810357
993,12,1,1,0,0,67.04009871
991,13,1,1,0,0,64.53073897
1009,8,1,1,0,0,71.90835057
1019,8,1,1,0,0,72.35975038
986,8,1,1,0,1,69.77783645
1026,9,1,1,0,0,73.09936768
988,9,1,1,0,0,68.92498997
999,13,1,0,0,1,68.41770498
992,12,1,1,0,1,67.75390109
984,10,1,1,1,0,70.25527588
1002,9,1,0,0,0,72.02932362
1002,9,1,0,0,1,73.26650126
1003,8,1,0,1,0,96.35367262
1010,11,1,1,0,1,69.57463239
105,1,0,1,0,0,17.1093049
985,11,1,1,1,0,68.66268171
98,2,0,0,0,0,18.23640095
1034,12,1,1,0,0,70.79730115
996,14,1,0,0,1,68.27277874
993,9,1,0,0,0,71.29492031
1015,13,1,1,0,0,68.0897545
97,3,0,0,0,1,19.11310397
98,4,0,1,0,0,14.11134934
959,10,1,1,0,1,65.64029028
94,2,0,0,0,0,19.45410889
1012,11,1,0,0,0,71.3166657
1033,13,1,1,1,0,73.15558894
99,4,0,1,0,1,15.44963739
1008,11,1,1,0,1,69.869858
1015,11,1,1,0,0,69.75788442
961,13,1,1,0,1,62.35317394
97,6,0,1,0,0,12.04163098
106,2,0,1,0,0,16.1835891
95,4,0,1,0,0,14.75156795
995,12,1,1,0,0,66.20422561
99,4,0,1,1,1,18.52549228
98,1,0,1,0,0,17.32330191
1018,12,1,0,0,0,70.76576509
1014,9,1,1,0,0,71.00900934
991,7,1,0,0,1,74.17180915
1027,8,1,1,0,0,73.86349234
1025,9,1,1,0,0,73.2933034
1016,12,1,1,0,0,68.92682199
98,2,0,0,0,1,19.46635467
1006,10,1,1,0,1,71.08582275
969,9,1,0,0,0,68.95460364
975,14,1,1,0,1,63.41245207
104,3,0,0,0,1,18.4528406
989,13,1,1,0,1,66.31678753
99,3,0,1,0,1,16.07743911
1004,11,1,0,0,1,71.77606684
108,4,0,1,0,0,15.35182171
1007,9,1,1,0,0,70.62582066
981,9,1,1,0,1,69.17254695
96,4,0,1,0,0,15.34074255
1022,11,1,0,1,1,96.18141087
977,8,1,1,0,1,69.50281039
965,13,1,1,0,0,63.45043324
93,4,0,1,0,1,14.63162478
1002,11,1,1,0,0,68.60945324
1000,13,1,1,0,1,67.13324727
998,9,1,0,0,0,72.18123142
97,2,0,1,0,1,17.87350198
98,4,0,1,0,0,14.32175095
981,10,1,1,0,0,65.79841602
1027,7,1,1,0,1,76.49408203
109,3,0,1,1,0,19.6208442
103,3,0,1,0,0,15.98290968
1023,10,1,0,0,1,74.85947027
969,12,1,0,0,1,67.15253912
992,9,1,1,0,0,68.68923539
1022,10,1,1,0,0,71.56095846
98,2,0,1,0,1,18.52792475
998,11,1,0,0,0,70.26327118
1037,12,1,1,1,0,74.35886868
998,12,1,1,0,1,68.1962819
1011,13,1,1,0,0,66.8095861
1015,9,1,1,1,0,74.65130949
1033,14,1,1,1,0,71.19781128
986,8,1,1,0,1,70.78379828
987,10,1,1,0,0,67.18020543
100,3,0,1,0,0,15.37755732
105,2,0,1,0,0,17.11067124
968,10,1,0,0,1,69.40543528
988,11,1,1,0,1,68.03539752
97,3,0,0,1,0,22.50393667
106,3,0,1,0,0,15.50779045
1004,11,1,0,0,0,69.86250547
1020,7,1,1,1,1,78.7280293
991,8,1,1,1,0,73.06107136
998,10,1,1,1,0,72.25703026
97,2,0,1,0,0,16.71275853
1003,9,1,0,0,1,73.53429216
1023,8,1,0,0,0,75.19654586
990,10,1,1,0,0,67.88004189
1004,12,1,1,0,0,67.25097343
1028,7,1,1,0,1,75.88477481
1012,11,1,1,0,0,69.82507227
998,11,1,0,0,1,70.29999625
967,8,1,1,0,0,67.67197898
978,11,1,1,0,0,66.00442465
996,8,1,0,0,1,72.82662122
1017,14,1,1,0,1,67.29399399
990,11,1,0,0,0,68.46917323
982,10,1,1,0,1,67.91223773
101,4,0,0,0,0,16.99964128
998,7,1,1,0,1,73.25490638
1027,12,1,1,0,0,69.92106727
995,9,1,1,0,0,69.33866359
1002,7,1,1,0,0,71.50266461
95,1,0,0,0,1,20.94664763
995,8,1,1,0,0,70.51519763
1004,12,1,1,1,1,72.19801403
94,4,0,1,0,1,15.89647271
977,13,1,1,0,0,62.76138643
101,4,0,1,0,1,14.67459159
972,12,1,0,0,0,66.38833641
964,9,1,1,1,1,71.01183688
1008,9,1,1,0,0,69.8619576
1027,6,1,1,0,1,78.13617325
97,2,0,0,1,1,23.67203027
980,11,1,1,0,0,66.24541577
88,2,0,0,1,0,23.134425
992,9,1,1,1,0,72.05975196
1011,7,1,1,0,0,73.2844148
986,8,1,1,0,0,69.92305605
101,1,0,1,0,0,18.61592836
1005,9,1,1,0,1,71.24624934
1029,8,1,1,0,1,74.9663366
969,12,1,1,0,1,65.7310107
101,4,0,1,1,0,16.71543146
977,8,1,0,0,1,71.33432046
1014,10,1,1,0,1,71.7295265
94,4,0,1,0,0,14.59177007
1003,7,1,0,0,1,76.03854035
983,8,1,0,0,0,70.61372569
1004,8,1,0,0,0,72.7977401
102,3,0,1,1,0,19.01489838
981,7,1,1,0,0,69.89119733
986,10,1,0,0,1,71.32992841
1007,11,1,1,0,0,69.27436589
1000,12,1,1,0,0,66.91088731
96,4,0,0,0,0,15.56353254
963,7,1,1,0,0,68.84418154
1052,13,1,1,0,0,72.2479659
105,4,0,0,0,0,16.95712382
100,3,0,1,0,0,14.94994182
996,12,1,1,0,1,67.24783941
1032,9,1,0,0,1,77.34225535
981,7,1,1,0,0,70.85346232
980,13,1,1,0,1,64.74043515
982,9,1,1,0,0,68.08246566
1012,8,1,1,0,1,73.61497222
992,8,1,1,0,0,69.07507161
1002,6,1,0,0,1,76.05699987
102,4,0,1,0,0,13.94479426
1021,9,1,1,0,0,72.33592243
1014,10,1,0,0,0,72.70836615
998,11,1,1,1,1,71.04922742
966,11,1,0,0,1,66.70988296
986,10,1,1,0,1,67.70529661
106,3,0,1,0,1,16.55871229
966,8,1,0,0,1,70.61430501
1003,12,1,1,0,0,67.06236767
992,14,1,1,0,0,63.66179695
92,2,0,1,0,0,16.11324815
1037,10,1,1,0,0,72.13446465
972,11,1,1,0,0,64.86802931
106,3,0,1,0,1,16.2940875
96,4,0,1,0,1,15.40830518
977,7,1,1,0,0,68.892439
996,9,1,1,0,0,69.3844034
103,3,0,1,0,0,15.74912326
95,5,0,1,0,0,12.98974314
973,9,1,0,0,1,69.14851957
96,2,0,0,0,1,19.26993307
99,2,0,1,0,1,17.23793621
1021,12,1,1,0,0,70.46600802
91,3,0,1,0,0,16.42908608
97,4,0,1,0,1,14.91719706
1014,9,1,1,0,0,71.72971441
980,9,1,1,0,0,67.82967967
997,12,1,1,0,0,66.88202954
1002,9,1,1,0,0,70.51119201
106,5,0,0,0,0,14.98281057
982,11,1,1,1,0,68.64269608
953,9,1,1,0,0,64.94993561
1023,8,1,1,0,0,73.58073406
1009,10,1,1,0,0,70.3154726
986,11,1,0,0,0,67.91078153
96,4,0,1,0,0,14.59561384
1001,7,1,0,0,0,74.58882585
1015,12,1,0,0,1,70.7288892
102,5,0,1,0,0,13.58004149
991,12,1,0,1,1,92.34744969
90,3,0,1,0,1,16.71530376
1000,9,1,1,0,0,70.60137039
986,11,1,1,0,0,66.91473392
89,2,0,1,0,1,16.89357605
1036,12,1,0,0,0,71.90273431
100,2,0,1,0,1,18.13757383
1000,11,1,1,1,1,71.88351773
1029,12,1,1,0,0,69.73038584
1007,11,1,1,0,0,68.46591077
1016,8,1,1,0,1,73.04286939
1006,9,1,1,0,0,69.65923603
1014,8,1,0,0,1,75.6984894
1022,13,1,1,0,0,68.43670247
956,9,1,0,0,1,67.84425156
1005,6,1,1,0,0,74.44850996
983,10,1,1,0,0,68.13570682
99,3,0,1,0,0,16.04792281
1011,9,1,1,0,1,72.03861032
90,3,0,0,1,0,22.71932313
999,12,1,0,0,0,69.16620732
108,2,0,1,0,1,17.85015307
91,1,0,0,0,1,21.34482145
1008,9,1,0,0,1,74.29579211
104,4,0,0,0,0,17.49750967
961,9,1,1,0,1,66.73019397
97,4,0,1,0,0,13.46309418
968,11,1,1,1,0,67.67246711
1024,10,1,1,0,0,70.62911329
1022,10,1,0,0,0,73.18023478
963,10,1,1,1,0,67.52427871
1021,5,1,0,0,1,79.45256955
91,3,0,0,0,0,18.12927827
989,13,1,1,0,1,65.92056782
104,4,0,0,0,0,17.00492298
110,3,0,0,1,1,24.1764228
1015,11,1,0,0,0,71.68784591
993,8,1,1,0,0,71.28754223
101,3,0,0,0,1,19.34010351
98,3,0,1,1,0,19.70006771
103,3,0,1,0,0,15.88600807
967,12,1,0,0,0,66.03524001
101,2,0,1,0,1,17.07499695
98,4,0,1,0,0,14.98930652
971,10,1,1,0,0,66.65572492
1004,6,1,1,0,0,73.39993674
983,11,1,1,0,1,67.04634953
1018,11,1,1,0,1,70.53499897
94,1,0,1,0,1,18.75325555
977,9,1,1,0,0,67.13281826
1024,12,1,0,0,0,71.69796212
1024,12,1,1,0,0,69.85209755
992,9,1,1,0,1,70.518244
1005,11,1,1,0,0,68.87522531
1000,8,1,1,1,1,74.66016654
103,3,0,1,0,0,14.71703168
99,2,0,1,0,1,17.54734474
102,2,0,1,0,1,17.85845139
996,12,1,1,0,0,67.24406265
98,3,0,0,1,0,22.7197238
94,2,0,1,0,0,16.51085882
103,1,0,1,0,0,17.6870052
105,4,0,1,0,0,15.15735777
992,11,1,0,0,0,69.20157459
1041,9,1,1,0,1,75.84352322
970,7,1,1,0,0,67.95064561
105,2,0,0,0,0,18.04523128
1006,9,1,1,0,1,70.81327383
101,2,0,1,0,0,16.57297485
91,3,0,1,1,0,19.23117803
991,16,1,1,0,0,63.25861032
967,8,1,1,1,0,69.38855101
103,2,0,0,0,0,18.55420492
990,7,1,1,1,1,73.79228628
103,3,0,1,0,0,15.77418372
92,2,0,0,0,0,18.93250141
1014,14,1,1,0,0,65.99364572
996,8,1,1,0,0,70.08323621
977,6,1,0,0,0,72.53683201
1024,12,1,1,0,0,69.76827576
97,4,0,0,0,1,16.85192625
978,13,1,1,0,0,63.21047464
1032,10,1,1,0,1,73.13252457
1024,10,1,0,0,0,73.51056925
102,3,0,1,0,0,15.28377641
995,7,1,0,1,0,96.24976954
101,2,0,1,0,0,16.58267768
96,4,0,0,0,0,15.91747815
105,2,0,1,0,0,15.99149412
1005,13,1,1,1,0,68.85333667
1011,10,1,0,0,1,73.04630584
107,3,0,0,0,0,17.96706968
101,4,0,0,0,0,16.4067228
984,13,1,0,0,0,66.00565512
983,9,1,0,0,0,69.59837543
999,7,1,1,0,1,73.15730041
1018,10,1,0,1,0,96.66134062
97,4,0,0,0,0,16.53928835
1028,5,1,1,0,0,76.67905407
1008,12,1,0,0,0,70.05139395
91,2,0,1,0,1,17.81050775
959,10,1,1,0,0,64.81023995
100,2,0,1,0,0,16.57791701
1018,10,1,0,0,0,73.32467029
103,3,0,1,0,0,15.29109463
1000,9,1,1,0,0,69.93243257
1023,11,1,0,1,0,95.54492835
1007,13,1,0,0,1,69.73034851
104,4,0,1,1,0,17.30035233
1005,10,1,1,0,0,69.54469466
1018,12,1,0,0,1,71.80152261
1046,11,1,1,0,0,73.61779851
96,3,0,0,0,1,18.45359982
965,12,1,1,0,0,62.666717
1020,13,1,1,0,0,67.69262633
979,11,1,1,0,1,66.74245705
984,12,1,1,0,0,64.69589958
972,7,1,0,1,1,94.24053253
1014,9,1,0,0,0,72.89505841
994,11,1,1,0,0,67.42434081
1001,7,1,0,0,1,75.96006932
969,6,1,0,0,0,71.6372777
1004,9,1,1,0,1,71.67105043
98,4,0,0,0,0,16.65294406
1016,9,1,1,0,1,73.13601981
963,12,1,1,0,0,62.92242612
94,4,0,1,0,1,15.59547315
94,3,0,1,0,0,15.52748653
1012,15,1,1,0,0,64.54621703
1010,5,1,1,0,1,75.51263837
1017,12,1,1,0,0,68.99357344
954,8,1,1,0,0,65.73638084
990,12,1,0,0,1,68.87227222
99,4,0,1,0,0,14.92133682
975,12,1,1,0,1,65.45224355
99,4,0,1,0,0,13.78575024
98,3,0,1,0,0,15.25431982
1013,12,1,1,1,0,72.55779584
1021,7,1,1,0,1,75.31601098
998,12,1,1,0,1,68.82896141
1013,11,1,1,0,1,70.77573848
1023,11,1,1,0,0,70.99357412
1006,7,1,0,0,1,75.6277366
108,4,0,0,0,0,16.52797875
1014,12,1,1,0,0,68.64478064
1008,9,1,1,0,0,70.96649385
970,14,1,0,0,0,64.31519067
1005,10,1,1,0,0,69.37048277
105,3,0,1,0,0,15.56870383
1017,3,1,1,0,0,77.76366322
985,7,1,1,0,1,72.03648381
997,9,1,1,0,0,68.73346116
1016,8,1,1,1,0,75.26334899
96,3,0,1,0,0,15.26256304
953,5,1,0,0,0,71.36726637
1004,10,1,1,0,0,69.33181513
99,2,0,1,0,1,17.75021387
1000,10,1,1,0,0,69.04437386
101,3,0,1,0,0,15.3765546
972,6,1,0,0,0,72.22029912
95,1,0,1,0,0,17.35224226
97,3,0,1,0,0,14.41338872
98,3,0,1,0,0,15.57369616
984,10,1,1,0,0,67.25900901
977,13,1,1,0,0,63.52470691
1021,13,1,1,0,0,67.73975226
93,2,0,1,0,1,16.69695319
103,3,0,1,0,1,16.37810792
1006,10,1,1,0,0,69.77289239
1008,8,1,0,0,0,74.13822428
989,10,1,1,1,0,70.77970513
973,10,1,0,0,0,68.14241166
992,9,1,1,0,0,68.59633508
1014,10,1,0,0,0,73.31130544
1003,16,1,0,0,0,65.89155784
92,3,0,1,0,0,15.99011139
1001,9,1,1,0,0,70.29305697
966,11,1,0,0,0,65.66269954
98,4,0,1,0,0,14.99152536
94,3,0,0,0,0,18.11530779
100,3,0,1,0,1,16.11937419
104,2,0,0,0,0,18.59820945
1002,8,1,0,0,0,73.3207136
1020,6,1,1,0,0,75.7678462
1026,12,1,1,0,0,69.34778715
982,9,1,1,0,1,68.56525095
948,11,1,1,0,0,62.04080712
102,3,0,1,0,0,15.81886755
103,3,0,1,0,0,15.1944796
980,9,1,0,0,0,70.60898434
1013,8,1,1,0,0,71.66977826
984,10,1,1,0,1,67.8301612
93,3,0,0,0,0,18.28215091
995,10,1,0,0,0,71.1100418
1004,12,1,1,0,1,69.31982341
1013,10,1,1,0,1,71.31692204
98,2,0,1,0,0,16.76381486
1041,9,1,0,0,0,76.88359078
1011,10,1,1,0,0,70.53057611
980,7,1,1,0,1,70.28896401
106,2,0,1,0,0,17.37775344
991,7,1,1,0,0,70.84837112
970,13,1,0,0,1,66.07882643
103,3,0,0,0,0,17.87115914
1016,11,1,0,0,0,73.30161731
1010,8,1,1,0,1,72.92380023
985,10,1,0,0,0,69.53024995
997,13,1,0,0,0,68.27173739
995,10,1,1,0,0,68.01307362
91,2,0,1,0,0,15.42827884
989,11,1,0,0,0,69.11190447
966,12,1,1,0,0,62.8241971
1001,8,1,1,0,1,73.21927842
1016,10,1,0,0,0,73.09670115
983,13,1,1,0,0,64.47858799
973,8,1,1,0,1,68.76668209
966,9,1,0,0,0,68.03016696
1000,11,1,0,0,0,70.69628326
100,3,0,1,0,0,15.34912399
1014,8,1,1,0,0,72.40649011
981,13,1,1,0,1,64.19701389
1030,9,1,0,0,1,75.77696088
1033,12,1,1,0,0,71.0251201
91,3,0,1,0,1,16.78929553
978,6,1,1,0,0,70.55742522
109,2,0,1,0,0,16.76555226
96,5,0,1,0,1,15.3635165
93,4,0,1,1,0,16.84512798
103,3,0,1,0,0,14.56873652
100,4,0,1,0,0,13.71889344
100,4,0,1,0,1,15.69918042
981,9,1,1,0,1,69.85448079
999,9,1,1,0,1,70.81197724
95,2,0,1,0,0,16.26388718
1019,12,1,1,0,0,69.01021056
1020,11,1,1,0,0,70.30054945
1019,12,1,1,1,0,72.33654243
94,2,0,1,0,0,15.71379077
972,10,1,1,0,0,65.93038419
99,5,0,1,0,0,13.57974574
106,4,0,1,0,0,14.11483769
1029,9,1,1,0,0,73.03879231
992,7,1,1,0,1,72.16440369
1013,10,1,1,0,1,71.56660828
1004,9,1,1,0,0,69.83893074
102,3,0,1,0,1,16.9494487
107,4,0,1,1,1,18.27677561
974,10,1,1,0,0,65.6641606
974,7,1,1,0,1,70.14288483
1021,14,1,1,0,0,67.45035793
115,2,0,1,0,1,16.71796543
1017,11,1,1,0,0,70.01855223
995,9,1,0,0,0,71.22475362
1006,9,1,0,0,0,72.41529908
101,2,0,1,0,0,16.27904542
1011,11,1,0,0,0,70.39960737
97,1,0,1,0,0,17.91696296
999,7,1,1,0,0,72.14166611
997,11,1,1,0,0,67.27845855
97,2,0,0,0,1,19.31105687
988,10,1,1,0,0,67.37361192
1018,7,1,1,0,0,73.95107065
986,13,1,1,0,1,64.45183392
991,9,1,1,0,0,69.30869233
1042,10,1,1,0,1,75.09145138
96,2,0,1,0,0,16.40268302
87,2,0,0,1,0,22.08474767
1047,10,1,1,0,1,75.8774403
975,13,1,1,1,0,67.11073784
1042,8,1,1,0,0,75.60989563
1021,8,1,1,0,0,73.29366097
957,10,1,0,0,1,67.26632257
108,3,0,1,0,1,16.54339877
964,8,1,0,0,1,69.91844615
95,3,0,1,1,1,18.99644138
967,12,1,1,0,0,64.29546088
1025,10,1,1,1,0,74.66395735
981,11,1,0,0,1,67.95831229
1027,11,1,0,0,0,72.77758187
102,2,0,0,0,0,18.56333564
1010,10,1,1,0,0,70.1107831
991,8,1,1,0,0,69.87685947
105,3,0,1,0,0,15.05706044
1013,11,1,1,0,0,68.68664793
1008,10,1,1,0,1,70.0053852
1016,15,1,1,0,0,66.08027191
94,3,0,0,0,0,17.37603134
105,4,0,1,0,0,14.36286081
94,1,0,1,0,1,18.62230559
99,3,0,0,0,1,19.19425473
1023,9,1,1,0,1,74.39800287
96,2,0,1,1,0,19.06141684
1001,13,1,0,0,0,67.53197838
999,8,1,1,0,0,70.85567359
89,3,0,0,1,1,22.98421311
1029,13,1,0,0,0,71.49497471
102,2,0,1,0,0,16.75611655
109,3,0,0,0,0,17.31204775
952,14,1,0,0,0,61.55594332
106,2,0,1,0,0,16.76780214
102,4,0,1,0,0,14.02226689
991,13,1,1,0,1,65.33959742
106,0,0,0,0,0,20.9077424
981,10,1,1,0,0,67.26173915
1010,11,1,0,0,1,71.93298427
986,7,1,1,0,1,71.33220472
999,7,1,1,0,0,72.92485384
991,12,1,1,1,0,69.74767766
1006,10,1,1,0,0,70.28042932
1009,6,1,1,0,0,73.26690895
105,3,0,1,0,0,16.06502719
987,8,1,1,0,0,69.43085594
978,10,1,1,1,1,70.85569135
1010,9,1,0,0,1,74.00002177
996,7,1,1,0,0,71.54362706
966,8,1,1,0,1,68.04003248
101,3,0,1,0,0,14.5471842
977,11,1,1,1,1,69.18169073
1023,13,1,1,0,0,68.52176726
109,2,0,1,0,0,15.94741312
991,9,1,0,0,0,71.6618434
973,8,1,1,0,1,68.34841066
996,10,1,0,0,0,70.93739725
999,6,1,1,0,0,72.31670687
1018,13,1,0,0,0,68.39571509
994,9,1,1,0,1,70.14892209
88,3,0,1,0,0,15.10229792
100,3,0,1,0,1,17.26061048
98,2,0,1,0,0,15.24856593
1007,10,1,0,0,0,71.86348792
1023,8,1,1,0,0,73.92469589
991,10,1,1,0,0,68.90880807
983,8,1,1,0,0,68.33569037
985,9,1,1,0,0,68.35876663
95,1,0,0,0,0,19.51315103
1004,11,1,1,0,1,68.04397172
1023,11,1,1,0,0,69.64774056
92,2,0,1,0,1,16.95859041
1009,10,1,1,0,1,71.55374936
986,10,1,1,0,0,67.49942981
956,11,1,0,0,0,66.05461826
102,5,0,0,0,1,16.84374402
108,3,0,0,0,0,17.38707791
997,8,1,0,0,0,72.31459641
1008,6,1,0,0,0,75.86118663
987,11,1,0,0,0,68.66245989
989,10,1,1,1,0,70.90602446
991,9,1,0,0,0,70.56135914
99,2,0,1,0,1,17.96012064
1014,12,1,1,0,0,68.08795611
99,4,0,1,0,0,14.64168241
1030,10,1,1,0,0,71.06804178
998,9,1,0,0,1,72.52124927
942,6,1,1,0,0,66.91960419
97,2,0,1,0,1,17.24447042
1017,12,1,0,0,1,71.03891631
965,8,1,1,0,0,67.05905135
1001,14,1,1,0,0,64.76854025
980,7,1,0,0,1,72.82316809
993,10,1,1,0,0,67.96461535
102,3,0,1,0,0,15.17931584
96,0,0,0,0,0,19.85776568
1002,8,1,1,0,0,71.61235864
98,3,0,1,0,0,15.9167786
89,3,0,1,0,0,14.51728193
972,11,1,1,0,0,65.6930084
1022,7,1,0,1,0,99.37931517
1000,11,1,1,1,0,71.85879474
106,3,0,1,0,1,16.43180042
994,13,1,1,0,1,66.07769425
93,3,0,1,0,0,15.53824942
1026,11,1,1,0,0,71.41861001
1020,7,1,1,0,0,73.42810228
1022,11,1,0,0,0,72.75821774
96,3,0,1,0,0,15.50642303
102,4,0,1,0,1,14.66367886
96,4,0,1,0,0,14.10080205
990,12,1,1,0,1,65.99141527
95,3,0,1,0,0,14.63425788
1033,12,1,1,0,0,70.26475675
997,7,1,1,0,1,73.2118834
104,2,0,0,0,1,19.01930039
978,10,1,1,0,0,67.13977551
998,8,1,1,0,0,70.56842251
92,5,0,1,0,0,14.02290358
101,3,0,1,0,0,15.7449955
956,11,1,1,0,0,63.15849445
981,10,1,1,0,0,67.3649766
98,1,0,0,0,0,20.03503349
101,2,0,0,0,1,19.52160267
106,3,0,0,0,0,17.27231793
972,8,1,0,0,0,69.62053892
1000,12,1,1,0,1,68.33833644
104,4,0,0,0,0,17.22554814
107,3,0,1,0,1,17.03158208
104,2,0,1,0,0,16.00271792
969,9,1,1,0,0,66.34197699
100,4,0,0,1,0,21.86010003
1036,9,1,1,0,1,76.16109351
1002,9,1,1,1,1,74.2378046
98,3,0,1,0,0,14.91249883
998,15,1,0,0,0,65.49829689
973,10,1,0,0,0,67.99697598
1009,10,1,1,0,0,69.67885342
102,2,0,1,0,1,18.09324988
1008,7,1,1,0,0,73.26781717
1000,7,1,0,0,0,74.02357458
984,14,1,1,0,0,63.51548918
1006,9,1,1,0,0,71.86158902
1019,10,1,0,0,0,73.34346323
103,3,0,1,0,0,14.49328516
95,3,0,1,1,1,19.46777392
996,12,1,1,0,0,66.48801564
1012,9,1,0,0,0,73.32722537
1008,8,1,1,0,0,71.36943716
98,2,0,0,0,0,18.39978779
1028,10,1,1,0,0,72.12654187
975,9,1,1,0,0,67.636231
102,2,0,0,0,0,18.43866897
98,5,0,1,0,0,13.67403202
104,3,0,1,0,0,15.24619709
974,9,1,1,1,1,70.45574807
95,4,0,1,0,1,15.33360241
998,11,1,1,0,0,67.86013987
102,3,0,1,0,0,15.28126974
980,10,1,0,0,1,69.45123836
978,11,1,0,0,0,67.59824063
101,4,0,1,0,0,13.67738583
1036,13,1,1,0,0,70.62701606
94,4,0,1,0,0,14.74678747
1008,9,1,1,0,1,72.17470908
998,10,1,0,0,1,70.8604974
959,9,1,1,1,0,68.12175639
999,8,1,1,0,0,71.34147024
1007,11,1,1,1,0,71.63573568
107,3,0,1,0,0,15.71643719
993,9,1,1,1,0,72.95305329
88,2,0,1,0,1,16.64302125
1030,11,1,1,0,1,72.66159781
99,2,0,0,0,0,19.1746148
1037,10,1,0,0,0,75.20432664
96,2,0,1,0,1,17.20894803
999,9,1,1,0,0,69.81303503
99,3,0,0,0,0,16.76952593
987,10,1,1,0,0,66.94123493
1004,10,1,0,0,0,70.6942406
101,2,0,0,0,1,19.78121242
98,3,0,1,1,0,18.12937137
994,9,1,1,0,1,69.70585297
995,15,1,0,0,0,65.4868668
988,12,1,1,0,0,65.26765589
104,2,0,1,0,0,17.00557775
1012,9,1,1,0,0,71.20333513
994,14,1,0,0,0,66.18918932
1002,11,1,0,0,1,71.17619332
1027,10,1,1,1,0,75.16963654
1024,11,1,1,0,1,71.6992214
1020,13,1,1,0,0,67.58906035
981,9,1,1,1,0,70.99149561
99,3,0,1,0,1,16.60092803
103,2,0,1,0,1,17.27742653
1003,12,1,1,1,0,69.65240192
1003,11,1,1,0,0,68.50195323
1008,9,1,1,0,0,70.89573344
110,4,0,0,1,0,21.72722062
969,6,1,0,0,0,71.3584369
1014,12,1,1,0,0,69.5854663
1005,9,1,0,0,1,73.21625696
98,4,0,1,0,1,15.54975065
992,13,1,1,0,0,64.22795436
1042,9,1,0,0,0,76.15538145
94,2,0,1,0,0,15.93295825
95,2,0,1,0,1,17.3189031
99,3,0,0,0,0,16.86798886
998,7,1,0,0,0,73.52678177
991,9,1,0,0,1,72.37838788
1010,10,1,1,0,0,70.77481087
967,10,1,0,0,0,68.28898104
105,1,0,0,0,0,20.54896075
987,9,1,1,1,1,72.92685835
97,4,0,1,0,0,15.30918959
984,11,1,1,0,0,66.16264296
1028,8,1,0,0,1,77.65895199
996,13,1,1,0,0,66.37337907
105,3,0,1,0,0,16.15157026
1018,8,1,1,0,0,73.68236837
992,10,1,0,0,0,69.8993227
970,11,1,1,0,0,64.74637491
986,12,1,1,0,0,65.55819039
1011,10,1,1,0,1,71.34605023
1034,9,1,1,0,1,74.68064224
1022,10,1,1,0,0,71.28638947
99,4,0,1,0,1,14.44530173
105,4,0,1,0,0,14.68160272
1003,12,1,1,0,1,68.98195482
999,11,1,1,0,1,69.28675292
993,12,1,1,0,1,66.51451476
947,11,1,1,0,0,62.84007278
97,4,0,0,0,0,16.78530864
1041,8,1,1,0,0,75.66849488
1017,13,1,1,1,1,71.52549085
996,11,1,1,0,0,66.63325309
983,11,1,1,0,0,65.9081054
1021,11,1,1,0,0,70.11822693
979,9,1,0,0,0,69.76123173
96,4,0,0,0,0,16.1676539
991,13,1,0,0,0,66.88063085
990,9,1,1,0,1,69.38344704
982,8,1,1,0,0,69.16827956
992,12,1,0,0,1,68.55800822
93,4,0,1,0,1,15.14548187
106,4,0,1,0,0,15.33915655
1046,14,1,1,0,0,70.97924391
989,14,1,0,0,1,66.24502606
109,5,0,1,0,0,13.48332791
1001,8,1,1,0,0,70.6740734
994,10,1,1,0,0,68.03778142
99,2,0,1,0,0,16.91923763
96,2,0,1,0,0,15.41160255
1017,12,1,1,0,0,68.54675713
1025,11,1,1,0,0,70.05343351
1011,9,1,1,0,0,71.8151128
977,8,1,1,0,0,67.93206928
992,12,1,0,0,1,69.30137508
986,8,1,0,0,0,72.00226163
1024,12,1,1,0,0,69.66384788
982,7,1,1,0,0,70.72644907
107,3,0,1,0,0,16.44168108
1026,9,1,1,0,1,74.77970899
986,10,1,1,0,0,67.57393131
1020,11,1,1,0,1,70.90737399
972,8,1,1,0,0,67.42230776
1024,9,1,1,0,0,73.27246562
985,9,1,1,0,0,68.13847915
101,3,0,1,1,0,18.35457464
1016,9,1,1,0,0,73.12423167
982,8,1,1,0,1,69.52414191
980,12,1,0,0,0,66.83181137
98,5,0,1,1,1,18.03188402
101,3,0,0,0,0,17.43221137
994,11,1,1,1,0,70.25538284
996,8,1,1,0,0,70.30367999
1028,9,1,0,0,0,75.15641346
1019,13,1,1,1,0,71.76587674
974,12,1,1,0,1,65.6143344
99,1,0,1,0,0,17.44246366
984,9,1,1,0,0,68.62441024
995,10,1,1,1,0,71.31102342
997,10,1,1,0,0,68.8639135
1003,7,1,1,0,0,72.36728479
1023,11,1,1,0,1,71.03885018
101,1,0,1,0,0,17.52647173
1035,11,1,1,0,0,72.36163725
1017,9,1,1,0,0,71.16014291
973,11,1,1,0,0,64.9891805
995,11,1,1,0,0,67.27207903
996,13,1,1,0,1,66.41388486
1017,10,1,1,0,1,71.56306404
988,12,1,1,0,0,66.52669471
994,9,1,1,0,0,68.75288433
102,3,0,1,0,0,15.98446509
998,8,1,1,0,0,70.4847691
1023,10,1,1,0,0,71.55597606
1015,8,1,0,0,0,74.31715168
1017,8,1,1,0,0,73.1321462
1017,12,1,1,0,1,69.51629775
987,9,1,1,0,0,68.65014905
1012,11,1,1,0,0,69.00379372
91,3,0,0,1,0,22.17178004
982,12,1,1,0,0,64.29040031
1019,7,1,0,0,0,76.69960077
976,10,1,1,1,0,70.0186412
1026,10,1,1,0,0,71.9979684
1035,10,1,1,0,1,73.33082397
1029,10,1,0,0,0,74.41729267
1012,10,1,1,0,1,71.17303703
107,4,0,1,0,0,13.84071994
1019,12,1,1,0,0,69.99842569
975,14,1,1,0,0,62.37550459
98,2,0,0,0,0,18.48352763
1003,12,1,0,0,1,71.24177584
974,12,1,0,0,1,66.7155261
993,11,1,0,0,1,69.90960412
94,4,0,0,0,0,17.53859231
1015,9,1,1,0,0,71.60936008
1010,14,1,0,0,0,68.49771724
1000,12,1,1,0,0,67.27205911
966,9,1,1,0,0,65.77773381
961,11,1,1,0,0,63.80396886
976,6,1,1,0,1,71.48904687
994,14,1,1,0,1,65.56437054
1000,12,1,1,0,1,68.34605486
1025,11,1,1,0,0,71.65584784
992,9,1,1,0,1,70.53804623
102,2,0,0,0,0,19.06224954
996,13,1,1,0,0,65.30083958
998,7,1,1,1,1,75.66026875
96,2,0,0,0,1,19.33701545
103,2,0,1,0,0,16.82684137
1011,10,1,1,0,0,69.70376097
1013,10,1,1,0,0,70.63619927
91,3,0,1,0,0,14.96888929
1017,10,1,1,0,0,70.48791825
1041,10,1,0,0,0,75.64085589
1009,10,1,1,0,0,69.44083902
103,4,0,1,0,0,14.65078399
979,11,1,1,0,1,66.17480409
106,1,0,0,0,0,18.91967679
996,14,1,1,0,0,64.17932744
983,10,1,1,0,0,67.68872773
986,9,1,1,0,0,68.69559147
968,11,1,1,0,1,64.98078276
114,3,0,1,1,1,19.25943566
1015,9,1,0,0,0,73.67402017
1024,9,1,1,0,0,72.31815492
1001,8,1,1,1,0,74.98671368
1025,9,1,1,0,0,72.83456465
1033,10,1,1,0,0,72.16036596
1019,8,1,1,0,0,73.22031418
1030,6,1,0,0,0,78.28083126
1006,6,1,1,0,0,73.98053945
1006,10,1,1,0,0,69.59826873
1048,10,1,0,0,1,77.37931674
98,3,0,1,0,0,14.43540705
996,11,1,0,1,0,92.38647345
965,13,1,1,0,1,62.51518579
105,3,0,0,0,1,19.66647125
103,4,0,1,0,1,16.08242703
1016,8,1,1,0,0,73.28562611
1012,8,1,1,0,0,72.24169882
995,11,1,0,0,0,69.83199578
1006,14,1,0,0,0,68.26337813
995,13,1,1,0,0,65.53700374
1041,9,1,1,0,0,76.35458211
96,3,0,1,0,0,14.03586359
997,9,1,1,0,0,68.51152521
1012,11,1,1,1,0,71.80562986
1000,11,1,0,0,0,69.69815641
101,3,0,0,0,0,17.34222151
1010,7,1,1,0,0,72.766935
944,10,1,0,0,1,65.72326952
984,13,1,1,0,1,64.93632843
983,11,1,0,0,0,68.09785109
993,9,1,0,0,0,71.97576783
1003,9,1,1,0,0,70.14471299
996,6,1,1,0,0,72.52676794
102,4,0,1,0,0,15.03820549
102,3,0,1,0,1,17.13360977
1031,8,1,1,0,1,75.17829284
1022,12,1,0,0,0,72.48343956
1021,7,1,0,1,1,100.2778409
987,8,1,1,0,0,69.30467205
987,13,1,0,0,1,67.82901657
106,2,0,1,1,0,19.96549093
1034,9,1,0,0,0,76.00400829
1026,10,1,0,0,0,74.07308654
1001,11,1,1,1,0,70.14325438
993,7,1,0,0,1,73.97458871
1012,7,1,1,0,0,73.09521027
99,2,0,1,0,0,16.48179067
105,3,0,0,0,0,17.68480505
1044,10,1,1,0,0,74.65812886
1005,9,1,1,0,0,70.83850025
90,2,0,0,0,0,18.13167581
970,11,1,1,0,0,65.08551197
1002,11,1,1,0,0,67.51394389
1004,8,1,1,0,1,72.11273295
973,7,1,1,1,1,73.71210099
1013,6,1,1,1,1,78.85532014
112,2,0,1,0,1,18.08651624
1005,8,1,1,0,1,73.0508125
112,3,0,1,0,0,15.72718031
1031,5,1,1,0,1,78.11933993
98,2,0,1,0,0,15.88950979
103,4,0,1,0,1,15.11585748
997,9,1,1,0,0,69.72738073
1020,11,1,1,0,1,70.50462013
1009,8,1,1,0,1,71.82698702
1011,9,1,1,0,1,72.59064537
97,5,0,1,0,0,12.78375312
983,11,1,0,0,1,68.20541191
985,10,1,1,0,0,67.4281904
100,1,0,1,0,0,17.0215292
100,3,0,1,0,0,16.77834864
1016,12,1,0,0,1,72.01913724
1002,11,1,1,1,1,72.47996185
99,3,0,1,0,0,14.85720583
973,11,1,0,0,0,66.71244195
110,3,0,0,0,0,18.13281077
994,6,1,1,0,0,72.23891995
1013,10,1,1,0,0,70.2469892
106,3,0,1,0,1,17.23266211
97,4,0,1,0,0,13.42630364
984,12,1,1,0,1,65.14866027
978,8,1,0,0,0,70.0280523
991,6,1,1,0,0,72.56190573
975,11,1,1,0,0,65.49678381
104,3,0,0,0,1,18.6238506
107,5,0,1,0,1,14.2173024
985,8,1,1,0,0,69.49593562
100,3,0,0,1,0,21.296144
98,3,0,0,0,0,18.26285483
1013,12,1,1,1,1,72.64352541
1005,9,1,1,0,0,70.67844
1013,12,1,1,0,0,68.87970572
983,5,1,1,0,0,71.71259153
987,12,1,1,0,0,64.91088385
980,9,1,1,0,1,69.01760366
1006,10,1,1,1,1,72.5257843
977,8,1,1,0,1,69.08794726
1014,7,1,0,0,0,74.57914218
1014,12,1,1,0,0,68.33837279
959,11,1,1,0,0,63.09851812
999,11,1,0,1,1,93.71623382
1018,7,1,1,0,0,73.50886879
953,8,1,0,0,0,67.71607335
987,9,1,0,0,1,71.44670839
94,1,0,1,0,0,17.32374209
1005,9,1,1,0,0,69.90460848
99,3,0,0,0,0,17.80139451
1026,12,1,0,0,0,72.06585095
1017,8,1,1,0,0,72.43712813
98,4,0,1,0,0,14.15295846
107,1,0,1,0,1,18.3222888
100,3,0,1,0,1,16.46589307
1025,6,1,1,0,0,76.34197268
93,4,0,0,0,0,17.16957898
1023,12,1,1,0,1,71.10513334
980,10,1,0,0,0,68.27156618
1001,11,1,1,0,0,68.07834658
979,13,1,1,0,0,63.47705069
997,9,1,1,0,0,69.71746435
987,10,1,0,0,1,70.29918473
101,5,0,1,0,0,13.89084148
986,9,1,0,0,0,71.75428249
966,10,1,1,0,0,65.19277377
984,11,1,0,0,1,69.1184005
971,14,1,1,0,0,62.16953237
1023,6,1,1,0,1,76.58485482
978,10,1,1,0,0,67.06725638
989,9,1,1,1,1,72.9057064
1003,12,1,1,0,1,68.451814
97,4,0,1,0,1,15.48141414
989,10,1,0,0,0,68.56385428
89,2,0,1,0,1,17.0293002
1001,13,1,0,0,0,67.83245754
94,2,0,1,0,1,16.6315248
1008,12,1,1,1,0,70.89279215
1007,11,1,0,0,1,71.18453267
1004,9,1,1,0,0,70.89681113
1010,11,1,1,0,1,69.93860626
987,13,1,1,0,1,66.06028239
1020,9,1,0,0,0,74.0803752
981,10,1,1,0,0,66.96083153
101,0,0,1,0,0,18.82439737
1004,11,1,0,0,1,71.27542503
1033,11,1,1,0,0,71.5759182
978,9,1,0,0,0,69.60139795
94,2,0,1,1,0,19.48551157
1007,10,1,0,0,0,71.49439538
1036,11,1,0,0,0,73.62965477
101,4,0,1,0,0,14.50915849
984,7,1,0,0,1,73.96299106
994,11,1,0,1,0,92.30952391
969,8,1,1,0,1,67.83173057
103,2,0,1,0,0,16.42713916
1001,9,1,0,0,0,72.20417299
107,5,0,1,0,0,13.70170055
104,3,0,1,0,0,14.89997119
1018,10,1,1,0,1,71.77088057
1020,9,1,1,0,0,72.05603564
1005,11,1,1,0,0,68.69304455
978,9,1,1,1,1,71.68938696
92,3,0,0,1,1,23.8669133
1013,8,1,1,1,0,75.42174425
1008,13,1,1,0,1,67.64289448
1017,14,1,1,1,0,69.42339908
991,12,1,1,0,0,66.37617134
974,11,1,1,0,0,64.00313716
1041,8,1,0,0,1,79.22135497
992,10,1,1,0,1,67.89721579
1003,9,1,1,1,0,73.10467111
986,11,1,1,0,0,66.28353078
1030,9,1,1,0,1,74.67472014
92,3,0,1,0,1,16.26232092
981,8,1,1,0,1,70.69235111
948,11,1,1,0,1,62.57518125
966,12,1,0,0,1,66.48388336
1023,7,1,1,0,1,75.10115783
998,11,1,1,0,0,67.59652501
97,2,0,1,0,0,15.64158091
97,3,0,1,0,0,16.31066253
971,8,1,0,0,0,69.82354545
100,5,0,1,0,0,13.44002084
991,7,1,1,0,1,72.26673353
1019,13,1,1,0,1,68.83444788
98,2,0,1,0,0,17.55984418
987,8,1,0,0,0,71.59713223
1030,13,1,0,0,0,71.00190309
1027,7,1,1,0,1,75.89677881
1000,7,1,1,0,0,71.92368095
985,11,1,1,0,0,66.40346215
989,6,1,1,0,0,71.55022625
100,4,0,1,0,0,14.67324572
1012,12,1,1,0,0,68.54508356
984,14,1,1,0,0,63.61896393
1029,11,1,1,0,1,72.81431852
1013,11,1,1,0,1,70.02212678
1008,8,1,0,1,0,97.21207427
1024,8,1,1,0,1,74.53909183
97,3,0,0,0,0,18.46643206
962,11,1,1,0,1,65.48302216
98,3,0,1,0,0,15.74485825
979,13,1,1,0,0,63.79881417
1023,13,1,0,0,1,71.83989889
1012,6,1,0,1,1,100.8693192
1000,12,1,1,0,1,67.82902834
104,4,0,1,0,0,14.60317853
1006,9,1,1,0,0,70.37650758
92,2,0,1,0,0,17.0955341
99,3,0,1,0,0,15.53169402
1001,10,1,1,0,0,68.40326104
94,4,0,1,0,1,15.34095203
1018,12,1,1,0,0,68.70113207
1013,14,1,1,1,0,69.30288916
992,11,1,1,0,0,67.37686512
993,10,1,1,0,1,67.99603325
95,3,0,1,0,0,15.22265128
99,2,0,1,1,1,19.82328291
104,3,0,1,0,0,15.93213531
973,9,1,1,0,1,67.65997898
95,4,0,0,0,1,16.73896067
101,4,0,1,1,0,17.35197523
999,12,1,1,0,0,66.9630935
98,3,0,1,0,0,14.8306147
1031,10,1,1,0,1,72.53596589
1030,11,1,0,0,0,73.55717082
1006,13,1,1,0,0,67.39833844
1028,12,1,1,0,1,71.78460279
1001,12,1,0,0,0,69.59768937
993,7,1,1,0,0,71.24469356
1031,8,1,1,0,0,73.89527945
102,4,0,0,0,1,17.96226943
985,9,1,1,0,0,69.14853605
1006,8,1,1,0,0,72.15337935
99,2,0,0,0,1,19.83244763
96,4,0,1,0,0,15.04629003
991,10,1,1,0,1,68.63319272
995,12,1,1,0,1,67.46031176
952,11,1,1,1,1,67.02062908
1028,12,1,1,0,0,70.49310561
1036,10,1,1,0,0,73.69303338
1022,10,1,0,0,0,74.05005165
1015,10,1,0,0,0,72.31850451
986,9,1,1,0,1,69.50112562
100,1,0,1,0,0,17.0083776
1000,11,1,1,0,0,67.56652604
942,9,1,0,1,0,87.61248882
985,7,1,0,1,0,94.82334634
1009,12,1,1,1,0,71.03836975
974,9,1,1,0,0,67.03267502
100,3,0,0,0,0,18.1785827
997,12,1,1,0,0,66.98827678
991,6,1,1,0,0,71.33482197
997,9,1,1,0,0,69.81275558
990,8,1,1,0,0,70.7418299
102,3,0,1,0,0,15.25497457
101,3,0,0,1,1,21.93025089
106,3,0,0,0,0,18.37178475
1006,9,1,1,0,1,71.35467746
1007,9,1,0,0,0,72.67463865
994,14,1,1,0,0,64.13011171
1009,9,1,1,0,1,72.28502041
993,11,1,1,1,0,70.76803307
1020,8,1,1,0,1,74.05279717
1008,6,1,0,0,0,75.81883295
105,5,0,1,0,1,14.64183114
102,3,0,1,1,0,18.37784173
1006,9,1,1,0,0,70.08764922
1019,10,1,1,0,0,71.54522064
89,3,0,0,0,1,19.28102957
1001,10,1,1,0,0,69.16289875
998,11,1,1,1,0,70.11187585
93,4,0,1,0,0,14.66349332
1009,10,1,1,0,0,70.38096269
106,3,0,0,0,0,17.8516363
94,3,0,1,0,0,15.06233398
986,7,1,1,0,0,69.79245684
94,2,0,1,0,0,16.87740485
1024,12,1,1,0,0,69.0677704
1010,11,1,1,0,0,68.75848113
978,10,1,1,0,0,66.8919635
96,3,0,1,1,0,17.63878972
1010,9,1,1,0,0,71.59641118
102,2,0,1,0,0,17.29377553
104,4,0,1,0,0,14.31506707
994,10,1,0,0,0,69.93853316
994,8,1,1,0,1,72.07681045
1017,9,1,1,0,0,71.15839902
1002,11,1,1,0,0,68.21465164
993,8,1,1,0,0,70.68069872
1035,10,1,1,0,0,72.75590348
101,4,0,1,0,0,14.68414098
1015,9,1,0,0,0,73.60085462
999,10,1,1,0,0,69.19722144
1024,7,1,1,0,1,75.76911137
94,2,0,1,0,1,17.21051041
967,12,1,1,0,1,65.48365301
986,13,1,1,0,0,64.7373701
1016,9,1,1,0,0,72.15242214
995,11,1,1,0,0,67.21778688
1003,13,1,1,0,0,65.33777397
983,10,1,1,0,0,67.63627406
1008,9,1,1,0,0,69.74775169
102,4,0,0,1,0,21.52320892
1007,9,1,1,1,0,73.36373922
971,14,1,0,0,0,65.01713778
977,11,1,0,0,0,66.89866407
982,12,1,1,0,1,65.93374132
1003,10,1,0,0,0,71.06278747
976,9,1,1,0,1,68.00238689
998,12,1,0,0,0,68.68872614
976,11,1,1,1,0,68.92420292
106,4,0,1,0,0,14.67410147
1017,9,1,1,0,0,71.9891728
984,10,1,0,0,0,69.01079579
992,9,1,0,0,0,71.17413769
1014,12,1,1,0,0,68.75221302
1003,12,1,1,0,1,68.36617691
1034,11,1,0,0,1,75.58323824
976,11,1,1,0,1,65.76508033
1003,9,1,0,0,1,72.91554051
89,3,0,1,1,0,18.76466521
986,9,1,1,0,1,69.9895224
1043,8,1,1,0,0,76.12002266
107,1,0,1,0,1,19.17776959
981,7,1,1,0,0,70.12618513
987,11,1,1,0,0,66.90057549
1034,10,1,1,0,0,73.72485718
1013,12,1,0,1,0,93.34659615
111,4,0,1,0,0,14.64537195
1001,12,1,1,0,0,67.90339188
103,3,0,1,0,1,15.37112324
99,2,0,1,0,0,16.33460902
1008,11,1,1,0,0,68.17466654
1024,12,1,1,0,0,68.5062759
1007,7,1,1,0,0,71.71188626
996,10,1,1,0,1,69.36519808
1027,11,1,0,0,1,73.63543023
100,4,0,1,0,0,14.61911474
985,9,1,1,0,0,68.39416617
95,6,0,0,0,0,13.98509518
96,3,0,1,0,0,16.0699041
1045,10,1,1,0,0,73.9303987
993,8,1,1,0,0,70.83937845
1009,9,1,1,0,1,71.3395023
972,8,1,1,0,0,68.32392737
99,3,0,0,0,1,18.42819789
94,2,0,0,0,1,19.89068019
1023,10,1,1,0,1,73.30522809
104,3,0,1,0,0,15.13153113
992,11,1,1,0,0,66.56082425
1022,7,1,0,0,0,76.79892519
1018,9,1,1,1,1,75.77775454
90,3,0,1,0,0,15.76152775
1019,8,1,1,0,0,72.9294521
1016,10,1,1,0,0,69.92712271
1004,6,1,0,0,0,75.47211768
989,10,1,1,0,0,68.02692971
969,9,1,0,0,0,68.135687
1024,13,1,1,0,1,69.79545679
988,10,1,1,0,0,68.39440233
1017,9,1,1,0,1,72.38521303
1030,8,1,0,0,0,76.40494118
103,4,0,1,0,0,13.67420115
96,3,0,1,0,0,15.47136282
975,8,1,1,0,0,68.07842625
982,13,1,0,0,0,66.29580205
984,9,1,1,0,0,67.38374531
1006,10,1,1,0,0,70.39564122
1031,8,1,1,0,0,73.4931564
1022,8,1,0,0,0,74.56716761
999,11,1,1,0,1,69.65454954
983,8,1,0,0,0,71.49479739
95,2,0,0,0,0,18.96266013
1000,9,1,0,0,0,71.87460241
1005,14,1,0,1,0,90.70289161
1000,8,1,1,0,1,71.7245987
98,3,0,1,0,0,15.93660777
966,11,1,0,0,0,67.05842284
978,8,1,1,0,0,68.68312356
1028,8,1,1,0,1,75.4736411
103,4,0,1,0,0,15.1683905
1005,10,1,1,0,0,70.00237016
104,2,0,1,0,0,17.13979724
994,9,1,1,0,0,68.11959028
100,2,0,1,0,0,16.22625241
1032,11,1,1,0,0,71.85547064
95,3,0,1,0,1,16.57780951
102,3,0,0,0,0,17.51442847
1008,7,1,1,0,0,73.14031914
105,4,0,0,0,1,17.2136645
986,9,1,0,0,1,71.45916995
1017,9,1,1,0,1,73.4743509
1038,11,1,0,0,0,73.45944922
1017,9,1,0,0,0,74.33698844
109,5,0,1,0,0,13.89742539
98,3,0,0,0,0,17.4493462
1016,9,1,0,1,0,96.47300473
1032,12,1,1,0,0,70.07750003
100,3,0,1,0,1,17.00502159
1006,11,1,1,0,1,69.63771222
1016,12,1,1,0,0,67.9186477
993,14,1,0,0,0,66.83098144
988,15,1,0,0,0,64.4884932
1014,6,1,1,0,0,74.20863223
986,10,1,0,0,0,69.39063384
100,2,0,1,0,0,17.069906
99,3,0,0,0,0,17.60025344
1022,7,1,1,0,0,74.60933678
965,11,1,1,0,1,64.88398683
1006,6,1,0,0,0,76.06069552
1025,11,1,0,1,0,97.25463921
1013,10,1,1,0,0,70.2951501
1000,10,1,1,0,0,68.70667226
970,11,1,1,0,0,64.41555859
1013,13,1,1,0,1,68.39022571
971,10,1,0,0,0,67.47212294
1005,10,1,1,0,0,69.44848091
1017,8,1,1,0,1,74.74047992
1001,14,1,1,0,0,65.20092871
997,14,1,1,0,0,65.07745215
997,10,1,0,0,0,71.29082546
973,8,1,1,0,1,70.03278855
997,11,1,1,0,0,67.63242751
992,9,1,1,0,0,68.20744672
107,3,0,1,0,1,17.33025338
97,3,0,1,0,1,17.04885964
1012,15,1,1,0,0,65.78884086
97,2,0,1,0,0,16.10018008
1011,9,1,1,0,1,73.08974918
988,7,1,0,0,1,73.68160887
1025,9,1,0,0,0,75.35660216
108,5,0,0,0,0,15.72783875
111,3,0,1,0,0,15.66496036
109,3,0,1,0,1,16.21245658
1006,7,1,1,1,1,76.48765026
104,2,0,1,0,0,15.8816873
1037,8,1,1,0,1,76.95549082
1005,12,1,1,0,0,67.33752475
992,6,1,1,0,0,72.23602144
999,15,1,1,0,0,63.2357755
94,4,0,1,0,0,15.02694286
1026,11,1,1,0,1,71.65042766
991,4,1,1,0,0,73.91266263
101,3,0,1,0,1,15.77672633
1034,11,1,1,0,1,72.86469521
103,3,0,0,0,0,17.64607973
1010,9,1,1,0,1,72.07165475
987,9,1,1,0,0,68.43248238
935,7,1,0,0,0,67.0374683
104,3,0,1,0,1,15.97515756
103,1,0,1,0,0,16.90608227
1005,11,1,1,0,1,70.09061822
1046,10,1,1,0,0,74.39742228
1033,10,1,0,1,0,97.39026337
1014,13,1,0,0,1,70.55475512
1018,7,1,1,0,0,74.19210111
973,12,1,1,0,1,64.81010465
998,9,1,1,0,1,71.99899232
99,4,0,0,0,1,17.30666772
986,9,1,0,0,0,70.8781934
98,3,0,0,0,0,17.02303189
988,12,1,1,1,1,69.54787451
996,9,1,1,0,0,69.91879024
1022,9,1,1,0,0,72.43758041
992,9,1,1,0,0,68.67768636
1001,9,1,1,0,0,68.71942243
1027,11,1,1,0,1,72.51458988
989,7,1,0,0,0,73.13469768
104,2,0,1,0,0,16.92888263
997,10,1,0,0,0,70.77670624
1019,12,1,1,0,1,69.95139784
101,1,0,0,0,1,20.39068353
104,3,0,1,0,0,15.51433426
1014,10,1,1,0,0,70.6185056
1002,9,1,1,0,1,70.47228257
112,2,0,0,0,0,18.09657413
1007,8,1,1,0,0,70.21782429
985,8,1,0,0,0,71.94382523
1023,15,1,1,0,0,66.36157757
1000,9,1,1,1,0,72.85158792
1004,13,1,1,0,1,66.68828671
1004,9,1,0,0,1,73.59491478
102,3,0,1,0,0,15.37570501
1003,9,1,1,1,0,73.1949323
1018,7,1,1,0,0,72.63558378
102,2,0,1,0,1,17.36124772
975,10,1,1,0,0,66.31981928
981,11,1,1,0,1,67.17579971
1009,9,1,1,0,1,71.33760142
977,11,1,1,0,0,64.70325767
976,9,1,1,1,0,70.13560591
98,3,0,1,0,0,15.91939055
1000,10,1,1,0,1,70.02085416
1037,10,1,1,0,0,73.13394311
104,3,0,1,0,0,15.74452877
1018,14,1,1,0,0,66.77252232
996,10,1,1,0,0,68.61437146
106,3,0,0,0,0,17.05938079
986,12,1,1,1,0,67.63892233
101,3,0,1,0,1,16.63509792
1000,10,1,1,0,0,68.38856613
978,12,1,1,0,0,65.07585883
109,4,0,1,0,1,15.68907725
98,4,0,0,0,0,16.34329711
1004,11,1,1,0,0,67.80246773
93,3,0,1,0,0,15.57193904
998,12,1,1,0,1,68.23678009
993,10,1,0,0,1,72.31002766
1028,9,1,1,0,0,72.4156302
973,5,1,1,0,0,71.22904113
1022,9,1,1,0,0,73.2791086
97,2,0,0,1,1,24.29718945
110,3,0,1,0,0,15.47391711
1000,11,1,1,1,0,70.34743813
1001,8,1,1,0,0,72.08440567
993,12,1,0,0,0,68.7946833
990,8,1,0,0,0,72.06910568
99,2,0,1,0,0,17.60065371
978,13,1,0,0,1,66.73009607
102,4,0,0,0,1,18.37587026
1013,9,1,1,0,0,71.93255764
1002,8,1,1,0,1,72.51314179
1021,8,1,1,0,0,72.99122122
1009,8,1,0,0,0,74.74384503
976,10,1,1,0,0,66.62933102
988,12,1,1,0,1,67.08859293
104,2,0,0,0,0,18.14546499
98,4,0,0,0,0,15.77427379
949,7,1,1,0,0,67.01122187
981,5,1,0,0,0,73.52254691
1005,12,1,1,0,1,68.66971159
994,7,1,1,0,0,71.30649326
98,3,0,1,0,1,16.48957506
998,8,1,0,0,0,73.45392871
1002,12,1,1,0,0,67.12221379
93,1,0,1,0,0,16.67219847
1018,11,1,0,0,0,71.98045849
988,6,1,0,0,1,74.36510354
970,8,1,1,0,0,68.13516009
959,9,1,1,0,1,66.13087376
107,3,0,1,0,0,15.64563199
988,10,1,0,0,0,69.0891656
1024,10,1,1,0,0,72.33919988
110,4,0,0,0,0,17.93312949
1002,10,1,1,0,0,68.52480514
97,3,0,1,0,0,15.37490156
964,12,1,0,0,0,65.63990389
1018,7,1,1,0,0,73.36449797
976,11,1,1,0,0,65.40609582
1012,8,1,1,0,0,72.27222167
1021,9,1,1,0,0,71.21955844
999,9,1,0,0,0,71.53095447
978,10,1,1,0,0,66.3588067
979,13,1,1,1,0,66.57614395
1020,10,1,0,0,0,72.7577955
104,2,0,0,0,0,18.02540728
104,3,0,1,0,0,14.94066188
1024,13,1,0,0,1,71.57696928
93,3,0,1,0,0,16.12177902
960,9,1,1,0,0,65.26314757
998,12,1,0,0,0,69.42455625
996,11,1,1,0,0,67.32658161
102,2,0,0,0,1,19.30729258
103,4,0,1,0,1,15.9879417
988,11,1,1,0,1,68.70584872
1007,11,1,0,1,0,93.52377751
98,4,0,1,0,0,13.69550779
988,7,1,1,0,1,72.12634742
99,5,0,1,0,0,13.40588002
105,3,0,1,0,1,16.61664844
1001,7,1,0,0,1,75.0160964
998,6,1,0,0,1,74.92298114
105,2,0,0,1,0,23.62651384
1011,10,1,1,0,1,71.22631886
996,11,1,1,0,0,67.61291468
1024,9,1,1,0,0,73.11061439
978,8,1,1,0,0,68.82624789
1018,10,1,1,0,0,71.27790798
100,3,0,0,0,0,16.91470194
1020,12,1,0,0,0,70.34786812
109,4,0,0,0,0,15.93654228
99,3,0,1,1,0,18.37583091
106,2,0,0,0,0,18.671948
989,9,1,1,0,0,68.65558934
1002,8,1,1,0,0,71.63443183
1036,13,1,1,0,1,71.03733213
1004,8,1,0,0,0,73.44887164
104,3,0,0,0,1,18.53201
97,4,0,1,0,1,15.92154104
973,10,1,1,0,1,67.22498403
97,3,0,0,0,0,18.34898743
100,5,0,1,0,0,13.82588568
107,2,0,1,0,1,18.08663141
999,13,1,1,1,1,69.95104728
94,2,0,0,0,1,19.19256858
983,10,1,1,0,0,67.0239085
1000,12,1,1,0,0,66.74079175
1031,14,1,1,0,0,68.21797909
1005,12,1,1,0,0,67.42267585
97,3,0,1,0,0,15.06804164
1010,7,1,0,0,0,75.59028345
969,10,1,1,0,0,65.74796823
98,2,0,1,0,0,16.93279255
981,13,1,0,0,1,66.36199657
105,1,0,1,0,0,17.62751985
97,2,0,1,0,0,16.11979906
100,1,0,1,0,0,17.39988104
985,8,1,1,0,0,69.68300775
989,12,1,1,0,0,65.62852327
973,10,1,0,0,1,69.97230093
984,11,1,0,0,0,68.19661171
1007,9,1,1,0,0,71.2980581
1013,12,1,1,0,1,69.64912077
997,10,1,1,0,0,68.74754357
96,4,0,0,0,0,16.64885926
100,2,0,1,1,0,19.14093272
93,2,0,1,0,0,16.41277476
992,12,1,1,0,0,66.15544154
984,7,1,1,0,1,70.7318616
106,2,0,1,1,0,19.51286253
101,2,0,1,0,1,17.40581121
1046,9,1,1,1,0,78.7553473
1021,10,1,0,0,1,74.60560634
1009,8,1,1,0,1,73.82851027
102,2,0,0,0,0,18.0414952
1008,7,1,0,0,0,74.62793464
1012,10,1,0,0,1,73.61578583
1020,12,1,1,0,0,68.59033206
1015,6,1,1,1,1,79.41221743
1007,12,1,1,0,1,69.06602209
102,2,0,1,0,0,16.29527372
957,9,1,1,0,0,65.23634158
1011,8,1,1,1,1,76.8964271
104,3,0,0,1,0,23.11685695
101,3,0,1,0,0,15.28602805
1022,9,1,1,0,0,71.88884841
969,8,1,1,0,1,68.85327011
962,12,1,1,0,1,64.21496269
981,8,1,0,0,0,71.55224316
994,8,1,1,0,0,70.17035749
92,3,0,1,0,0,14.9604071
984,8,1,1,0,1,71.10788128
1009,6,1,0,0,0,75.8665676
953,14,1,1,1,0,63.87234826
1011,12,1,0,0,1,70.35881089
1005,12,1,0,0,0,69.28124147
108,3,0,1,0,0,15.8166822
98,4,0,1,0,0,14.40870963
1004,9,1,1,0,0,70.19260611
1003,12,1,1,0,0,66.83701037
1023,10,1,0,0,1,74.37217209
105,3,0,1,0,1,16.84780248
985,5,1,1,0,1,73.73723721
982,12,1,1,0,1,67.32454833
1003,9,1,0,0,0,72.0416448
989,10,1,0,0,0,69.99177501
1013,6,1,1,0,1,75.95260406
1013,11,1,0,0,0,71.33449934
997,8,1,0,0,0,72.72483886
996,12,1,1,0,0,67.24449964
1028,9,1,0,0,0,74.73497537
1018,7,1,1,0,1,75.09049556
104,4,0,1,0,0,14.54685419
967,8,1,1,0,1,68.20067835
1002,9,1,1,0,0,70.24436376
989,11,1,1,0,1,66.96834791
1006,11,1,1,1,0,72.56178065
978,8,1,0,0,0,70.55261804
972,8,1,1,0,0,67.75661404
99,3,0,1,0,0,15.2502251
1008,9,1,1,0,0,69.84720947
1025,7,1,0,0,0,77.34682775
97,2,0,1,0,1,18.79933343
1030,10,1,1,0,0,72.41953509
101,3,0,1,0,0,15.1635928
994,10,1,1,0,0,68.8106082
989,7,1,1,0,0,71.25192492
99,3,0,1,1,0,18.55591986
1017,12,1,0,0,0,70.65959666
99,2,0,0,0,0,18.28778791
93,3,0,1,0,0,15.41313078
1024,10,1,1,0,0,72.24693473
978,10,1,1,0,0,66.37752783
1029,14,1,1,0,0,67.91485236
100,1,0,1,0,1,18.38897894
977,8,1,0,0,0,70.60526655
990,8,1,1,0,0,70.22635442
1035,10,1,1,0,0,72.72335912
1006,8,1,1,0,1,72.03978666
104,2,0,0,0,1,19.64210034
103,5,0,1,0,0,14.17416074
1045,8,1,1,0,1,77.33858666
100,3,0,0,0,1,18.03506293
1044,16,1,1,0,0,67.81185228
986,10,1,1,0,0,67.59391016
94,4,0,1,1,1,18.36375261
1013,10,1,1,0,0,71.51659968
979,10,1,1,0,0,66.09300641
1004,8,1,1,0,0,70.79619543
991,7,1,1,0,1,72.26691699
999,8,1,1,1,1,73.93163518
97,3,0,1,0,1,16.37060406
998,11,1,0,0,0,69.49044447
102,2,0,0,0,0,18.51667975
101,1,0,1,0,1,19.06591636
1001,6,1,0,1,0,98.80086344
96,4,0,1,0,1,15.81952483
100,3,0,1,0,0,15.41194022
982,5,1,1,0,0,71.72902624
1007,9,1,1,0,0,71.4116522
1003,11,1,1,1,1,71.88792822
103,2,0,1,0,0,16.32719188
1006,9,1,1,0,1,72.72414759
998,12,1,1,0,0,66.46344884
100,1,0,1,0,1,18.41899194
1014,13,1,1,0,1,67.63090487
950,7,1,1,0,1,67.82458792
1005,7,1,0,0,0,73.95947511
1024,12,1,1,0,1,70.64377714
982,11,1,1,0,1,67.69511433
101,2,0,1,0,0,16.43074198
94,3,0,1,0,0,15.13958617
103,4,0,1,0,1,14.5858108
108,3,0,1,0,0,15.61720993
104,2,0,1,0,1,17.3499767
97,2,0,1,0,1,17.62636731
1007,10,1,1,0,0,69.2407512
983,14,1,1,0,1,63.90936324
103,3,0,1,0,0,15.46915533
991,12,1,0,1,0,90.61990584
97,2,0,0,0,0,18.24150736
982,11,1,1,0,1,67.37610948
991,12,1,1,0,1,66.73236006
980,10,1,0,0,0,70.06329753
1006,10,1,0,0,0,71.96014876
1009,11,1,1,0,0,69.05318908
963,10,1,1,0,1,65.33186471
1000,9,1,1,0,1,70.44162944
1033,8,1,1,0,0,74.69974104
997,12,1,1,0,0,66.42857638
100,2,0,1,0,0,16.29862345
1016,10,1,0,0,0,72.06136061
94,3,0,1,1,0,18.81400526
101,4,0,1,0,0,13.38844541
1026,10,1,1,0,0,71.3520181
1002,12,1,1,0,0,67.77123366
109,2,0,0,0,0,18.89885284
106,2,0,1,0,0,16.35561295
1012,12,1,1,0,0,68.49539167
997,9,1,1,0,0,70.34292864
971,11,1,1,0,0,64.81021449
998,9,1,1,0,0,69.47880894
1004,8,1,1,0,1,72.5461107
989,11,1,1,0,0,67.25015631
995,9,1,1,1,0,72.44256682
1012,10,1,1,0,1,71.4055719
97,0,0,1,0,0,17.59052436
98,3,0,1,0,0,15.16913501
969,12,1,0,0,1,67.33945553
103,4,0,1,0,1,16.38630161
99,3,0,1,0,0,16.08764594
1019,7,1,1,0,0,73.65300952
105,3,0,0,0,0,17.46659779
994,9,1,1,0,0,69.62990613
1010,10,1,1,0,1,70.14947594
95,1,0,1,0,0,17.14389937
999,8,1,1,0,0,70.2679307
88,2,0,0,0,0,19.30655311
1009,10,1,1,0,0,70.17805574
1014,10,1,1,0,0,70.2128097
1021,12,1,1,0,1,70.12299993
989,11,1,1,0,1,67.3097706
990,9,1,1,0,1,70.26400258
1007,8,1,0,0,1,74.30852161
960,11,1,0,0,0,65.84133835
980,14,1,1,1,1,66.46723107
996,9,1,1,0,0,68.68635607
1008,7,1,0,0,1,75.80637364
100,4,0,1,0,0,14.01662108
976,9,1,1,0,1,68.76389994
1012,15,1,0,0,1,68.61629346
1033,5,1,0,0,1,81.07167117
971,9,1,1,0,0,67.40166588
983,9,1,0,0,0,69.75962598
979,11,1,1,0,0,65.61019248
984,9,1,1,0,0,68.19656945
1015,8,1,1,0,0,71.11810927
1045,12,1,0,0,0,72.95877668
980,9,1,1,0,0,68.46006581
103,2,0,1,1,0,19.25280836
1036,9,1,1,0,0,73.18984735
1000,11,1,1,0,1,68.48539285
989,10,1,1,0,0,67.57446352
97,1,0,0,0,1,20.7793497
970,8,1,0,0,1,70.51031562
1054,11,1,1,0,1,75.05909096
959,9,1,1,0,0,64.95952047
993,11,1,0,0,0,69.21008131
1001,7,1,0,0,1,74.80786097
990,14,1,1,0,0,63.93303317
976,12,1,1,0,0,64.65590832
996,9,1,1,0,1,70.83808316
986,8,1,1,0,0,70.0832489
994,9,1,1,0,0,68.82753367
1023,9,1,0,0,0,74.48428444
987,8,1,1,1,0,72.88139149
983,8,1,1,0,0,69.64543131
102,3,0,1,0,0,14.53984813
981,13,1,1,0,0,63.01264851
999,9,1,0,0,0,71.64433745
101,3,0,1,0,1,15.80571623
996,10,1,1,0,0,67.04434174
1007,10,1,0,0,0,71.88379926
999,11,1,1,0,1,70.12548304
1030,14,1,1,0,0,68.38781961
103,3,0,1,0,0,15.41226741
109,2,0,1,1,1,21.07291137
1001,9,1,1,0,1,70.60026252
982,10,1,1,1,0,70.05664047
976,15,1,1,0,0,61.24000753
992,7,1,0,0,0,73.14450369
1003,8,1,0,0,0,73.52974278
1005,9,1,1,0,0,70.81464016
100,4,0,1,0,1,15.58601751
980,8,1,1,0,0,68.98490935
109,3,0,0,0,0,16.75883617
1027,9,1,1,0,1,74.04242625
973,10,1,1,0,0,66.94652765
967,9,1,1,0,0,66.28436098
984,6,1,0,0,0,72.65040171
978,13,1,1,0,0,63.51848366
106,3,0,1,0,1,16.31631253
91,3,0,0,0,1,18.92915673
1010,10,1,1,0,0,69.95540732
969,10,1,1,0,0,65.78374675
1016,11,1,0,1,0,94.80002401
1051,8,1,1,0,0,76.46276214
1027,9,1,0,0,0,75.26181432
994,10,1,1,0,1,69.23907783
116,2,0,1,0,0,16.56700648
1003,14,1,1,0,0,65.54898558
967,8,1,1,0,0,67.31930152
994,8,1,1,0,0,70.533457
1034,12,1,1,0,1,71.93760809
978,10,1,1,0,1,67.37071066
1000,12,1,1,0,0,65.88793679
979,9,1,1,0,0,68.33570564
1027,12,1,0,0,1,73.41473545
1003,11,1,1,0,0,68.12737446
1013,10,1,1,0,1,70.85426012
974,12,1,1,0,0,64.32118238
1004,8,1,1,0,1,72.51834753
973,9,1,1,0,0,67.04438208
1003,11,1,1,0,0,68.85910059
1024,9,1,0,0,0,74.44745065
963,9,1,1,0,0,66.65406535
98,2,0,1,0,0,16.1069543
102,3,0,1,0,0,16.18530415
998,10,1,1,0,1,70.7807294
967,10,1,0,0,0,67.39559672
1015,9,1,1,0,0,72.03129415
1008,10,1,0,0,0,71.58752129
1005,8,1,1,0,0,72.01028413
959,12,1,1,0,0,62.585188
1006,9,1,0,0,0,72.73533432
978,8,1,0,0,0,69.92001695
106,3,0,1,1,0,18.10647681
1011,11,1,1,0,0,69.332449
1014,9,1,1,0,0,71.31229577
1003,8,1,1,0,1,72.3245257
988,9,1,1,0,1,69.76715795
101,2,0,0,0,1,19.25722355
1000,13,1,1,0,0,65.73370287
1028,14,1,1,0,0,68.51863689
998,11,1,0,0,0,69.89622907
1013,10,1,0,1,0,95.72954122
988,8,1,1,0,0,69.85563342
979,9,1,1,0,0,68.16283098
99,4,0,1,0,0,14.42749707
104,3,0,1,0,0,15.89380388
1031,10,1,0,1,0,97.4274808
1024,9,1,1,0,1,73.25533595
999,11,1,1,0,0,68.2668631
971,13,1,1,0,0,63.11064564
1011,9,1,1,0,1,71.63449185
996,10,1,1,0,0,68.10833372
1000,10,1,1,0,0,68.88030299
1012,9,1,1,0,0,71.4047083
100,4,0,1,0,0,13.88091916
991,10,1,1,0,1,69.22227558
993,11,1,1,0,1,68.56650072
1008,9,1,0,0,1,73.67055817
993,11,1,0,0,1,69.808025
99,3,0,1,0,0,15.57929582
1024,11,1,1,0,0,70.56267533
1005,10,1,1,0,0,69.13385535
1026,9,1,1,0,0,72.24158231
992,10,1,1,0,0,67.23429344
996,9,1,1,0,0,69.71194126
96,3,0,0,0,0,17.12834348
983,9,1,0,0,0,71.13077534
982,7,1,0,0,1,72.56538142
1003,8,1,1,0,0,71.72710266
1003,11,1,1,0,0,67.69041818
1018,14,1,0,0,1,70.48735326
1047,11,1,0,0,0,75.07325759
993,10,1,1,0,1,69.88602663
1029,12,1,1,0,0,70.34977143
101,4,0,1,0,0,15.03679434
101,4,0,1,0,0,14.42843771
985,9,1,1,0,0,68.65162518
999,12,1,1,1,1,71.0704463
992,9,1,0,0,1,72.26202092
979,10,1,1,0,1,67.96993535
100,4,0,1,0,1,16.14483203
1006,8,1,1,0,0,71.18050065
983,12,1,1,0,0,65.22984191
101,4,0,1,0,1,15.88361437
96,3,0,1,0,0,14.74460489
1052,8,1,1,0,0,76.7651044
985,12,1,1,0,1,66.29403896
978,9,1,1,1,1,71.20076969
1014,10,1,1,0,0,70.36480626
1003,9,1,1,0,0,69.34815895
1018,7,1,0,0,1,77.30238129
976,11,1,1,1,0,68.6173856
101,2,0,0,0,0,18.99715889
1017,8,1,1,0,0,72.15799169
94,2,0,1,0,0,16.91684843
106,1,0,1,0,0,18.23464348
1006,14,1,1,0,0,65.24670142
1009,9,1,1,0,0,70.2092769
1029,7,1,1,0,0,74.61891549
987,12,1,1,0,0,66.23255388
95,3,0,0,0,1,19.32601975
91,4,0,1,1,1,18.8516783
102,3,0,1,0,0,16.40614946
1037,10,1,1,0,0,73.05369208
994,13,1,1,1,0,67.0828841
102,3,0,1,0,0,15.34380429
97,2,0,1,0,0,16.0271254
100,0,0,1,0,0,18.99328654
974,12,1,1,0,0,64.32041035
999,10,1,1,0,1,69.74091064
1000,10,1,1,0,0,68.92604069
991,10,1,0,0,0,70.6368428
980,11,1,1,1,0,68.82367171
987,10,1,1,0,0,68.50641385
995,10,1,1,0,0,68.56832737
1012,9,1,1,0,0,70.81536227
93,5,0,1,0,1,14.36621774
105,3,0,0,0,1,18.51396444
103,3,0,1,1,0,17.94650698
958,10,1,1,0,0,65.03168306
96,4,0,0,0,0,15.84442576
980,8,1,1,0,1,68.99488158
967,10,1,1,1,1,68.77541153
1006,8,1,0,0,1,74.52090698
1020,7,1,1,0,0,74.63973364
92,3,0,1,1,1,19.0166
1021,9,1,1,0,0,72.20150774
102,2,0,0,0,0,18.81111298
102,2,0,1,0,1,16.45038149
107,3,0,0,0,0,17.31034558
97,4,0,1,0,0,13.23817274
991,15,1,0,0,0,65.74534523
983,10,1,1,0,0,66.11433973
100,5,0,0,1,0,20.45565869
1025,11,1,1,0,0,70.46878464
993,9,1,1,0,1,70.10038092
1021,10,1,1,0,0,71.70483231
101,2,0,1,1,0,19.64773741
996,8,1,0,0,0,72.94149418
105,4,0,1,0,1,15.56807472
1014,10,1,1,0,0,70.31896519
979,11,1,1,0,1,66.4476657
105,4,0,1,0,0,14.8999899
94,2,0,0,0,1,19.9606503
104,3,0,1,0,0,15.74851568
90,4,0,1,0,0,13.11719029
1009,10,1,1,0,0,69.67722317
1022,9,1,1,1,0,74.96450239
978,6,1,0,0,0,72.6712391
1010,10,1,0,0,0,71.80198366
1029,8,1,1,0,1,75.83999059
1050,14,1,1,0,0,70.70416579
97,5,0,0,0,0,15.14537053
1013,16,1,1,0,0,63.60613999
993,11,1,1,1,1,71.52273431
973,9,1,0,0,0,69.65667695
969,9,1,0,0,0,68.89102678
1008,10,1,1,0,0,70.63853073
1028,10,1,1,0,0,73.11623523
98,3,0,1,0,0,15.17270604
101,3,0,1,0,0,15.77585276
991,11,1,0,0,0,68.5103644
1000,13,1,0,0,0,68.51413547
107,3,0,1,0,1,16.92402301
978,13,1,0,0,1,65.79041897
105,4,0,1,0,0,15.29177362
979,10,1,0,0,0,68.21792866
99,3,0,1,0,0,15.78342857
971,10,1,1,0,0,65.29797955
1007,10,1,0,1,0,94.90565095
1029,10,1,1,0,0,71.32921128
977,9,1,1,0,0,67.53409194
1023,8,1,1,0,1,74.39605616
1030,9,1,1,0,0,73.67973576
105,4,0,1,0,0,14.6430785
983,6,1,0,0,0,73.21829567
1020,12,1,0,0,0,70.49895673
1004,10,1,0,0,0,71.96731198
975,9,1,1,0,0,67.68461615
108,2,0,1,0,0,15.64484669
986,9,1,1,1,0,71.16397934
976,7,1,1,0,0,69.38064579
108,2,0,0,0,0,18.45027163
1003,8,1,1,0,0,70.86454373
974,7,1,1,1,0,72.02667915
1023,11,1,1,0,1,72.10665654
1004,8,1,0,0,0,73.9782263
1020,7,1,0,0,0,76.52350706
990,6,1,0,0,0,74.83214185
997,11,1,1,0,0,68.23882972
1035,9,1,1,0,0,73.77809907
101,4,0,1,0,0,14.7021419
1007,8,1,0,0,0,73.65515375
93,4,0,1,0,1,15.80549436
94,4,0,0,0,0,15.85049019
993,9,1,1,0,1,70.37705405
995,11,1,0,1,0,91.63789987
104,4,0,1,0,1,15.24210249
1000,9,1,0,0,0,72.03498016
1015,12,1,1,1,0,72.30669822
96,4,0,1,0,1,15.75031964
991,9,1,0,0,0,70.8370909
102,5,0,0,1,0,20.40684548
999,11,1,0,0,0,69.80230031
94,3,0,0,0,0,17.56263517
103,2,0,1,0,0,16.92528158
982,6,1,0,0,0,73.14182061
972,12,1,0,0,0,66.36265231
992,12,1,1,0,0,66.88983407
988,10,1,0,0,0,69.70318449
1011,10,1,1,0,0,70.08448591
108,2,0,0,0,0,18.1712054
94,4,0,0,0,0,15.74420268
1031,12,1,1,0,0,70.49599776
991,12,1,1,0,0,65.65021472
1015,13,1,0,0,1,70.38937673
1003,9,1,1,1,0,73.55344477
103,3,0,0,0,0,18.01578235
1049,11,1,0,0,0,75.7382048
996,11,1,1,0,0,66.76414369
985,9,1,0,1,1,93.46034852
1007,10,1,1,0,0,69.92146034
984,11,1,1,0,0,66.22495436
972,10,1,0,0,0,68.51569534
1019,11,1,1,0,1,69.9493483
994,8,1,0,0,0,72.1832921
1009,13,1,1,0,0,67.22477674
102,2,0,1,0,0,16.28941899
973,10,1,1,0,0,67.39838791
1003,11,1,1,0,0,67.57106032
998,11,1,1,0,0,67.70776314
1018,9,1,0,0,0,74.34619463
111,3,0,1,0,0,15.84278317
1058,13,1,1,1,0,74.22413055
1015,11,1,0,0,1,71.33893239
109,3,0,0,0,1,18.89975853
101,1,0,1,0,1,18.62518507
1032,11,1,1,1,0,74.41052387
976,9,1,0,1,1,92.97400665
1043,10,1,1,0,1,74.23229636
109,2,0,1,0,0,16.43549452
1009,9,1,1,0,0,70.10701903
102,1,0,0,0,0,20.72371104
1013,12,1,1,0,0,68.36205231
998,10,1,0,1,0,94.23365953
981,11,1,1,0,1,67.02921586
105,4,0,1,0,0,14.11740567
997,13,1,0,0,1,68.74167098
101,4,0,1,0,0,14.27023583
102,4,0,0,0,1,16.8289802
96,4,0,1,0,0,14.56466299
965,10,1,1,0,0,66.1511682
97,3,0,1,0,0,14.99540391
93,2,0,0,0,0,19.36939744
100,3,0,1,0,1,16.48779683
1003,11,1,1,0,1,68.80984481
1002,15,1,0,0,0,66.8447124
994,12,1,1,0,0,65.88811636
1018,10,1,1,0,0,70.1986156
980,11,1,1,0,0,66.1967918
986,7,1,1,0,1,70.58636612
990,11,1,1,0,0,66.68468029
110,3,0,1,1,0,18.51497564
1000,10,1,1,0,0,68.7074472
83,4,0,1,0,0,14.78420687
1014,8,1,1,0,1,73.61583828
964,12,1,0,0,1,65.95127438
975,12,1,1,0,1,65.72222706
1031,11,1,1,0,0,71.18054584
991,9,1,0,0,0,70.11405653
1019,10,1,1,0,0,70.96628444
948,12,1,1,0,1,61.68537173
101,3,0,1,0,0,15.09354684
963,7,1,1,1,0,70.21598107
1020,12,1,1,1,0,72.13998316
95,6,0,1,0,1,13.63276883
1011,7,1,1,0,1,73.77770734
99,3,0,1,0,0,15.89003378
1008,10,1,1,0,0,69.51657748
1021,8,1,1,0,0,72.84466129
1016,10,1,1,0,1,70.70182267
996,10,1,1,0,0,69.29369689
1041,10,1,1,0,0,73.53402467
1059,12,1,0,1,0,100.5066639
984,10,1,1,0,0,66.89141786
1002,12,1,1,1,1,71.94484137
100,1,0,0,1,1,24.98687476
1012,7,1,1,0,1,74.30719763
92,2,0,1,0,0,16.17930745
1012,9,1,1,0,0,71.51872414
992,8,1,1,0,0,69.90940533
992,6,1,1,0,1,73.00071759
106,3,0,1,0,0,15.9697592
1016,8,1,0,0,0,74.31086763
1015,9,1,1,0,1,72.91553411
1020,6,1,1,0,0,74.47994861
97,4,0,1,0,0,13.54295663
996,9,1,0,0,0,71.07815459
98,3,0,1,1,0,18.9010573
99,1,0,0,0,1,20.1528294
970,10,1,1,0,1,66.90048105
985,8,1,1,1,0,72.84868423
979,11,1,1,0,1,66.86830215
983,12,1,0,1,1,90.42648677
101,2,0,1,0,0,16.38076766
100,2,0,1,0,1,17.51686245
98,2,0,1,1,1,20.83956689
993,15,1,0,0,0,65.87555124
998,8,1,0,0,0,72.14049086
996,8,1,1,0,1,71.24643858
997,12,1,0,1,0,91.07416876
972,10,1,1,0,0,65.6629735
1006,11,1,1,0,0,69.35796767
111,2,0,0,1,0,23.87279871
957,8,1,0,0,0,67.41531897
1011,9,1,0,0,0,72.75176415
1013,8,1,1,0,0,73.00117753
112,3,0,1,0,1,18.46180949
986,10,1,0,0,0,68.68085402
1015,13,1,1,1,0,70.33788589
994,8,1,1,0,1,71.46767343
960,9,1,1,0,0,65.8107869
1032,11,1,0,0,1,73.25952538
951,9,1,1,0,0,64.41588462
1021,9,1,1,0,1,73.59727458
975,13,1,1,0,0,63.39520722
96,4,0,1,0,0,15.15709796
1003,6,1,1,0,0,74.07312055
979,11,1,1,0,1,67.27198997
98,1,0,1,1,1,21.63406081
99,5,0,1,0,0,13.78975267
1005,12,1,1,0,1,68.85026473
97,4,0,1,1,1,18.69615786
991,7,1,1,0,0,70.63141417
105,3,0,1,0,0,15.94720417
108,4,0,0,0,1,18.16175818
1025,11,1,1,1,0,73.80905095
103,3,0,1,0,1,16.23574121
993,13,1,1,0,0,65.24635875
98,4,0,1,0,0,13.46896807
98,4,0,0,0,1,17.27984384
95,1,0,0,0,0,19.41183733
998,8,1,1,0,0,70.64923426
96,3,0,1,0,0,15.63599445
998,12,1,1,1,0,69.71157501
1001,13,1,1,1,1,69.23498766
1008,11,1,1,0,0,68.77600087
102,2,0,1,0,0,16.27782088
984,17,1,1,0,0,60.18624935
987,8,1,1,0,0,69.03067971
1012,14,1,1,0,0,65.894323
1007,12,1,1,0,1,68.65672335
102,3,0,0,0,1,18.0859428
102,2,0,1,0,0,16.98637322
1009,9,1,0,0,0,73.33697455
1016,13,1,1,0,0,67.52920164
1025,11,1,0,0,1,73.26015958
991,12,1,1,0,1,67.29335893
91,4,0,1,0,1,15.90011918
102,3,0,1,0,0,14.73611073
1013,7,1,0,0,1,76.62378266
1011,10,1,1,0,0,70.09447588
1021,10,1,1,0,0,70.72554653
97,4,0,1,0,0,14.54384728
92,3,0,0,1,1,23.48792664
981,11,1,1,0,0,65.99490846
95,2,0,1,0,1,16.81144937
1002,12,1,1,1,0,70.67118907
100,1,0,1,0,0,17.37651226
96,2,0,1,0,1,17.55775925
977,11,1,0,0,0,67.51864889
982,10,1,1,0,1,67.64984154
988,14,1,1,0,0,64.36209565
1046,8,1,1,0,0,75.95625867
1011,8,1,1,0,0,73.0243
975,11,1,1,0,1,65.6364446
103,3,0,1,0,0,15.17588842
93,5,0,1,0,0,13.05867411
989,10,1,1,0,1,68.6983534
102,3,0,1,0,0,16.12002216
1003,8,1,1,0,0,71.80930517
995,14,1,0,0,0,65.84551368
977,10,1,1,0,1,68.12673073
103,4,0,0,0,1,18.34369833
1000,9,1,1,0,1,71.16715666
1003,11,1,1,0,0,69.06841594
978,10,1,1,0,0,66.83784524
1047,10,1,1,1,1,77.41032125
1005,7,1,1,0,0,72.16412096
1017,9,1,1,0,0,72.15123258
990,6,1,1,0,0,72.03301824
1023,9,1,1,1,0,75.14946889
97,3,0,1,0,0,15.81148609
993,10,1,1,0,0,68.66942731
1019,13,1,1,0,1,69.8001652
975,13,1,1,0,0,62.71771496
110,3,0,1,0,0,15.93280813
101,3,0,1,0,0,14.77532277
995,7,1,1,0,1,72.14230167
1001,9,1,1,0,0,70.07289482
92,3,0,1,0,0,15.37043557
981,13,1,1,0,0,63.2549785
1023,10,1,0,0,0,72.70403465
963,7,1,0,0,0,69.84464236
100,4,0,0,0,0,16.11274916
1012,7,1,1,0,0,73.80974204
1026,10,1,1,0,0,71.78454684
1002,9,1,1,0,1,71.44807402
1023,9,1,0,0,0,73.95282826
987,12,1,0,0,0,67.23901779
1003,11,1,1,0,0,67.48058251
922,8,1,0,0,0,64.25511939
981,10,1,1,0,0,66.7455268
1028,10,1,1,0,1,74.19688044
984,11,1,1,0,0,66.89862496
1006,8,1,0,0,1,75.34677529
965,13,1,1,0,0,61.95442433
984,11,1,0,0,0,68.03923503
970,8,1,1,0,0,67.5709131
96,2,0,1,0,0,16.73254153
1020,10,1,1,0,0,70.47622924
992,10,1,0,1,1,94.24257386
92,2,0,0,0,0,18.75578262
1018,11,1,1,0,1,71.01301968
997,11,1,1,0,0,67.33400244
985,9,1,1,0,0,68.62342784
102,3,0,0,0,0,17.05862575
996,10,1,1,0,1,69.79840841
984,12,1,1,0,0,65.8770767
96,3,0,1,0,0,16.16936131
103,4,0,1,1,1,18.43742432
983,11,1,1,0,1,67.12520704
104,2,0,1,0,1,17.94314014
998,9,1,1,0,0,69.82219217
986,14,1,0,0,1,66.55858547
983,10,1,1,0,0,66.91608184
975,10,1,0,0,0,68.19527284
1015,10,1,0,0,0,72.68660493
1003,7,1,1,0,0,71.47623002
956,10,1,1,0,1,64.61080659
991,7,1,1,0,1,71.53488006
1004,7,1,1,0,1,73.38585443
1007,9,1,1,0,0,70.93942936
1000,8,1,0,0,1,74.39991896
1004,13,1,1,0,0,65.97391259
971,12,1,0,0,0,65.7457959
99,3,0,0,0,0,17.74001817
97,3,0,1,0,0,15.90027199
988,12,1,0,0,0,67.87157064
1043,9,1,0,0,0,75.5048142
994,11,1,1,0,0,67.20940821
986,13,1,0,0,0,66.56794466
950,10,1,0,0,1,66.6231559
1017,5,1,0,0,0,79.12263885
1012,16,1,1,0,1,65.49471874
990,12,1,0,0,0,67.67181984
98,2,0,1,0,0,17.56964002
1001,12,1,1,0,0,67.8151622
964,9,1,1,0,0,66.48579934
1028,9,1,1,0,0,73.66859385
1015,11,1,0,0,0,71.35347064
1000,14,1,1,0,0,65.2905085
98,4,0,0,0,1,17.22615759
96,2,0,1,0,1,17.36256408
1005,12,1,1,0,0,67.25446677
1010,11,1,1,0,0,70.25870099
99,6,0,0,0,0,14.26653653
1020,9,1,1,1,0,75.22946025
106,3,0,1,0,0,16.26750565
989,13,1,1,0,1,65.82022262
1008,13,1,1,0,1,67.11925405
993,11,1,0,0,0,68.96934328
995,9,1,1,0,1,70.90398392
987,9,1,1,0,1,69.95019999
1016,10,1,1,0,1,71.80396335
957,12,1,1,0,0,62.45239744
100,3,0,1,0,0,15.52388487
990,9,1,1,0,0,69.54118441
94,4,0,0,0,1,16.6203816
1010,9,1,1,0,0,70.82251208
1006,9,1,0,0,0,73.18186633
957,10,1,0,0,1,67.30223538
1009,11,1,1,1,0,72.62247037
94,1,0,1,0,0,17.92872557
1029,9,1,0,0,0,75.24732187
1003,11,1,1,0,0,69.29718258
1012,10,1,1,0,0,70.73131765
984,11,1,1,0,0,65.71770886
991,14,1,1,0,0,63.51890807
1016,8,1,1,0,1,74.62631449
1027,12,1,1,0,1,70.55510688
996,7,1,1,0,0,71.42782472
91,2,0,1,0,0,16.16511236
102,3,0,0,0,0,17.65937898
1042,8,1,1,1,0,79.47737444
1023,12,1,1,0,0,68.98685572
1021,11,1,0,0,0,72.66942632
106,4,0,1,0,1,15.69381835
95,4,0,1,1,0,17.7048992
980,8,1,1,0,0,68.49168198
1013,12,1,1,0,0,67.9321908
993,9,1,1,0,1,70.19636969
986,9,1,1,0,0,69.00950972
1007,8,1,1,0,0,72.24312258
966,13,1,1,0,0,61.82337251
1003,10,1,0,0,0,71.37127208
1031,9,1,1,0,0,73.62988643
979,11,1,0,0,1,68.71020053
1045,9,1,1,0,1,76.67514905
1018,10,1,0,0,1,73.41322379
1004,9,1,0,0,0,73.32658129
991,10,1,1,0,1,67.92009298
1010,7,1,1,1,0,76.32099213
105,2,0,0,0,0,18.56941921
1047,10,1,1,0,0,74.5331687
101,2,0,1,0,0,16.40082877
1010,10,1,0,0,0,72.2814532
988,14,1,0,0,0,65.5923362
991,13,1,1,0,0,64.428834
1005,12,1,1,0,0,68.75737138
1016,10,1,0,0,0,73.18686804
102,1,0,1,0,0,17.27441345
1003,13,1,1,0,0,66.03132407
101,4,0,1,0,1,15.86100276
994,9,1,1,0,1,71.1627098
985,10,1,1,0,0,66.91919388
985,10,1,1,0,0,66.88905955
113,2,0,0,0,1,19.43923418
960,11,1,1,0,0,63.42608897
999,12,1,1,0,0,66.64855938
1010,10,1,1,0,1,71.59421077
1007,12,1,0,0,0,69.63803169
1011,11,1,1,1,0,71.85050566
1010,11,1,1,0,0,69.23936855
93,2,0,1,0,1,17.4123561
1023,11,1,1,0,0,70.6406187
1035,8,1,1,0,1,75.28206588
990,7,1,0,0,0,72.83470152
973,14,1,0,0,0,63.78640659
979,9,1,1,0,0,67.64452613
1006,10,1,1,0,1,70.55260338
1026,11,1,1,0,0,70.16817545
100,3,0,1,0,1,16.96724494
981,12,1,1,1,0,67.4640787
98,3,0,1,0,0,15.56824057
111,3,0,1,0,0,16.20238783
1002,9,1,1,0,0,69.74892989
99,2,0,0,0,1,19.4066856
1006,10,1,1,0,1,69.6619402
94,4,0,0,0,1,17.3625158
1029,9,1,1,0,1,74.78438988
1000,7,1,0,0,0,74.11289886
991,14,1,1,0,0,64.21494237
102,3,0,0,0,0,18.97409871
92,5,0,0,0,1,17.84771287
1000,9,1,1,0,0,70.20812317
983,12,1,1,0,0,64.65759294
974,14,1,1,0,0,62.6131511
102,4,0,0,0,0,16.62637232
93,6,0,1,0,0,12.58868726
1039,8,1,1,0,0,74.33526795
95,4,0,1,0,0,13.53159381
98,4,0,0,0,1,17.77508996
1019,10,1,0,0,0,72.69327509
975,7,1,0,0,1,72.27181885
998,12,1,1,0,0,67.27940056
99,4,0,1,0,0,14.20515587
990,6,1,1,0,0,71.91977468
998,13,1,1,0,1,66.98031249
100,4,0,0,0,0,16.19698423
1014,9,1,1,0,0,70.72940531
957,11,1,0,0,0,65.30335316
94,4,0,1,0,0,14.525355
979,10,1,1,0,0,66.1840862
997,12,1,0,0,1,69.40514093
101,0,0,0,1,0,25.05068041
983,9,1,1,0,0,67.16695683
1022,9,1,1,0,1,73.97648183
1002,10,1,0,0,1,72.14656934
1026,12,1,0,0,0,71.75373569
1031,9,1,0,0,0,76.35957216
106,4,0,1,0,0,15.08086675
951,7,1,0,0,0,68.55381997
984,10,1,0,0,0,69.15788822
996,8,1,1,0,0,70.17855477
98,3,0,1,0,0,14.38807532
98,2,0,0,1,0,23.50525466
1010,8,1,1,0,0,72.6448295
1002,10,1,1,0,0,68.68683841
95,2,0,1,0,1,17.89979009
97,4,0,1,0,1,15.03965066
1026,10,1,1,0,0,72.59052615
1012,12,1,1,0,0,68.7327112
1032,9,1,0,0,0,75.25402059
107,3,0,0,0,1,18.42469623
975,11,1,1,0,0,65.46176994
1019,10,1,0,1,0,96.30463658
90,2,0,1,0,0,17.64162228
94,3,0,1,0,0,14.9291969
1020,12,1,1,0,1,70.61489067
1016,9,1,1,1,0,74.83445105
998,9,1,1,0,0,69.46249333
104,4,0,1,0,0,13.99131463
987,11,1,1,0,1,66.74233383
997,8,1,0,0,0,72.6597317
1001,9,1,1,0,0,70.12056379
994,9,1,1,0,1,70.5296546
102,3,0,0,0,0,17.16352929
1027,11,1,0,0,0,73.99047798
970,10,1,1,0,0,65.16669409
98,2,0,1,0,0,16.77787305
1023,13,1,1,0,1,69.41851239
99,3,0,0,0,0,17.59546697
1002,12,1,1,0,1,68.32136823
999,10,1,0,0,0,70.21521849
1000,11,1,0,0,0,69.61274955
105,3,0,1,0,0,15.51316393
101,4,0,1,1,1,18.23501022
991,7,1,1,0,1,72.22626025
105,3,0,1,1,0,18.61713128
992,11,1,1,0,0,66.84234337
97,3,0,1,0,0,15.99781939
1024,8,1,1,0,0,73.00224633
99,4,0,0,0,1,18.19762595
995,9,1,1,0,0,69.50712483
1028,8,1,1,0,1,74.51808979
1011,8,1,1,0,0,71.91387716
102,4,0,0,0,0,16.59339017
1025,10,1,0,0,0,73.67804062
106,3,0,0,0,0,17.64365809
990,10,1,1,0,0,67.84917679
990,10,1,1,0,0,68.37119196
104,1,0,1,0,1,18.91107225
1038,8,1,0,0,0,77.6066122
993,8,1,1,1,0,73.534004
100,3,0,0,0,0,17.86763998
993,15,1,1,0,0,63.0827093
986,8,1,0,0,0,71.22983899
989,10,1,1,0,1,68.7122647
976,10,1,1,0,0,65.88407177
998,7,1,1,0,0,72.46553309
998,8,1,1,0,0,69.66491666
1004,12,1,0,0,0,69.57846427
969,12,1,1,0,1,64.98295531
88,3,0,1,0,0,14.29071559
1004,9,1,1,0,0,68.9919884
974,8,1,0,0,1,70.34968164
1003,8,1,1,0,1,72.47367606
1012,12,1,1,1,0,71.39938384
1010,11,1,1,0,0,69.5691666
1040,8,1,1,0,0,76.09972441
1030,9,1,1,0,1,75.34194081
988,11,1,0,0,0,69.03156997
999,6,1,0,0,0,75.14827599
974,11,1,1,0,0,65.27119847
88,3,0,1,0,0,14.94605756
1006,12,1,0,0,0,69.23856867
94,2,0,1,0,1,17.2394562
996,7,1,1,0,0,71.21302448
972,8,1,0,0,0,69.25905811
991,11,1,1,0,1,67.94468947
985,12,1,1,0,0,65.59577318
1013,11,1,1,0,0,68.95428276
98,2,0,1,0,0,16.8305186
1034,11,1,1,1,0,74.3343228
1018,12,1,1,0,0,69.23664277
958,8,1,1,0,0,66.29364827
1012,10,1,0,0,0,72.10399423
993,8,1,1,0,1,71.87246727
93,4,0,1,0,0,14.74636784
974,10,1,1,0,1,67.11121747
99,3,0,1,0,0,15.40281842
973,10,1,0,0,1,69.96198722
990,10,1,0,0,1,70.63678176
97,5,0,1,1,0,16.71279205
993,10,1,1,0,0,68.16810499
89,1,0,1,0,0,16.85612191
1014,10,1,1,0,0,70.57171387
1020,11,1,1,0,0,70.03183283
1011,9,1,0,1,1,97.60032723
105,1,0,1,0,0,18.06462707
100,2,0,0,0,0,18.81167559
992,11,1,1,0,0,66.84885581
1015,12,1,1,0,0,69.11147481
994,9,1,0,0,0,71.68770595
985,10,1,1,0,0,67.03331658
106,3,0,0,0,0,17.5171335
972,9,1,1,0,1,67.54815027
1043,12,1,1,0,0,71.21451316
1008,7,1,1,0,0,72.61028641
98,3,0,0,0,0,17.85351338
985,10,1,1,0,0,68.14283628
982,9,1,1,0,0,67.43251798
100,2,0,1,0,0,16.3619155
91,4,0,0,0,0,17.27380178
1003,9,1,1,0,0,70.43220921
1023,11,1,1,0,0,71.16230362
1013,9,1,1,1,0,74.22608203
95,2,0,1,0,0,16.13630629
1013,10,1,1,0,0,69.71079546
996,13,1,1,0,1,66.22203385
992,12,1,1,1,0,69.5582563
978,11,1,1,0,0,65.04630232
1015,13,1,1,0,0,67.06808867
997,7,1,1,0,0,72.26673386
997,10,1,1,0,0,68.90640175
96,2,0,0,0,0,18.29279234
1010,11,1,0,0,0,71.89485936
986,10,1,0,0,0,69.82525072
980,13,1,1,0,0,63.34909969
1016,10,1,1,0,1,71.5343496
995,9,1,0,0,0,71.52191791
990,11,1,0,0,1,70.74809883
983,9,1,1,0,0,68.56844879
977,11,1,1,0,1,67.34923992
986,10,1,1,0,1,68.95454014
1002,11,1,1,0,0,69.20930342
1029,7,1,0,0,0,77.27201636
1003,11,1,1,0,0,68.04953528
985,10,1,0,0,0,69.4736128
1020,7,1,0,0,0,76.10092449
992,15,1,0,0,0,64.35434932
1024,9,1,0,0,0,75.05998036
1039,15,1,1,0,0,68.22077744
99,4,0,1,0,0,15.13836878
1033,9,1,1,1,0,76.69645366
95,2,0,1,0,0,16.61358193
98,3,0,1,0,1,16.60191679
1012,9,1,1,0,0,71.45208673
1005,10,1,1,0,0,69.4512763
969,9,1,1,0,0,66.17568831
100,4,0,0,0,0,17.18117764
1008,14,1,0,0,0,67.93466988
989,10,1,0,0,1,71.16896065
998,11,1,1,0,0,68.00115728
976,9,1,1,0,0,67.98186996
95,3,0,1,0,0,15.65830548
94,4,0,0,0,0,16.0844609
982,8,1,0,0,0,70.58815244
1011,9,1,1,0,0,72.07862938
997,12,1,1,0,0,66.41281905
991,10,1,0,1,0,92.95186885
1043,12,1,1,0,0,72.24473719
1014,11,1,1,0,0,70.08385406
992,6,1,1,0,1,73.01292743
1021,10,1,0,0,1,75.01551888
101,4,0,0,0,0,16.12085831
1004,10,1,0,1,0,94.50487417
1012,9,1,1,0,0,70.85950477
1002,8,1,0,0,1,74.78770056
993,10,1,1,0,0,67.85331886
1004,13,1,0,0,1,68.1191641
1016,10,1,1,1,0,73.37173626
101,2,0,0,0,0,17.74016114
988,10,1,1,0,0,67.39390336
110,2,0,1,0,1,16.95990711
98,2,0,1,0,0,16.55031268
994,10,1,1,0,0,68.58596095
1040,6,1,1,1,0,81.07859774
1004,9,1,1,0,0,69.92509616
96,2,0,1,0,1,17.553497
1002,8,1,0,0,1,74.5995706
1017,11,1,1,0,0,69.95276832
106,3,0,1,0,0,14.74077473
1026,12,1,1,1,0,73.04285431
1027,8,1,1,0,0,73.76513803
1019,11,1,0,1,0,96.12077693
109,3,0,1,0,0,16.27709529
1042,11,1,1,0,1,73.41648105
942,11,1,1,0,0,62.91689504
1037,13,1,1,1,1,73.93736983
989,12,1,1,1,0,68.42214839
1003,13,1,1,0,0,66.44133172
961,14,1,1,0,0,60.6354898
1003,9,1,1,0,0,70.49309977
104,3,0,0,0,0,17.87568153
1001,9,1,1,0,0,70.14306706
1019,7,1,1,0,1,74.93225547
1009,8,1,1,0,0,72.30431786
103,2,0,1,0,0,16.89410789
101,2,0,0,0,1,18.83589736
1017,9,1,1,0,0,72.36836355
1002,7,1,1,0,0,71.42594769
1010,12,1,0,0,0,69.911787
102,4,0,1,0,1,15.79824583
102,3,0,1,0,0,15.63246131
1017,11,1,0,0,0,71.67563922
980,11,1,1,0,0,65.22307508
975,10,1,1,1,0,69.26228462
93,4,0,1,1,1,17.75856512
100,2,0,1,0,0,16.59062021
98,1,0,1,0,0,17.43751215
101,2,0,1,0,0,17.44501411
107,4,0,1,0,0,15.59650632
974,8,1,1,0,0,67.84615033
1011,8,1,1,0,1,72.6557329
1015,6,1,1,0,1,76.1703593
1040,10,1,1,0,0,73.33169926
965,11,1,1,0,0,65.00454299
1019,9,1,1,0,0,71.33385506
97,4,0,0,1,1,21.85013537
951,14,1,1,0,0,59.53712329
986,13,1,1,0,0,64.48061845
1013,11,1,0,0,0,71.29696923
1008,9,1,0,0,1,74.13411977
994,11,1,1,1,0,70.49915003
954,10,1,1,0,1,65.37422699
996,10,1,1,0,1,69.63037987
978,9,1,1,1,1,72.49251862
989,10,1,0,0,0,70.08683957
985,11,1,1,0,0,66.49927308
997,11,1,0,0,0,69.69241001
100,3,0,0,0,1,18.72550434
962,10,1,1,0,1,66.25939683
968,11,1,0,0,0,66.26157822
1024,11,1,1,0,1,71.82209406
1017,6,1,1,0,0,74.70109412
102,5,0,0,1,1,21.7991365
1014,11,1,1,0,0,70.52258486
89,3,0,1,0,0,15.56522941
90,3,0,1,1,1,18.83815223
996,11,1,0,0,1,70.8359731
999,11,1,1,0,0,67.53818488
102,2,0,0,0,1,19.56749581
110,2,0,0,0,0,18.48810523
1003,9,1,1,0,0,69.96298398
1010,12,1,1,0,0,68.60109196
103,3,0,0,0,0,17.35033166
974,12,1,1,1,0,66.82388481
107,2,0,1,0,0,16.90370984
993,10,1,1,0,0,68.42214087
994,10,1,0,0,0,69.45965407
1007,6,1,1,0,0,73.61081978
984,13,1,1,0,0,64.6025852
1039,9,1,1,0,1,75.6104738
1012,14,1,0,0,1,69.9313349
985,12,1,1,0,0,65.17142443
990,12,1,1,0,1,66.73355937
95,2,0,1,0,0,15.9745426
987,12,1,0,0,0,66.97394579
990,11,1,1,0,0,66.7983803
997,9,1,1,1,1,73.54793323
1022,10,1,1,0,0,71.67415202
1012,9,1,1,0,0,70.74856679
986,14,1,0,0,1,66.59608033
991,12,1,1,0,0,66.33935341
1010,8,1,1,0,0,72.54466438
99,3,0,1,0,0,14.65233083
111,4,0,1,0,0,15.08031582
966,13,1,0,0,0,65.75248333
95,2,0,0,0,0,18.00302501
987,10,1,0,0,0,69.76788463
1000,8,1,1,0,0,70.94924871
997,8,1,1,0,1,71.2693701
99,2,0,0,0,1,19.36368354
104,4,0,1,0,0,14.24616832
988,9,1,1,1,1,71.87734962
102,2,0,0,0,0,18.37309784
1011,8,1,1,0,0,72.56699112
98,3,0,0,0,0,17.47958575
99,2,0,1,0,0,16.56993318
97,3,0,1,0,0,14.19808432
109,3,0,1,0,0,15.88025912
102,3,0,1,0,0,15.3221551
985,8,1,1,0,0,69.16963429
1018,12,1,1,0,0,69.50501285
1019,9,1,0,0,1,74.88524625
974,7,1,0,0,0,70.55908128
976,11,1,0,1,0,89.41977007
997,11,1,1,0,0,67.45196668
97,3,0,1,0,1,16.98745466
1021,10,1,1,0,0,70.76307396
985,9,1,1,0,1,68.93151776
92,3,0,1,0,0,15.58537497
1010,11,1,1,0,0,68.6999414
994,9,1,0,0,0,71.69657945
102,5,0,1,0,0,13.48096334
102,2,0,1,0,0,16.39536222
993,12,1,1,0,0,66.75151286
93,3,0,1,0,0,16.54210121
1040,10,1,1,0,0,73.45151772
104,4,0,1,0,0,14.83070007
969,15,1,0,0,0,62.26033516
1032,12,1,1,0,0,69.56460508
982,11,1,0,0,0,67.81834766
1018,8,1,1,0,0,73.34625774
1004,8,1,1,0,0,71.01564877
1006,6,1,1,0,0,73.6790122
1021,9,1,1,0,0,73.06177369
96,4,0,0,1,1,22.53924094
104,3,0,1,1,1,19.62352899
96,2,0,1,0,0,16.23887781
1019,10,1,0,0,1,74.81931866
1031,7,1,1,0,1,75.99426596
972,8,1,1,0,0,67.9706435
1020,12,1,0,0,1,72.31837431
1011,11,1,1,0,1,70.04222283
105,3,0,1,0,0,15.30057986
967,7,1,0,0,0,70.87667982
99,3,0,0,0,0,18.14221178
1009,10,1,0,0,0,72.5997444
99,2,0,0,0,1,19.09336336
100,3,0,1,0,0,15.67970758
92,1,0,1,0,0,17.73675283
101,3,0,0,1,1,22.89815943
1017,11,1,1,0,0,70.29995141
104,2,0,1,0,0,16.42375221
993,12,1,1,0,0,65.82152888
1029,12,1,1,0,1,72.59249999
92,4,0,1,0,0,14.95463653
998,12,1,1,0,0,67.44469839
1016,6,1,1,0,0,74.96731209
1029,9,1,1,0,1,74.61565203
987,8,1,0,0,0,72.144761
101,3,0,1,1,1,19.73290582
969,11,1,1,0,0,65.1128101
1024,9,1,1,0,0,72.03772983
999,9,1,1,0,0,70.24765087
980,9,1,1,1,0,70.37215756
1033,10,1,1,0,0,72.34261716
1014,16,1,0,0,1,68.20224324
1029,9,1,0,0,0,75.56522193
1019,12,1,1,0,1,70.48855815
979,8,1,1,0,1,69.7194738
992,8,1,1,0,1,70.68651498
1033,10,1,0,0,0,74.87097732
1025,9,1,0,0,0,74.21807397
1008,7,1,1,0,0,72.48047108
1025,11,1,1,0,0,71.63552541
1000,8,1,0,0,0,73.14433068
100,5,0,1,0,0,12.70861276
1037,8,1,1,0,0,75.91521778
1022,9,1,0,0,0,75.86899785
993,8,1,1,1,0,73.76095772
90,4,0,0,1,0,21.2816977
1001,9,1,1,0,0,69.81202471
1029,6,1,1,0,1,77.37995346
97,1,0,0,0,0,20.29132339
983,12,1,1,0,0,65.05104694
1018,8,1,0,0,0,75.21693282
999,11,1,0,0,1,70.73352401
961,15,1,0,0,0,62.41704457
101,3,0,0,0,1,18.23900615
1023,10,1,1,0,0,70.90585428
987,11,1,1,0,1,66.95449653
107,4,0,1,0,1,15.32548078
980,7,1,1,0,0,68.93465133
99,4,0,1,0,1,15.14311691
1019,10,1,1,0,0,71.30681735
994,11,1,0,0,0,69.88290571
990,10,1,1,0,0,68.44614257
103,4,0,1,0,0,14.55025939
967,11,1,1,0,1,66.08587845
1022,5,1,0,0,0,79.54932115
102,2,0,1,1,1,20.11911631
969,9,1,0,0,0,67.79248233
985,5,1,1,0,1,72.75471087
112,4,0,1,0,1,15.5367413
105,4,0,1,0,0,14.89956067
977,8,1,0,0,0,69.9746433
987,8,1,0,0,0,72.07713603
984,7,1,1,0,0,69.97132219
972,12,1,1,0,1,65.27800632
991,9,1,1,0,1,70.10611557
107,2,0,1,0,0,16.69577962
110,4,0,0,0,0,17.12450127
989,9,1,0,0,1,71.67567369
1032,9,1,1,0,1,74.79640032
956,11,1,0,0,0,65.11250559
999,9,1,1,0,1,70.56620196
91,3,0,1,1,0,18.59645611
974,8,1,1,0,1,69.25527123
984,13,1,1,0,0,64.25384904
1013,10,1,0,0,0,72.72288602
105,5,0,1,0,0,13.57176742
972,8,1,0,0,0,69.81981814
107,4,0,1,0,1,14.90039286
1004,10,1,1,0,1,71.08276816
962,9,1,1,0,1,67.75362888
101,3,0,1,0,1,16.73656327
107,5,0,1,0,0,13.52371217
1025,9,1,1,0,0,72.86208872
1003,10,1,0,0,1,73.49189364
101,4,0,1,0,0,14.62447638
993,9,1,0,0,0,71.24641004
993,14,1,1,0,0,65.08605692
1009,10,1,1,0,0,69.57961304
103,4,0,1,0,0,14.41978533
1009,9,1,1,0,0,71.06624979
99,4,0,0,0,1,17.79693903
977,11,1,0,0,0,67.31714556
999,12,1,1,0,0,66.8568748
980,11,1,1,0,0,65.43358373
1034,12,1,1,0,0,70.6556795
1011,11,1,1,0,0,69.16963009
109,2,0,1,0,0,15.4398557
104,3,0,0,0,0,18.08735453
1009,9,1,1,0,0,70.78857622
1006,8,1,1,0,0,71.93200396
105,4,0,1,0,0,14.3683388
980,10,1,0,0,1,69.51005816
103,3,0,1,0,1,16.53967084
99,2,0,1,0,1,17.69497116
1018,11,1,1,1,0,71.82401597
1039,11,1,0,0,0,74.12367629
1012,8,1,0,0,0,74.83114252
90,4,0,1,0,1,14.51120828
93,2,0,0,0,0,18.62407092
1017,10,1,1,0,0,70.11303967
998,11,1,1,0,1,68.14139708
1048,11,1,1,0,0,73.54784009
977,7,1,0,0,0,71.5554496
1005,8,1,0,0,0,73.24882919
1024,13,1,1,0,0,68.45108272
961,9,1,0,0,0,67.7702085
1010,9,1,1,0,0,71.51577726
1011,9,1,1,0,0,71.19120452
1007,13,1,1,0,0,66.80497936
997,12,1,0,0,0,68.59675738
95,1,0,0,0,0,19.61154876
103,3,0,1,1,1,19.1095494
104,3,0,0,0,0,17.43362214
98,2,0,0,0,0,18.80656476
981,10,1,1,0,0,67.34611839
99,4,0,1,0,0,14.10107169
1002,17,1,0,0,0,64.49246558
1032,14,1,1,0,0,68.57220705
95,4,0,0,1,1,22.23601624
1016,11,1,1,0,0,70.44887038
1010,8,1,0,0,1,75.07083827
969,8,1,1,1,1,70.90109409
988,10,1,1,0,0,67.83294787
103,2,0,1,0,0,16.9075427
989,13,1,0,0,0,67.24812983
93,3,0,1,1,0,18.17119159
1006,11,1,0,0,0,70.60975213
1016,11,1,1,0,0,69.68912289
967,9,1,1,0,0,66.66717369
1034,8,1,1,0,0,75.29166939
102,3,0,1,0,1,16.7526748
99,3,0,1,0,1,16.73920898
100,3,0,1,1,1,19.13288661
988,7,1,0,0,1,74.57711284
1003,7,1,1,0,0,72.65413381
101,2,0,1,0,0,17.05003585
99,3,0,1,0,0,15.16208937
1009,11,1,1,0,0,68.32049456
967,10,1,0,0,1,68.27511065
980,9,1,1,1,0,71.49742061
1009,11,1,1,0,1,71.1461644
93,1,0,0,0,0,18.72800869
980,10,1,1,0,1,68.35409028
972,11,1,1,0,0,66.11384325
1002,8,1,0,1,0,95.98949141
997,9,1,1,0,0,69.32458038
986,14,1,0,0,0,65.40731902
1020,10,1,0,0,0,73.12042752
997,7,1,1,0,0,71.09545396
1009,11,1,0,0,1,71.27476486
985,11,1,1,0,0,66.75303498
1010,12,1,0,1,0,92.10930762
1001,10,1,1,0,0,68.92199301
979,12,1,1,0,0,64.45971251
94,2,0,1,0,0,16.94164545
957,10,1,1,0,0,64.19131023
965,10,1,1,0,0,64.68647791
983,6,1,1,0,0,71.15706693
1001,9,1,1,0,0,70.7475444
979,9,1,1,0,0,67.6933054
1023,12,1,0,0,0,71.24024706
978,13,1,1,0,0,63.61215045
1006,13,1,1,0,0,66.30252063
984,7,1,1,0,1,71.17495893
1027,8,1,1,0,0,73.09422396
988,11,1,1,0,0,66.81208774
103,1,0,1,0,0,17.69648081
105,1,0,1,0,0,17.39420877
996,8,1,0,0,0,72.89191201
1017,10,1,1,0,0,70.73189242
997,7,1,1,0,0,70.80122708
1000,9,1,1,0,0,70.14889483
1004,12,1,0,1,0,92.10520897
1034,12,1,1,0,0,70.66249183
1022,10,1,0,0,1,73.95296124
103,4,0,1,0,0,14.42485746
1012,9,1,1,0,1,72.01480229
1001,9,1,0,0,1,72.88339726
971,10,1,1,0,0,66.06237785
1003,8,1,0,0,0,73.74580673
102,3,0,0,0,0,18.58223422
93,2,0,1,0,0,16.06256622
993,10,1,1,0,0,69.02533156
107,2,0,1,0,0,16.70756052
1031,10,1,1,0,0,73.08532446
1007,9,1,1,0,0,71.75283795
974,14,1,1,0,0,61.98478007
99,4,0,1,0,0,14.85600935
1027,12,1,1,0,0,69.35786084
99,3,0,1,0,0,14.72445417
104,5,0,1,0,0,13.87912339
986,10,1,0,0,0,69.1289919
1001,13,1,0,0,0,67.78571623
1018,10,1,1,0,0,70.52301768
99,3,0,1,0,1,16.63709223
979,8,1,0,0,1,71.46123956
1019,9,1,1,0,0,72.67796133
1017,10,1,0,1,1,97.17899126
993,11,1,1,0,0,67.48652102
1039,9,1,1,1,0,77.46543782
974,11,1,0,1,0,89.36232481
96,4,0,1,0,0,15.12151231
987,12,1,1,0,0,65.77828791
106,4,0,1,0,0,14.13145641
968,11,1,0,0,0,65.67468685
992,7,1,1,0,0,71.0342156
968,9,1,1,0,1,66.77949595
103,3,0,1,0,1,16.13947482
1007,10,1,1,0,1,70.34596481
101,3,0,1,0,0,16.00600921
107,3,0,1,0,1,16.14507754
1030,13,1,0,1,0,94.78230946
98,2,0,1,0,1,17.85380079
106,5,0,0,0,0,16.8021082
1030,8,1,1,0,0,74.69820477
971,11,1,1,0,1,64.79404796
1017,9,1,1,0,1,73.64072896
1006,11,1,1,0,0,68.73403464
1003,11,1,0,0,0,70.7357477
943,9,1,1,0,1,65.67545906
90,5,0,1,0,0,14.1495109
989,14,1,1,0,0,64.60167245
990,10,1,1,1,0,71.65891368
994,7,1,1,0,1,72.81333248
100,4,0,1,0,0,14.7412763
1031,12,1,1,0,0,71.18077573
90,5,0,1,0,0,14.13945435
1009,6,1,1,1,0,76.53392121
107,2,0,0,0,0,19.23605024
1029,8,1,0,0,0,76.06039308
106,2,0,1,0,0,16.95396136
992,11,1,1,0,0,66.83730363
1034,11,1,1,0,0,71.97262068
100,4,0,0,0,0,16.72902833
1014,10,1,0,1,1,96.4172928
1004,10,1,1,0,0,69.38316214
1002,12,1,1,0,0,66.82194142
993,11,1,1,0,1,68.36680234
1006,8,1,1,1,1,75.86582088
991,11,1,0,0,0,69.71441416
1009,10,1,1,0,0,70.8130067
975,8,1,1,1,1,73.38383002
1026,12,1,1,0,0,70.42248468
1018,10,1,1,1,1,74.60520975
1001,7,1,1,0,1,73.50049286
983,6,1,0,0,1,73.93050476
956,10,1,1,0,0,65.5090602
91,2,0,1,0,0,16.08823867
1007,11,1,1,0,0,68.3335814
1035,11,1,1,0,0,71.51178985
101,3,0,0,0,0,17.1379678
991,10,1,0,0,0,70.00742279
1002,10,1,0,0,1,71.11953588
102,3,0,0,1,0,23.68500418
1004,9,1,1,0,1,71.63373657
987,12,1,0,0,1,67.82658269
101,3,0,1,0,0,14.84352096
89,2,0,1,0,0,17.56041658
1028,9,1,1,0,1,73.53042734
970,12,1,1,1,1,67.16774321
1002,9,1,0,0,0,72.44048044
1018,12,1,1,0,1,70.12204896
95,4,0,0,0,0,16.03820197
97,4,0,0,1,1,22.35839716
984,9,1,1,0,0,68.17389141
1016,14,1,1,0,1,67.34094734
102,3,0,0,0,1,18.72240505
959,9,1,1,0,0,66.36209914
96,4,0,0,1,0,21.78450995
1017,13,1,1,0,0,67.97202465
92,1,0,1,0,1,18.4872217
110,4,0,1,0,1,14.42760087
983,12,1,1,0,0,65.10843804
102,2,0,1,0,0,17.10909163
1023,10,1,1,0,1,72.73221276
1003,13,1,1,0,0,66.30866843
987,8,1,0,0,0,71.31570433
100,2,0,1,0,1,17.08374015
1008,8,1,1,0,1,73.29502417
982,11,1,0,0,1,69.05082833
98,4,0,0,0,0,16.39287864
1018,7,1,0,0,1,77.81784433
990,8,1,0,0,0,72.45191966
998,8,1,1,0,1,71.46679457
980,12,1,0,0,0,67.39032851
1003,11,1,0,0,0,70.21981776
1004,14,1,1,0,0,65.53864805
1004,10,1,1,0,1,70.77094062
94,4,0,1,0,0,14.82956339
1025,9,1,1,0,0,72.62517578
975,9,1,1,0,0,67.44624685
1038,12,1,1,0,0,71.13254756
1016,10,1,1,1,1,75.29936616
103,4,0,1,0,1,15.54635021
97,1,0,1,0,0,17.38131183
1031,10,1,0,0,0,74.92262074
960,11,1,1,0,0,63.3008511
999,13,1,0,0,1,67.89841114
1011,11,1,1,0,0,69.32642295
1005,11,1,0,0,0,70.57370667
98,4,0,1,0,0,14.52598874
1000,12,1,1,0,1,68.07607877
95,3,0,1,0,1,16.19870101
1046,11,1,0,0,0,74.5640927
1022,8,1,0,0,0,76.12412982
1025,13,1,0,0,0,70.94368866
980,12,1,1,0,0,65.00336335
107,4,0,1,1,0,17.62995264
101,2,0,1,1,1,21.24148593
103,5,0,0,0,1,16.32671775
1011,12,1,1,1,0,71.12441606
1033,7,1,1,0,1,76.60885939
1018,11,1,1,0,0,69.18539344
1005,15,1,1,1,0,67.33354061
984,11,1,0,0,0,68.25672613
994,6,1,1,0,0,72.96712197
1038,8,1,1,0,0,75.26976053
99,4,0,0,0,0,16.67980725
1017,10,1,1,0,0,69.76119977
107,2,0,1,0,1,17.11873618
102,4,0,1,0,1,15.80443624
1018,12,1,1,0,1,69.57826097
989,7,1,1,0,0,70.50479449
987,10,1,1,0,1,68.24239527
1004,10,1,1,0,0,69.65075708
99,2,0,1,0,1,17.40702299
96,4,0,0,1,0,20.04399621
984,9,1,0,1,1,93.72063489
989,10,1,0,0,0,70.70184265
976,11,1,1,1,0,67.70831418
98,2,0,0,0,0,19.35428034
977,15,1,0,0,0,63.47401088
1038,9,1,1,1,0,77.48347073
981,11,1,1,0,1,67.29988693
99,2,0,1,0,0,17.25984984
102,5,0,1,0,0,13.77032197
109,3,0,1,0,0,17.03960302
973,11,1,1,0,1,66.10830294
1013,14,1,0,0,0,68.26333677
99,3,0,0,0,1,18.40240782
996,11,1,1,0,0,67.36403898
994,13,1,1,0,0,66.30180322
978,10,1,1,0,0,66.948956
975,10,1,0,0,0,68.53607892
962,7,1,1,0,0,68.33751914
1002,12,1,1,0,0,67.01604401
1017,7,1,1,0,0,74.08056797
97,4,0,1,0,0,14.08762473
1002,10,1,0,0,0,71.15153859
988,10,1,1,0,0,67.96203918
1015,10,1,0,0,0,73.50752048
969,8,1,0,0,1,70.28072029
102,4,0,0,0,0,16.75620227
1009,13,1,0,0,1,69.46992576
101,3,0,1,1,0,18.22331343
1004,9,1,1,0,1,71.81043079
98,4,0,1,0,0,14.63958132
100,2,0,0,0,0,18.85989112
1011,12,1,1,0,0,68.27355218
1014,10,1,1,0,0,70.21712077
1003,9,1,1,0,0,70.04554456
1017,9,1,1,0,0,71.45368945
109,2,0,0,0,0,18.95074149
1016,8,1,1,0,1,73.71700578
1021,7,1,1,0,0,73.5600279
105,3,0,1,0,0,16.01255295
1011,11,1,0,0,0,71.07075815
990,11,1,1,0,0,67.19957211
951,11,1,1,0,1,63.56162023
1003,10,1,1,0,1,69.76186473
1028,8,1,1,0,0,74.05133024
96,3,0,0,0,1,18.2491258
1001,8,1,1,0,0,70.95766555
97,2,0,1,0,1,17.81839593
999,14,1,0,0,0,66.58643552
994,12,1,1,0,1,67.81127425
989,10,1,1,0,1,68.86990109
96,4,0,1,1,0,17.56333565
987,10,1,1,0,1,68.45586273
1011,14,1,1,0,1,67.44260551
1010,8,1,1,1,0,74.49304919
1017,11,1,1,0,0,69.53488922
979,11,1,0,0,0,67.80668684
1025,9,1,1,0,0,72.35587776
1005,8,1,1,0,0,71.06883984
1011,9,1,1,0,1,72.06442554
984,8,1,1,0,0,69.5639455
99,5,0,1,0,1,15.2737632
99,2,0,1,0,0,16.59294196
102,3,0,0,0,0,17.29506278
1018,11,1,0,0,0,72.96252863
993,10,1,1,0,1,68.50817394
1009,11,1,1,0,0,68.62211645
1033,9,1,0,0,1,75.8758443
995,8,1,0,0,1,73.03898705
979,14,1,1,0,1,63.25276176
992,12,1,1,0,0,66.12962465
998,6,1,0,0,0,74.48896641
1041,7,1,1,0,1,77.43567813
1011,11,1,1,0,0,69.27974208
102,2,0,1,0,0,16.42161998
995,9,1,1,0,1,71.53071248
97,3,0,0,0,0,17.31722168
997,11,1,1,0,1,69.76067439
1008,9,1,1,0,0,70.55878254
991,10,1,0,0,0,69.72097734
981,13,1,1,0,0,64.43154837
1032,12,1,1,0,0,70.53363161
991,4,1,1,0,1,75.16771051
1015,13,1,1,0,0,67.6293227
970,11,1,1,0,0,64.47678832
110,3,0,1,0,0,16.16448313
106,2,0,1,0,1,17.21410014
102,4,0,1,0,0,14.30144093
1012,10,1,0,1,1,96.53438699
1033,10,1,0,0,0,74.24777159
991,9,1,1,0,0,69.05721266
98,2,0,0,0,0,17.40170311
93,2,0,1,0,0,16.16595466
997,12,1,1,0,0,66.24509728
997,13,1,0,0,1,68.00155922
98,2,0,1,0,0,16.783662
1000,10,1,1,0,0,68.9412463
993,10,1,1,0,1,69.49733409
98,4,0,0,0,0,16.65861271
1033,6,1,1,0,1,76.97912907
1021,11,1,1,0,0,69.7187697
988,12,1,1,0,1,66.39081314
101,2,0,0,0,0,18.08352803
1004,7,1,1,0,0,72.41326477
1006,7,1,0,0,1,76.0684418
102,3,0,1,0,0,16.17029961
89,1,0,1,0,0,16.91484355
103,2,0,1,0,1,17.40194917
1009,11,1,1,0,0,69.29674037
1012,10,1,1,0,0,70.60419707
108,3,0,1,0,1,15.71607649
97,2,0,0,0,1,19.91081612
1007,11,1,1,0,0,69.15813328
102,4,0,0,1,0,21.55735294
99,3,0,1,0,0,15.8950126
104,2,0,1,0,0,15.73363698
99,4,0,1,0,0,13.67214622
1046,11,1,1,0,0,72.74418533
97,2,0,1,0,1,17.94658263
962,10,1,1,0,0,64.56749375
1014,13,1,1,0,0,67.70096516
983,13,1,0,0,0,66.23410039
995,12,1,0,1,1,91.88720873
976,13,1,0,0,1,65.98562046
975,9,1,0,0,0,69.7498027
1030,11,1,0,0,1,74.50126268
978,11,1,1,0,0,64.69215372
1021,9,1,1,0,1,73.65978115
1009,8,1,1,0,1,73.6694118
1003,5,1,0,0,1,76.75327276
973,9,1,1,0,0,67.36630309
99,2,0,1,0,0,16.80578917
965,10,1,1,0,0,65.59047215
1018,9,1,1,0,0,71.71627446
981,9,1,1,0,1,69.19684835
1003,12,1,1,0,1,68.10810211
991,14,1,1,0,0,64.42418195
1018,9,1,1,0,0,71.80171589
978,8,1,1,0,0,69.28126361
99,3,0,1,0,0,15.7700792
985,13,1,1,0,1,65.35635649
1020,13,1,0,0,1,70.77167615
1004,11,1,1,0,1,70.41067025
981,13,1,1,0,0,64.12378916
969,12,1,0,0,1,65.80472465
996,13,1,0,0,1,68.03869418
1024,12,1,0,0,1,72.75180427
1008,9,1,1,0,0,71.41405813
1026,11,1,1,0,0,70.9014512
96,3,0,1,0,0,15.23440294
106,3,0,1,0,1,16.02223229
1019,11,1,1,0,0,70.78904378
999,12,1,1,1,0,70.07982533
952,9,1,1,0,1,64.98986515
1005,8,1,1,0,0,70.94510804
1009,12,1,1,0,0,67.43374265
1013,10,1,1,0,1,71.51831958
938,9,1,1,0,0,63.64189747
1010,11,1,1,0,0,68.54655349
1019,10,1,1,1,0,74.08797429
110,4,0,0,0,0,18.24175612
105,3,0,0,0,0,18.11737331
1008,7,1,0,0,1,75.83524437
90,1,0,0,0,0,19.19376777
1016,8,1,0,0,0,75.53435611
1014,9,1,0,0,0,73.80484599
1015,8,1,1,0,1,73.44606777
962,11,1,0,0,0,65.63466957
996,8,1,1,0,1,71.15228879
986,12,1,1,0,0,65.32500669
98,3,0,1,0,0,15.136079
999,11,1,1,0,0,68.56790138
1006,11,1,1,0,0,68.62718015
974,13,1,1,0,1,64.00661462
994,7,1,1,0,0,71.17523531
103,4,0,1,0,0,15.29601523
1045,7,1,0,1,0,103.8365379
1004,9,1,1,0,1,72.09604672
1028,8,1,0,0,0,76.27698156
972,11,1,0,1,0,89.62752718
994,12,1,1,0,0,66.0882895
107,4,0,1,0,0,15.81479962
103,4,0,1,0,1,15.971676
1017,15,1,1,1,0,68.56907354
998,11,1,1,0,1,68.79134805
96,3,0,0,0,0,17.56094814
1008,9,1,1,0,0,70.12391241
998,12,1,1,0,0,67.34919113
95,2,0,1,0,0,16.99266079
1018,8,1,1,0,0,72.90295099
984,10,1,1,0,0,67.07646637
1011,12,1,1,1,0,71.19138627
97,2,0,1,0,0,16.13615289
99,2,0,1,0,0,16.66827631
105,3,0,0,0,0,17.22113704
999,7,1,1,0,0,72.42063411
97,3,0,1,0,0,15.78889788
991,8,1,1,0,0,70.27873311
1024,10,1,1,0,1,72.82701611
1012,8,1,0,0,0,74.36323982
108,3,0,0,0,1,19.50857327
1017,8,1,1,0,0,73.41658147
1039,9,1,1,0,1,74.29387013
967,12,1,1,0,0,62.72940625
969,10,1,0,0,0,67.67422216
1003,13,1,1,0,1,67.49153288
1016,9,1,0,0,0,73.26013632
1022,11,1,1,0,0,70.68915067
999,11,1,1,0,0,68.393865
980,10,1,0,0,0,69.24693065
987,10,1,1,1,1,72.64906956
990,10,1,1,0,0,67.50041417
1002,10,1,1,0,0,69.09967251
997,9,1,0,0,0,71.97682607
102,3,0,1,0,1,17.27870377
1008,7,1,1,1,1,77.29634321
102,3,0,1,0,1,17.54895969
1011,11,1,1,0,0,69.40573889
977,11,1,1,0,1,66.91510497
956,12,1,0,0,0,64.22404214
1028,11,1,0,0,1,74.297578
1000,9,1,1,0,1,70.8337399
101,4,0,0,0,0,17.37308091
1002,11,1,1,0,0,68.13301395
1000,8,1,1,0,1,72.07488743
997,12,1,1,0,0,66.00547789
977,7,1,1,0,0,69.57726486
108,4,0,1,0,0,15.23521161
986,12,1,1,0,0,65.94980744
94,3,0,1,0,1,15.60833755
1016,12,1,1,0,0,69.18228618
994,10,1,1,0,0,68.38275507
99,2,0,1,0,1,17.71379358
984,13,1,1,0,1,64.59567473
995,9,1,1,0,1,70.41722202
114,4,0,1,0,0,14.62221709
107,3,0,1,0,1,16.52879634
1020,8,1,1,0,0,74.30517895
977,12,1,1,0,1,64.75166833
1032,11,1,0,0,0,73.87054391
1001,12,1,1,0,0,67.23101465
1009,10,1,1,0,0,70.14016929
961,13,1,0,0,1,63.90235787
1054,12,1,1,0,1,75.0541339
1012,12,1,1,0,0,67.41360175
1002,7,1,1,0,0,72.121112
106,5,0,1,0,0,13.46434623
1021,11,1,0,0,0,71.63239753
977,9,1,1,0,1,69.01032111
1009,9,1,1,0,1,72.18343369
998,10,1,1,0,1,70.40941776
999,12,1,0,0,0,68.94531589
969,9,1,1,0,0,66.81507397
998,10,1,1,0,0,68.59486462
999,10,1,0,0,0,72.18704701
972,10,1,1,0,0,65.2244777
998,8,1,0,0,0,73.24560833
96,3,0,1,0,0,15.36737755
100,3,0,1,0,0,15.6078768
1005,10,1,1,0,0,69.1853882
1010,10,1,0,1,0,95.68599512
992,12,1,1,0,0,67.29369275
981,11,1,0,0,0,68.46001065
1009,11,1,1,0,1,69.77273802
1012,10,1,0,0,0,72.57655925
98,1,0,1,0,0,17.07083958
99,2,0,0,1,0,22.76559244
1011,10,1,1,1,1,74.7048676
99,2,0,0,0,0,18.38393238
100,2,0,1,0,1,17.1869572
982,9,1,0,1,1,93.71502464
1010,9,1,1,0,0,71.36300528
1040,9,1,1,0,0,75.57894098
978,9,1,1,0,0,67.60282443
96,3,0,0,0,0,17.34956699
1003,7,1,0,0,0,74.81279599
994,5,1,0,0,0,75.29937758
1046,11,1,1,0,0,73.24784562
977,12,1,1,0,0,64.82127434
991,10,1,1,0,0,67.08134611
93,3,0,1,0,0,15.55468129
990,11,1,0,0,0,68.73139262
1017,10,1,0,0,0,73.13149371
990,10,1,1,1,0,71.7296324
1016,10,1,1,1,0,73.44292149
90,3,0,1,0,1,17.3421052
1012,6,1,1,0,0,74.2733798
94,4,0,1,1,1,17.857393
1027,10,1,1,0,0,71.72306513
991,8,1,0,0,1,72.80437541
966,15,1,1,0,0,60.54503363
97,5,0,1,0,0,13.55972214
100,2,0,1,0,1,17.73150886
1025,5,1,1,0,1,78.03925719
991,10,1,1,0,0,67.84961837
109,5,0,1,0,0,13.32614145
1017,12,1,1,0,1,70.15141079
1002,6,1,1,0,1,75.27443464
989,9,1,1,0,0,68.48927322
958,14,1,0,1,0,83.95952322
1026,11,1,1,0,1,71.61140417
94,3,0,0,0,0,17.02870456
95,3,0,1,0,0,15.30561628
1043,7,1,1,0,0,76.67730256
107,4,0,1,0,0,13.8510434
105,3,0,0,0,1,18.44622725
1008,11,1,0,0,0,71.41132215
1007,10,1,1,1,0,73.48072101
953,11,1,0,0,1,67.02169576
1012,14,1,1,0,0,66.52816457
962,10,1,1,0,1,65.91671667
1004,11,1,0,0,0,70.33566838
1020,12,1,0,0,0,71.39264887
1020,14,1,0,0,1,70.88955941
1009,14,1,1,0,0,65.50077679
100,3,0,1,0,0,16.21387159
100,3,0,1,0,0,15.92463302
102,4,0,1,0,0,14.52662591
961,12,1,1,0,0,62.78944114
996,8,1,1,0,0,70.46548405
101,0,0,0,0,0,21.38356155
93,3,0,1,0,0,15.09409098
973,10,1,1,0,0,66.70821258
954,9,1,0,0,0,67.04467327
1007,7,1,1,0,1,74.28314347
102,4,0,1,0,0,14.52671739
983,9,1,1,0,1,69.30945177
99,3,0,1,1,0,18.21554553
999,11,1,1,0,0,67.41707734
993,9,1,0,0,0,71.39349506
100,3,0,1,0,0,15.87677402
974,7,1,1,1,0,72.44266351
988,12,1,1,0,0,65.23638391
999,9,1,0,0,0,71.81615766
1040,11,1,1,0,1,73.57130818
109,3,0,1,0,0,16.0362957
999,11,1,1,0,0,68.05620391
107,2,0,1,0,0,16.34220526
1017,12,1,0,0,1,72.4164054
1018,10,1,1,0,0,70.90972208
1002,9,1,1,0,0,69.90183519
1012,10,1,0,1,1,96.72811607
979,10,1,1,0,0,67.06591222
94,2,0,0,0,0,17.61686603
98,2,0,1,1,1,20.13245525
1028,9,1,1,0,0,73.24475242
988,10,1,0,0,0,70.17956054
94,2,0,0,0,1,19.53606427
93,3,0,1,0,1,17.22621651
1027,7,1,0,0,1,77.90544027
1035,12,1,1,0,1,71.29298533
1032,9,1,1,0,0,73.96140797
113,4,0,1,1,0,17.76361299
1012,8,1,0,0,1,74.70494736
99,3,0,0,0,0,17.04201166
1029,11,1,0,0,0,74.64444767
974,10,1,1,0,1,67.36141683
94,4,0,1,0,1,15.83894963
984,11,1,0,0,0,68.6566977
1022,7,1,0,0,0,74.88966088
96,4,0,1,0,0,14.28526727
989,9,1,1,0,0,69.46505458
1008,8,1,1,0,0,71.85422447
1000,10,1,1,0,0,69.42894479
971,12,1,1,0,0,62.90798996
992,12,1,1,0,0,65.10327703
1015,9,1,1,0,1,72.95588889
962,15,1,1,0,1,61.35633087
994,8,1,1,0,0,70.71780454
1000,12,1,0,0,0,68.81104231
981,9,1,1,0,0,68.22189927
1018,9,1,1,0,1,73.08478937
106,6,0,0,0,0,16.15317006
105,1,0,1,0,0,16.96573991
1006,7,1,0,0,1,76.35006906
997,10,1,1,0,0,68.49189655
102,2,0,0,1,0,24.11893767
107,3,0,1,1,0,18.68879336
966,13,1,1,0,0,63.09473737
986,8,1,1,0,1,70.22960952
96,3,0,1,0,1,16.44668777
106,3,0,0,0,0,17.4214362
1004,9,1,1,0,0,70.8879712
1012,10,1,1,1,0,73.20590516
1019,14,1,0,0,0,70.14617768
1030,13,1,1,0,0,69.24783081
102,3,0,0,0,1,18.40624098
977,8,1,0,0,0,69.80061963
961,11,1,1,0,1,64.73338417
1006,11,1,1,0,1,70.24250601
991,10,1,1,0,0,67.98592687
1001,13,1,1,0,0,65.14459799
98,2,0,0,0,0,18.76497468
995,8,1,1,0,0,71.08195115
89,5,0,0,0,0,15.69776231
1027,10,1,1,0,0,72.97265911
988,10,1,1,0,1,68.0252697
1010,14,1,1,0,0,66.8101521
1031,10,1,0,0,1,74.98404399
1000,11,1,1,0,0,67.7525548
1010,11,1,1,0,0,68.52778397
1009,10,1,1,0,0,69.64007421
983,10,1,0,0,1,71.00622003
1025,10,1,1,0,0,71.60900666
91,2,0,1,0,1,17.02344395
987,9,1,1,0,1,69.58140274
990,9,1,0,0,0,70.95637919
91,4,0,0,1,0,21.75466686
986,9,1,1,0,0,67.51014877
1001,11,1,0,0,0,69.20286662
1004,13,1,0,0,0,68.3924237
972,9,1,1,0,1,68.02534993
951,12,1,0,0,0,64.06881123
968,9,1,1,0,1,68.52295945
1013,10,1,1,0,0,70.58754655
1004,14,1,0,0,0,67.75796093
1005,7,1,1,0,1,73.12479976
996,8,1,1,1,0,73.67389411
1028,10,1,1,0,1,73.22867916
999,11,1,1,0,0,67.47957728
1019,6,1,0,0,1,78.19502599
106,3,0,0,0,0,17.58262121
994,10,1,0,0,0,70.98082676
974,9,1,1,0,0,67.42325715
107,4,0,1,0,0,14.66791218
1029,9,1,1,0,1,74.15267004
997,9,1,1,0,0,69.52580724
971,10,1,1,0,0,65.67752747
1015,13,1,1,0,1,68.93890957
986,13,1,0,0,0,66.48983068
1027,10,1,1,0,1,73.6412683
965,11,1,1,0,1,65.29757164
90,2,0,0,0,0,17.83537317
994,8,1,0,0,0,71.96428915
1014,12,1,1,0,0,68.68059577
997,11,1,1,0,0,68.78826817
103,3,0,1,1,0,19.00966451
98,1,0,1,0,0,17.82939347
101,3,0,1,0,1,16.33222569
98,2,0,1,0,0,16.86967871
1030,12,1,0,0,0,72.49454357
1027,13,1,1,0,1,69.74781463
991,11,1,1,0,0,66.74141946
101,4,0,1,0,0,14.27807221
984,9,1,0,0,0,70.24458281
1017,12,1,1,0,1,69.42023059
997,14,1,0,0,1,66.99089984
1032,12,1,1,0,0,70.98566055
998,9,1,1,0,0,69.74077743
1038,10,1,0,0,0,74.90877616
993,10,1,0,0,0,69.17724868
99,4,0,0,0,1,17.03411094
986,9,1,1,0,0,68.08016235
1002,6,1,1,0,0,73.65021936
986,6,1,1,0,0,71.339312
973,8,1,0,0,0,70.84236608
97,2,0,1,0,0,15.96382386
99,4,0,0,0,0,17.37158971
101,1,0,1,0,0,17.47891976
95,2,0,1,0,0,16.66443004
960,10,1,0,0,1,67.99232228
1044,7,1,1,0,0,77.4164039
1030,10,1,1,0,0,72.6305127
1051,11,1,1,0,0,74.31802897
1012,7,1,0,0,0,75.19907434
99,3,0,1,0,1,15.67933296
1002,9,1,1,1,1,74.28755025
1020,9,1,1,0,1,73.67851161
104,1,0,1,0,0,16.84792069
1021,10,1,1,0,0,71.01939902
984,10,1,1,0,0,66.42902194
1000,11,1,1,1,0,70.36112458
988,14,1,1,0,0,63.99622444
1040,10,1,1,0,1,74.91341888
1008,10,1,1,0,1,71.70078556
1051,8,1,1,0,1,77.64687941
1023,11,1,1,0,1,70.93951792
104,2,0,1,1,0,19.20589479
993,10,1,1,0,1,70.17420024
96,3,0,1,0,0,15.16578464
988,12,1,1,0,0,65.71142857
101,3,0,1,0,1,17.12908643
106,4,0,1,0,0,14.64787276
100,3,0,1,1,0,18.44296154
1011,10,1,0,0,0,72.18563515
101,3,0,1,0,1,16.34297087
1010,8,1,1,0,0,72.18628239
106,3,0,1,0,1,16.49676763
995,6,1,1,0,0,71.777864
99,2,0,1,0,0,16.67433478
1017,8,1,1,0,1,72.95703099
995,9,1,1,0,0,68.7498557
995,10,1,1,0,1,69.22936905
100,2,0,1,0,1,17.78284978
1016,11,1,1,0,0,69.35357125
1012,11,1,1,0,0,69.56199402
1024,13,1,0,0,0,69.76850259
999,10,1,1,0,0,68.92665356
1001,7,1,1,0,0,72.39519199
1037,7,1,1,0,0,76.11148508
104,4,0,1,0,0,14.9330779
96,4,0,1,0,0,14.08252966
975,8,1,1,0,0,69.28506051
1008,12,1,1,0,1,69.69934944
983,11,1,0,0,0,68.5869836
1004,7,1,1,0,1,74.47971538
106,4,0,1,0,1,15.13367409
1018,10,1,0,0,1,74.39842774
104,1,0,1,0,0,17.229278
1024,9,1,1,0,1,73.28028111
101,3,0,1,0,0,15.14823652
973,7,1,1,0,0,69.15598
1027,13,1,0,0,0,71.84158013
96,1,0,1,0,1,18.76275369
104,3,0,1,0,0,16.28340362
939,6,1,0,0,0,68.84092883
1000,8,1,1,0,0,71.06327805
982,9,1,0,0,0,70.0776386
994,13,1,1,0,0,65.23585325
981,10,1,0,1,0,91.72019794
97,3,0,1,0,1,16.88987012
996,13,1,0,0,0,67.34466515
111,4,0,1,0,0,14.36572621
993,7,1,1,0,1,71.19665524
102,2,0,0,0,1,19.64169077
1031,9,1,1,0,1,74.23828218
100,4,0,1,0,0,14.55432835
986,11,1,1,0,0,66.72836948
99,1,0,0,0,1,20.60222122
1009,9,1,0,1,1,96.97304843
1011,9,1,1,0,0,70.75234853
1014,11,1,0,0,0,70.96786906
998,9,1,1,0,0,69.72547688
94,4,0,1,0,0,14.26035046
98,0,0,1,0,0,18.02515678
105,3,0,1,0,0,16.82152931
100,3,0,1,0,0,16.2774306
1017,12,1,0,0,0,71.80723831
973,10,1,1,0,0,66.598368
1031,11,1,1,0,0,70.44503368
102,3,0,1,0,0,14.49820482
1009,8,1,1,1,1,75.12822797
1002,11,1,1,0,1,69.5480461
969,9,1,1,0,0,67.07654528
1013,12,1,1,1,0,71.73031871
101,3,0,1,0,1,15.60036756
1003,8,1,1,0,0,71.45192972
107,4,0,0,0,0,17.16011849
1000,12,1,1,0,1,68.5861072
1015,11,1,1,0,1,70.69985266
103,3,0,1,0,1,17.36112053
95,2,0,1,0,0,16.1779743
100,2,0,1,0,0,16.78145107
962,6,1,1,0,0,68.408246
104,3,0,1,0,0,14.71146425
99,2,0,1,0,0,16.42345288
1015,12,1,1,0,0,69.05666314
1013,13,1,0,1,0,93.15122281
100,3,0,0,0,1,18.82198977
98,3,0,1,0,0,15.68115685
990,7,1,1,0,0,71.27790199
96,3,0,1,0,0,16.01014883
1028,16,1,1,0,1,67.25161598
108,4,0,1,0,0,14.62523348
1003,11,1,1,0,0,68.14095894
1014,6,1,0,0,0,76.59454568
991,9,1,1,0,1,69.86095741
102,3,0,0,0,1,17.83917932
992,14,1,1,0,0,63.96525062
96,4,0,1,0,0,13.5541103
106,2,0,1,0,1,18.06541888
109,4,0,0,0,1,18.12047269
112,5,0,1,1,0,17.09732678
990,8,1,1,0,0,69.21796033
1009,10,1,1,0,0,70.36033272
100,4,0,1,0,0,14.27703053
102,2,0,0,1,0,24.76783741
983,10,1,0,0,1,70.38489139
1011,8,1,1,1,0,75.32089268
981,10,1,0,0,0,68.9330735
1022,9,1,1,0,0,72.46852509
1005,10,1,0,0,0,71.98578577
998,11,1,1,1,0,70.53068596
100,3,0,1,0,0,14.98635322
98,4,0,1,0,0,14.7697027
995,7,1,1,0,0,71.71254851
1016,12,1,1,0,0,68.74707751
1001,12,1,0,0,1,70.29073325
89,3,0,1,0,0,14.83425136
1021,10,1,0,0,0,72.96050314
110,3,0,1,0,0,16.00231978
1010,8,1,1,0,0,71.9757427
994,8,1,1,0,0,70.79386483
1019,12,1,1,0,0,68.70075263
95,3,0,1,0,0,15.38767039
1012,11,1,1,1,0,73.12976545
1007,9,1,1,0,0,70.91880747
1012,9,1,1,0,0,71.22828917
89,3,0,0,0,0,17.12059267
96,3,0,0,0,1,17.75072582
981,12,1,1,0,0,65.31342559
989,12,1,1,0,0,65.24781778
985,4,1,1,0,0,73.23028383
108,5,0,1,1,0,16.38895407
988,4,1,1,0,0,73.28789573
97,2,0,1,0,1,17.8423511
963,13,1,1,0,0,61.57175672
1014,8,1,1,0,0,72.47639547
99,4,0,1,0,1,16.2376447
1013,10,1,1,0,1,71.49860375
92,4,0,0,0,0,15.85515396
1018,10,1,1,0,1,71.71831124
983,9,1,0,0,0,70.01860648
974,11,1,1,0,0,65.36141456
1000,13,1,1,0,0,65.73362846
987,11,1,1,0,0,67.06917132
983,10,1,1,0,0,67.6194175
1005,11,1,1,0,1,69.60333386
1020,7,1,0,0,0,75.77202577
1014,10,1,1,0,1,72.41660946
99,2,0,1,0,0,15.40968753
988,12,1,1,0,0,66.60198066
973,12,1,0,0,1,67.51567619
969,10,1,1,0,1,65.59080513
1022,9,1,0,0,1,75.41060434
992,10,1,1,0,1,70.02484684
1004,11,1,1,0,0,68.38262542
995,8,1,1,0,0,70.19261595
997,8,1,1,0,1,71.19726528
95,4,0,1,0,0,14.90767332
1016,7,1,1,0,0,74.31381551
1015,12,1,1,0,0,68.51852307
1009,9,1,1,0,0,71.6775617
994,9,1,1,0,1,69.80812039
973,10,1,1,0,0,66.22491184
1007,13,1,0,0,1,69.56983354
100,4,0,1,0,0,15.25410668
96,3,0,0,0,0,17.78947707
1031,13,1,1,0,1,71.43430537
1018,11,1,1,0,0,70.29289939
104,3,0,1,0,0,15.59187222
1012,8,1,1,0,0,71.92323646
103,3,0,1,0,1,16.82151828
102,3,0,1,1,0,18.58400628
1027,11,1,1,1,0,73.67037869
94,2,0,1,0,0,17.2752027
1023,12,1,1,0,0,69.4971019
996,8,1,1,0,0,70.57575237
102,2,0,1,0,1,18.33293486
104,4,0,0,0,0,15.78330523
1016,11,1,1,0,0,68.95144698
94,4,0,1,0,1,15.00808058
108,3,0,1,0,1,16.85865354
106,3,0,0,0,0,16.97036237
1003,12,1,1,0,0,67.30663077
99,5,0,0,0,0,16.32945946
97,2,0,1,0,0,16.51606257
985,7,1,1,0,0,70.28682362
1013,9,1,1,0,1,72.79185002
1043,8,1,0,0,0,78.14721645
100,3,0,1,0,0,15.33240441
96,1,0,0,1,0,24.2767674
1016,7,1,1,0,0,74.59333481
996,9,1,1,0,0,69.45427033
1027,9,1,1,1,0,75.69199633
1000,9,1,0,0,1,72.27023706
1011,9,1,1,0,1,72.40984245
96,4,0,1,0,1,15.86807547
1035,9,1,1,0,1,75.18342689
984,14,1,1,0,0,63.42991226
1012,11,1,1,0,0,69.3213292
1027,10,1,1,0,0,72.47610087
1007,10,1,1,0,0,70.00547616
101,2,0,1,0,0,16.2490278
985,9,1,0,0,1,71.61228885
982,10,1,1,0,1,68.21207278
990,9,1,0,0,0,70.38792349
989,12,1,1,0,1,66.91546253
981,12,1,1,0,0,64.54307152
1001,9,1,1,0,0,70.22778896
1007,10,1,1,0,0,69.22942619
100,1,0,1,0,0,18.00032154
104,3,0,1,0,1,16.88898544
97,3,0,1,0,0,14.96237287
1006,10,1,1,0,0,69.29307331
1002,9,1,1,0,1,71.66528252
970,9,1,1,0,0,66.76178287
984,11,1,0,0,0,67.78601168
96,2,0,0,0,0,18.08978343
1010,11,1,1,0,0,69.05936872
997,12,1,1,0,0,67.157396
98,3,0,0,0,0,17.78685447
998,9,1,1,0,0,70.1310322
998,13,1,1,0,0,64.94047385
95,4,0,0,0,1,17.22398456
1010,14,1,1,0,0,66.24852673
104,5,0,0,0,0,15.58231607
96,4,0,1,0,1,15.65382198
1020,12,1,0,0,0,71.01443881
1007,9,1,0,1,0,95.40186327
1003,11,1,1,0,0,68.56336758
1028,10,1,1,0,1,72.76647633
1023,13,1,1,0,0,69.05412794
1005,12,1,1,0,1,69.2363028
986,13,1,1,0,0,64.58441064
1006,9,1,1,0,0,69.96354542
104,2,0,1,0,0,16.37271402
1006,11,1,0,0,1,71.49804679
108,5,0,0,0,0,16.03946989
1031,10,1,1,1,0,75.98816115
102,1,0,1,0,0,17.45266341
997,8,1,1,0,1,71.64995641
1003,10,1,1,0,0,68.95179616
1019,11,1,1,0,0,71.19819001
99,2,0,1,0,0,16.88166302
974,11,1,0,0,1,68.35492505
1007,10,1,1,0,1,70.06677556
982,7,1,1,0,0,70.98842447
91,3,0,1,0,0,15.14075667
96,1,0,1,0,0,17.90891215
90,3,0,0,1,0,22.26847594
101,5,0,1,0,0,13.64536969
1006,10,1,0,0,0,71.78209721
91,3,0,1,0,0,15.53080746
1000,9,1,1,0,1,70.10591068
100,3,0,1,1,0,18.02024292
92,5,0,1,0,1,14.59017732
995,10,1,1,0,1,69.10046081
100,2,0,1,0,0,16.63877587
102,3,0,1,0,1,16.56256263
982,10,1,1,0,1,67.97419808
1000,9,1,1,0,0,69.7581832
95,5,0,1,0,0,14.02109042
1009,13,1,1,0,0,67.74949218
1009,8,1,0,0,1,74.4066109
992,10,1,0,0,0,70.07390909
990,10,1,1,0,0,67.9863066
986,12,1,0,0,0,66.66519311
1015,8,1,0,0,0,75.03521262
1025,9,1,0,0,0,75.54485839
997,11,1,1,0,0,67.72725171
998,11,1,1,0,0,68.63856789
106,4,0,1,0,0,14.69497193
108,2,0,0,0,0,18.62636495
983,9,1,1,0,0,67.92282546
1023,9,1,1,1,1,77.08089756
973,11,1,0,0,0,67.16402327
94,3,0,1,0,0,15.32096341
974,14,1,0,0,0,64.20230293
976,10,1,1,0,0,65.94431304
1016,12,1,0,0,0,70.72235529
964,11,1,0,0,0,66.38375326
976,9,1,1,0,1,68.11523492
969,11,1,1,0,0,64.12092278
95,2,0,1,1,0,20.31265397
989,9,1,1,0,1,69.9492553
1013,9,1,0,0,1,74.7217079
95,4,0,0,0,1,17.19337203
994,11,1,0,1,0,93.2300475
106,2,0,1,0,0,15.74246514
99,3,0,1,0,0,16.14130091
992,7,1,1,0,1,72.01917549
1006,9,1,0,0,1,72.94636743
1033,11,1,0,0,0,73.48149972
1006,11,1,1,0,1,69.70711692
994,8,1,1,0,0,70.15519682
980,9,1,1,0,0,68.11425442
998,11,1,0,0,0,70.15548425
994,9,1,1,0,0,69.91400533
1044,10,1,1,0,0,74.04046566
985,10,1,1,0,1,68.63970317
981,8,1,1,1,1,72.67439382
1012,9,1,1,0,0,70.07365366
1008,9,1,1,0,0,70.96648456
97,3,0,0,0,0,17.68944369
988,8,1,1,0,1,69.32726665
987,10,1,1,1,0,70.74180613
1021,12,1,1,1,1,73.14781414
93,3,0,1,0,0,15.55971136
1024,10,1,1,0,0,71.75390793
102,3,0,0,0,0,17.39027438
996,9,1,1,0,0,69.84478789
989,8,1,0,1,0,94.49550593
106,4,0,1,1,0,17.24540852
106,4,0,1,0,0,13.47036531
1052,6,1,1,0,0,78.26066696
1032,10,1,0,0,0,74.45101529
99,4,0,0,0,1,18.15021243
97,4,0,1,0,1,15.81964866
995,11,1,1,0,0,66.78823252
968,12,1,1,0,0,63.9953579
1010,8,1,1,0,0,71.84435011
1024,8,1,1,0,0,73.04094874
105,4,0,0,0,0,15.66496127
991,11,1,1,0,0,66.33935853
998,7,1,1,0,0,71.77041667
990,7,1,0,1,0,96.26597783
94,3,0,1,0,1,15.5252119
1008,10,1,0,0,0,71.95950087
1006,9,1,1,0,0,70.63671709
986,13,1,0,0,0,66.38656229
105,4,0,1,0,0,15.19655255
95,4,0,1,0,1,15.02501454
1045,8,1,1,0,1,76.5314587
98,4,0,1,0,1,14.88525987
93,3,0,1,0,0,15.38529478
89,3,0,0,0,0,18.2268405
95,3,0,1,0,1,16.43928171
1012,11,1,1,0,1,69.50106768
980,9,1,0,0,0,69.53514718
1026,7,1,1,0,0,73.84825667
994,12,1,1,0,1,67.05931032
96,3,0,1,0,0,15.02081817
1019,10,1,1,0,0,70.3935761
1027,7,1,0,0,0,77.06357921
980,10,1,1,0,0,66.94271313
1004,6,1,0,0,0,75.44068813
1017,9,1,1,0,0,71.97038009
987,8,1,0,0,1,72.25582787
104,2,0,1,0,0,16.97634639
110,4,0,1,0,0,14.86646964
106,2,0,0,0,1,19.28562658
1029,8,1,1,0,1,74.88418541
1006,10,1,0,0,0,72.02246927
1021,9,1,0,1,1,98.61053592
1002,12,1,1,0,0,66.76140331
95,3,0,0,1,0,23.01286005
97,4,0,1,0,0,14.48889063
1014,9,1,1,0,0,72.54753151
109,3,0,1,0,1,15.97119745
106,5,0,1,0,0,13.92708643
104,2,0,0,0,1,20.47408725
1013,9,1,1,0,0,71.29417664
99,3,0,0,0,0,17.1115671
1029,7,1,1,0,0,74.22809653
1034,12,1,1,0,0,71.38686868
1008,12,1,1,0,0,67.74578987
99,4,0,1,0,0,13.70158597
970,6,1,0,0,0,71.4266993
1018,10,1,0,0,0,73.05122573
1010,6,1,0,1,0,99.36720468
1004,10,1,1,1,0,72.48994085
105,3,0,1,0,0,16.02200775
109,4,0,1,0,0,14.43695675
1020,11,1,1,0,1,71.46249945
1006,10,1,1,0,1,70.63162573
992,8,1,1,0,0,69.78403531
1047,9,1,1,0,1,76.25012789
94,3,0,0,0,1,18.93904852
1007,12,1,1,0,1,67.99385965
96,5,0,1,0,0,13.35863701
1007,12,1,0,0,0,69.51953964
98,3,0,0,0,1,18.39047508
971,11,1,0,1,0,89.17046996
979,8,1,1,0,0,68.68723196
977,9,1,0,0,0,68.97203663
1006,9,1,1,0,0,71.28141884
985,8,1,1,0,0,69.25225145
959,12,1,0,0,0,64.68600015
966,10,1,1,0,0,64.85600385
99,3,0,1,0,0,16.12387231
1041,12,1,0,0,1,75.67212972
984,6,1,1,0,0,71.44403317
98,5,0,0,0,0,15.67354761
103,4,0,1,0,0,13.88993758
1000,11,1,1,0,0,68.48942101
987,10,1,1,0,0,67.65194681
957,9,1,1,0,0,65.02614085
965,10,1,1,0,0,65.66543782
98,1,0,1,0,0,16.53649803
114,3,0,1,0,0,15.9168789
969,7,1,1,0,0,69.15000427
1000,12,1,1,0,1,68.26178614
98,2,0,1,0,1,17.03631851
102,2,0,1,0,1,17.95800663
982,9,1,0,0,1,70.80958723
91,4,0,1,0,0,14.49850151
1001,12,1,0,0,0,68.68478098
972,12,1,1,0,1,65.68551385
97,2,0,1,0,0,16.79386606
992,11,1,1,0,0,67.07500752
1017,14,1,1,1,1,70.4912278
102,3,0,0,0,0,17.34483046
1029,9,1,1,0,1,74.7940301
1027,12,1,1,0,1,70.11676184
1023,9,1,0,0,0,74.64457238
989,9,1,1,0,0,68.51633915
957,7,1,0,0,0,69.08431384
990,6,1,1,0,0,72.03966279
1018,13,1,0,0,1,71.11736238
984,11,1,1,0,0,67.01814803
995,9,1,1,1,1,73.14933807
97,1,0,1,0,1,17.83454678
969,9,1,1,1,0,69.69141993
977,10,1,1,0,0,67.26504137
1009,7,1,1,0,1,73.3905081
1014,9,1,1,0,0,70.86679856
108,2,0,0,0,1,18.78907332
105,3,0,1,0,0,14.17101246
1005,12,1,1,0,1,68.84326794
1019,7,1,0,0,1,77.60783418
973,10,1,0,0,0,68.19656145
990,14,1,1,0,0,64.06717751
1018,11,1,0,0,0,71.67995529
991,10,1,0,1,0,92.50558006
100,4,0,0,0,1,17.5682531
992,9,1,1,0,1,70.12378316
989,10,1,1,0,0,67.83038155
953,6,1,1,1,1,72.44354885
1024,9,1,1,1,1,77.1940916
1013,9,1,0,0,0,73.45348068
975,10,1,1,0,1,67.08590465
1019,11,1,1,0,0,69.96903054
1037,11,1,1,0,0,72.31267371
1023,11,1,0,0,0,73.1433882
1001,12,1,1,0,0,66.95928751
99,4,0,1,0,0,15.58833304
990,10,1,1,0,0,67.77011413
1040,9,1,1,0,0,74.06418634
93,6,0,1,0,0,13.61671732
1013,9,1,0,0,1,73.66682391
988,8,1,0,0,0,71.09887679
1011,12,1,0,0,0,70.35971845
1008,12,1,0,1,0,93.68775357
1021,11,1,0,0,1,74.02202026
976,10,1,1,0,0,66.07295229
988,13,1,1,0,1,65.98831048
1025,12,1,1,0,0,70.10898323
999,11,1,0,0,1,69.19014889
973,9,1,0,0,0,69.09416616
96,3,0,0,0,0,18.04196626
1020,9,1,1,0,0,72.04117965
979,7,1,1,0,0,70.66103225
996,8,1,0,0,0,72.26914284
105,2,0,0,0,1,18.93242641
1026,9,1,1,0,0,73.27037527
100,2,0,1,0,0,16.7697766
101,3,0,1,0,0,15.30200349
1000,8,1,0,0,0,72.98551133
101,4,0,1,0,1,16.01825525
969,11,1,0,0,0,66.78655396
105,4,0,1,0,0,14.53770616
981,8,1,1,0,1,70.70666568
103,2,0,1,0,1,17.20102201
99,1,0,1,1,0,20.37636589
948,7,1,0,0,0,69.25720476
95,3,0,1,0,0,15.09727107
110,2,0,1,0,1,17.45940729
107,1,0,1,0,0,17.60671794
102,3,0,1,0,0,16.02900361
1040,12,1,0,0,0,74.66431725
99,3,0,1,0,1,16.31630199
996,8,1,1,0,0,70.16810982
981,10,1,1,0,1,67.91066052
947,11,1,1,0,1,63.48937862
91,4,0,1,0,1,15.77872076
1013,12,1,1,0,0,68.60482448
996,12,1,1,1,0,70.19822057
993,8,1,0,0,1,72.58358493
110,4,0,1,0,0,14.39510448
96,3,0,1,0,0,15.41223864
986,10,1,0,0,1,70.39186103
999,10,1,0,0,1,71.9098541
991,5,1,1,0,0,73.83837903
1013,10,1,1,0,0,69.97493324
993,11,1,1,0,0,66.92217335
978,11,1,1,0,1,66.12007952
103,4,0,1,0,0,13.55507188
98,3,0,0,0,0,17.2653017
1000,11,1,1,0,0,67.99434971
105,4,0,1,0,0,15.29760333
94,4,0,0,0,1,17.6214666
105,4,0,1,0,1,15.15005008
1015,14,1,1,0,0,65.9465795
987,8,1,0,0,0,71.58196356
983,11,1,1,0,1,66.99673832
96,3,0,1,1,0,17.69521107
1019,10,1,1,0,0,70.40752815
980,8,1,1,0,0,68.79527722
995,11,1,0,0,1,70.68504384
1038,5,1,1,0,1,78.83036519
1010,7,1,0,0,0,75.2719464
1006,9,1,1,0,0,69.7695514
998,10,1,1,0,1,70.66507002
1028,8,1,1,0,0,74.82829622
1003,9,1,1,0,0,70.32352189
997,15,1,1,0,1,64.61690789
93,2,0,1,0,0,15.50207789
1007,11,1,0,0,0,71.15476084
993,6,1,1,0,0,71.81671871
97,4,0,1,0,0,13.91451167
1003,8,1,1,0,0,70.43412131
1016,11,1,0,1,1,96.09286477
967,11,1,0,0,0,66.37944477
976,13,1,0,0,0,65.12669121
971,10,1,1,0,0,65.96431932
96,3,0,0,0,1,18.26186753
1028,11,1,0,0,0,73.17103165
1015,9,1,1,0,0,71.8123478
1016,9,1,1,0,0,71.5117867
991,8,1,1,0,1,71.57580861
1012,7,1,1,0,0,72.59533773
996,11,1,1,0,1,67.86552058
995,10,1,1,0,0,67.90119041
965,12,1,0,0,0,65.0681142
996,12,1,0,0,1,70.16625525
996,13,1,1,0,0,65.32368163
108,4,0,1,0,1,15.74001773
1002,12,1,1,0,0,67.04974176
98,2,0,1,0,1,18.05504361
981,10,1,1,0,1,67.48676358
1009,12,1,0,0,0,70.05258189
99,2,0,1,0,1,17.86762585
109,4,0,1,0,1,15.61390875
1011,12,1,1,0,0,67.89573407
100,2,0,0,0,0,18.41559166
1013,9,1,0,0,0,72.58578941
964,6,1,1,1,0,71.77478221
976,9,1,1,0,0,66.93881631
101,3,0,1,0,0,15.92273778
997,8,1,1,0,0,70.52007469
968,11,1,1,0,0,65.51709646
988,10,1,1,1,1,72.10739157
1012,13,1,1,0,0,67.64246822
1009,7,1,1,0,1,74.07929004
984,9,1,1,0,0,68.53278401
87,4,0,0,0,0,16.50404292
103,3,0,1,0,0,15.15905926
1013,10,1,0,0,1,72.66549086
964,11,1,0,0,0,66.34261256
1081,11,1,1,0,0,77.17974004
986,8,1,1,0,1,71.30469433
1019,10,1,1,0,0,70.94297853
106,5,0,0,0,0,17.07398465
1010,12,1,1,0,1,69.42197279
94,2,0,1,0,0,16.900161
972,12,1,1,0,0,64.13503629
1003,10,1,1,0,1,70.80766267
1024,13,1,1,0,0,68.46872994
976,8,1,1,0,0,69.3437983
1011,14,1,1,1,1,70.32818639
991,10,1,1,0,0,68.36302333
990,13,1,1,1,1,68.74366979
975,10,1,0,0,1,69.12146922
1005,9,1,1,0,0,70.74139219
1038,9,1,1,1,1,78.3511019
1022,9,1,1,0,0,72.10153143
90,2,0,1,0,0,16.38456399
111,4,0,1,0,0,14.46206962
964,9,1,1,0,0,66.17414188
999,11,1,0,0,1,70.46053337
102,3,0,1,0,0,15.98348999
964,14,1,0,1,0,85.12921217
994,10,1,1,0,1,70.06405851
1005,8,1,1,0,0,71.03077804
103,2,0,1,0,0,16.44554517
991,10,1,1,0,0,68.41767948
102,2,0,1,0,0,17.5351861
101,3,0,1,0,0,16.06396073
1010,14,1,0,0,1,68.6526192
100,4,0,1,0,0,14.36645464
94,4,0,1,0,1,15.83528733
943,7,1,0,0,1,68.65682045
986,10,1,0,0,0,69.420613
978,10,1,1,0,0,66.93639326
1012,8,1,1,0,1,73.80398912
968,9,1,1,0,0,67.15312594
98,3,0,1,1,0,18.57791288
1009,11,1,0,0,0,70.97321774
106,5,0,1,1,0,17.07326103
99,4,0,0,0,0,16.99704071
980,8,1,0,0,0,69.55273396
99,2,0,1,0,1,17.64568172
100,2,0,1,1,0,19.3611482
1010,5,1,1,0,0,75.06954278
1024,11,1,1,0,0,69.8768489
95,5,0,1,0,1,13.61296017
98,4,0,1,1,1,18.60954026
102,1,0,0,0,0,19.66352042
1003,4,1,0,0,0,77.37863207
100,3,0,1,0,1,16.49555444
101,4,0,0,1,1,22.2023905
996,12,1,0,0,1,69.77191369
96,4,0,1,0,1,14.834477
106,3,0,1,0,0,15.9420251
977,11,1,0,0,0,68.41590282
101,3,0,0,0,1,18.80109227
1006,14,1,1,0,0,65.27753342
1004,13,1,1,0,0,66.56751811
99,4,0,1,0,0,15.10007488
104,2,0,1,0,0,17.29338939
93,3,0,1,1,1,18.8596769
983,10,1,1,0,1,68.9781102
104,4,0,0,0,0,16.72037163
992,8,1,0,0,0,72.50100017
1010,10,1,1,0,0,70.07345623
1031,5,1,1,1,0,79.91310218
999,13,1,1,0,0,66.41409868
108,1,0,0,0,0,19.60825861
967,11,1,1,0,0,65.12052645
1038,7,1,1,0,1,76.88169477
999,7,1,1,0,1,73.37734165
1008,10,1,0,0,1,73.94641479
106,5,0,1,0,0,13.42235061
106,4,0,1,0,1,16.32639129
1030,12,1,1,0,0,70.37971097
959,10,1,1,0,0,64.52207714
972,11,1,1,0,0,64.31467364
105,1,0,1,0,0,17.77122216
97,2,0,1,1,0,19.77950854
1004,11,1,0,0,0,70.73130142
100,3,0,1,0,1,17.07056615
1009,10,1,1,0,0,69.85560103
976,9,1,1,0,1,68.13449216
97,3,0,0,0,0,17.59759402
1034,10,1,1,0,0,71.70555528
968,11,1,1,1,1,68.25643108
100,2,0,1,0,0,16.92509216
1026,8,1,1,0,1,74.8064957
1007,9,1,0,0,0,73.18952837
1026,7,1,1,0,0,74.38570947
102,2,0,1,0,0,17.20066496
969,10,1,1,0,0,66.09139964
981,14,1,0,0,0,65.36577534
991,10,1,1,0,1,69.25129856
981,9,1,1,0,0,68.11423634
1015,10,1,1,0,0,71.17315628
999,8,1,0,0,1,74.02548564
96,3,0,1,0,0,15.85148909
99,2,0,0,0,0,18.34434499
98,3,0,1,0,0,14.96589142
1004,10,1,0,0,1,73.39453839
97,3,0,0,0,0,17.54980664
1031,13,1,1,0,0,69.79183428
1001,9,1,1,0,0,70.19580085
985,8,1,1,0,0,69.41173268
1024,11,1,1,0,1,72.13300885
991,6,1,1,0,1,72.38027002
988,11,1,0,1,1,92.3059556
1050,12,1,0,0,0,75.26493255
92,4,0,1,0,1,15.51038416
1002,11,1,1,0,0,68.16396288
109,4,0,1,0,0,14.50199629
106,2,0,0,0,1,19.03939332
997,7,1,1,1,0,74.61794564
969,8,1,0,0,1,70.32819704
1020,8,1,1,0,1,74.33701111
996,8,1,1,0,0,70.16217091
1003,11,1,1,0,1,69.3188562
109,2,0,1,0,0,16.45868365
1012,8,1,1,0,0,72.33289472
986,8,1,0,0,0,70.74901796
977,12,1,1,0,1,65.22689731
99,4,0,1,0,0,14.05535321
1008,8,1,1,0,0,72.36433582
1034,10,1,0,0,1,75.19282355
1023,10,1,1,0,0,71.76238015
989,8,1,0,0,0,71.95579732
997,12,1,1,0,0,66.67107082
98,3,0,0,0,1,18.63261373
101,3,0,1,0,1,16.66237098
1003,9,1,1,0,0,70.850097
92,2,0,0,1,0,23.49600336
991,10,1,1,0,0,67.6335819
980,8,1,1,0,1,70.11540701
1006,8,1,1,0,0,71.31673535
1000,12,1,1,0,1,67.86874395
990,12,1,1,0,1,66.2350782
1034,9,1,1,0,1,75.13381515
99,3,0,1,0,0,15.30757375
1042,12,1,0,0,0,72.84547591
987,10,1,1,0,0,67.63194959
968,7,1,0,0,0,70.17175088
1024,10,1,1,0,0,71.49705546
997,8,1,1,0,0,70.83411976
115,1,0,1,0,0,17.83334381
1041,13,1,0,0,0,72.47069188
1027,9,1,1,0,1,74.14006793
988,11,1,1,0,1,67.33395573
1009,11,1,1,0,1,70.10695926
959,11,1,1,0,0,63.08133058
1008,9,1,0,0,0,72.85562734
997,7,1,1,0,0,71.66630888
987,9,1,1,0,0,68.76948766
110,4,0,1,0,1,15.24634048
982,11,1,1,0,1,67.94515484
98,1,0,1,0,0,16.97905058
97,3,0,1,0,1,16.61128115
1023,11,1,1,0,0,70.64372286
1011,8,1,1,0,1,72.61321066
1002,11,1,0,0,0,70.57964116
1035,12,1,1,0,0,71.15517118
1020,10,1,1,0,1,72.1637376
986,8,1,1,1,0,72.47097113
999,10,1,1,0,0,68.83490254
1046,11,1,1,0,0,73.43919301
108,3,0,1,1,1,19.44804567
984,8,1,1,0,0,70.18093594
993,12,1,1,0,0,65.46815896
101,2,0,1,0,0,16.05375407
977,8,1,0,0,0,70.17106269
100,2,0,1,0,0,16.0362813
951,9,1,1,0,0,64.79423117
91,3,0,1,0,1,15.78134191
102,3,0,1,0,0,15.7974772
998,12,1,1,0,0,66.72883153
1021,8,1,1,0,1,73.9082039
1016,14,1,0,0,0,69.1932229
1004,10,1,0,0,0,71.96378819
993,8,1,1,0,0,70.06220352
1011,10,1,1,0,0,69.81273822
1035,10,1,1,0,1,74.14412047
1034,13,1,1,0,0,69.0250116
1003,11,1,1,0,1,69.5672062
983,12,1,1,0,1,66.6064183
101,3,0,0,0,0,16.43432981
1014,7,1,1,1,1,77.27140406
101,3,0,1,0,0,16.23473751
86,3,0,1,0,1,16.01008863
1024,9,1,0,0,1,75.19029105
1034,9,1,0,0,0,75.00264574
103,1,0,1,0,0,17.0434474
1019,12,1,1,0,0,69.11785143
978,9,1,0,1,0,91.37558788
105,2,0,0,0,1,20.81853096
104,3,0,1,0,0,16.69050342
100,3,0,0,0,0,17.86874363
964,7,1,1,0,0,67.56790611
1008,11,1,1,0,0,69.0124218
995,15,1,1,0,0,63.34367659
985,11,1,0,0,1,69.2430143
100,4,0,1,0,1,15.28542396
88,2,0,1,0,0,16.58691232
992,8,1,0,0,0,71.2746056
976,8,1,1,0,0,68.65695646
969,10,1,1,0,0,66.52047989
91,2,0,0,0,0,17.94695801
106,4,0,1,0,0,14.83632357
1008,8,1,1,0,0,72.22585563
994,8,1,1,0,0,69.40169958
101,3,0,1,1,0,19.67500734
995,12,1,1,0,0,66.47277019
106,4,0,0,0,0,17.07920526
999,12,1,1,0,1,68.59996252
1035,13,1,1,0,0,69.57334333
1001,9,1,1,0,0,68.80273669
1003,8,1,0,1,0,96.52312837
983,11,1,1,0,1,66.86136254
994,13,1,1,0,1,66.38165708
102,1,0,1,0,0,18.50550576
1003,9,1,1,0,0,70.40826079
1013,10,1,0,0,0,73.09989229
961,11,1,0,0,0,65.9245445
1008,7,1,1,0,0,71.78811474
100,1,0,1,0,0,17.34286221
1020,11,1,1,0,1,71.61609759
1014,9,1,1,0,0,71.71546591
984,13,1,1,0,1,65.14707457
98,3,0,1,0,0,15.77811454
979,9,1,0,0,0,70.35800534
1036,10,1,1,0,0,72.0929963
100,4,0,1,1,0,18.57847028
985,11,1,0,0,1,69.75679504
1042,10,1,1,0,0,73.08790144
993,9,1,1,0,0,69.14840833
983,10,1,1,0,0,67.27606451
1034,12,1,1,0,0,71.59710481
96,1,0,0,0,1,20.48707417
104,4,0,0,0,1,16.95326952
97,4,0,0,0,0,16.03938133
94,3,0,1,0,1,16.11167836
1001,9,1,1,0,0,70.85828144
98,4,0,1,0,0,13.21561412
1020,9,1,1,0,1,72.95744925
100,4,0,1,0,1,15.96896181
994,11,1,1,1,0,70.69923045
991,11,1,1,0,0,66.60853837
994,13,1,1,0,0,65.75362933
1009,11,1,0,1,0,93.54441151
103,2,0,1,0,0,15.47764655
101,3,0,0,0,1,18.01593448
111,2,0,1,1,0,20.01346647
96,3,0,0,0,0,18.50354984
98,3,0,1,0,0,14.76743628
964,12,1,1,0,0,63.45578486
106,0,0,1,0,0,18.80312879
105,4,0,1,0,1,15.97787041
96,3,0,0,0,1,17.85649821
974,10,1,0,0,0,67.36372746
986,11,1,1,0,0,66.96697632
1014,12,1,0,0,0,70.15824126
100,3,0,1,0,0,15.8012354
1009,8,1,1,0,0,71.62188453
1005,8,1,0,0,0,72.89320991
101,3,0,1,0,0,15.82767878
100,3,0,0,0,0,17.11744355
1002,13,1,1,0,0,66.13743213
101,1,0,1,0,1,19.37129673
996,8,1,1,0,1,71.17723646
983,9,1,1,0,1,68.35292411
989,7,1,0,0,1,72.8427102
977,9,1,1,0,0,67.30700827
101,2,0,0,0,0,18.23111219
997,9,1,1,0,1,71.26551623
974,13,1,1,0,0,63.11481838
1021,13,1,0,0,0,70.20039191
1015,9,1,1,0,0,71.61954262
98,4,0,1,0,0,14.57836455
1048,12,1,1,0,1,72.89523669
993,8,1,1,0,0,70.01713665
108,5,0,1,0,1,14.49844607
1031,10,1,1,0,0,72.93702671
1012,10,1,0,0,0,73.02283408
995,14,1,1,0,0,64.65424694
1007,9,1,0,0,0,72.58210087
100,4,0,1,0,1,16.0115903
945,6,1,1,0,1,67.98072009
982,10,1,1,0,0,66.9041861
987,10,1,1,0,0,67.10992723
102,4,0,1,0,0,15.47437219
969,12,1,0,0,0,65.20556468
1001,13,1,1,0,0,66.39261968
106,4,0,1,0,0,14.70006347
91,3,0,0,1,1,22.88234081
1001,11,1,1,0,1,69.02265692
987,12,1,0,0,1,69.24579744
92,2,0,0,0,0,18.41164193
97,3,0,1,0,0,15.09764615
966,9,1,1,0,0,66.38274208
970,9,1,0,0,1,69.51324907
102,3,0,1,0,0,15.54429992
1003,10,1,1,0,0,69.10163863
1005,10,1,1,0,0,69.46371151
1003,8,1,0,0,1,74.25058483
992,10,1,1,1,0,70.52980376
98,2,0,0,0,1,19.82394258
1007,8,1,1,0,0,72.61430793
983,10,1,1,0,0,67.29101475
1008,11,1,0,0,0,71.40120511
1028,12,1,1,0,0,70.05535322
995,9,1,1,0,0,70.15951871
1020,13,1,0,0,0,70.34353736
1056,11,1,1,0,0,74.77720292
1028,11,1,0,0,0,72.8705952
987,6,1,0,0,0,73.43140872
103,4,0,0,0,0,16.36821269
980,13,1,1,1,0,67.12410199
1026,10,1,1,0,0,71.86510471
998,9,1,1,0,0,68.84283773
964,8,1,1,0,0,67.3023005
1003,14,1,1,0,0,65.84280319
1002,12,1,1,0,1,68.29911034
1006,7,1,1,0,1,72.81200985
99,5,0,1,0,1,14.19356091
997,9,1,0,0,0,71.47117408
98,2,0,0,0,1,19.44515497
998,13,1,1,0,0,64.99481569
102,3,0,1,0,1,17.32069753
996,13,1,0,0,0,67.68944617
1010,10,1,1,0,0,70.61237875
1002,9,1,1,0,0,70.15304204
107,2,0,0,0,0,19.09672081
1004,14,1,1,0,0,65.35666678
1011,10,1,1,0,0,70.03718661
987,14,1,1,0,0,64.00764417
997,13,1,1,0,0,65.38743461
1009,14,1,1,0,0,66.34183048
1007,9,1,1,0,0,70.53011086
967,10,1,1,0,0,65.72111086
100,4,0,0,0,0,16.38477932
1003,9,1,1,0,0,69.5648464
999,9,1,1,0,0,68.90684615
968,7,1,1,0,1,69.3209936
1021,10,1,0,0,0,72.91040542
1026,11,1,1,0,1,71.20914853
1014,10,1,1,0,0,70.83003392
1006,10,1,1,0,0,69.20222594
92,2,0,1,0,1,17.75976051
993,13,1,1,0,0,65.77877191
981,13,1,1,0,1,65.47680651
1021,11,1,1,0,0,69.79563755
99,2,0,0,0,0,18.62529581
1003,11,1,1,0,0,67.84566202
1018,8,1,0,0,0,75.25043146
97,2,0,0,0,0,18.66824891
1030,7,1,1,0,0,75.91087527
1006,12,1,1,0,1,68.9452496
994,10,1,1,0,0,67.83739428
95,4,0,1,0,0,14.73597578
949,14,1,1,0,0,59.57034863
1013,10,1,1,0,0,70.18007505
975,7,1,0,0,0,71.06329023
961,8,1,1,0,1,67.18697658
106,3,0,0,0,0,16.98346751
1025,11,1,1,0,0,70.60069986
1011,10,1,1,0,1,71.13902416
1006,6,1,1,0,0,73.92671338
996,15,1,0,0,0,65.61771671
1021,9,1,1,0,0,71.6848753
973,11,1,1,0,1,65.9451577
987,7,1,1,0,0,70.68489925
1013,10,1,1,1,1,74.56917737
957,12,1,1,0,0,61.9223811
992,7,1,1,1,0,74.29321018
100,2,0,1,0,0,16.20971634
997,9,1,1,0,0,69.43626157
1003,11,1,1,0,1,69.15164793
1057,9,1,0,0,0,78.31764393
98,4,0,1,0,1,14.95972816
987,8,1,1,0,0,69.75808696
990,11,1,1,1,0,70.62091203
104,2,0,1,0,0,16.57244548
1010,14,1,1,1,0,69.8360295
997,11,1,1,0,0,68.58252426
1002,10,1,1,0,0,68.90797504
1023,12,1,1,0,1,70.21277275
1016,7,1,1,1,0,76.91417545
973,7,1,0,1,0,93.86439949
102,3,0,0,0,0,17.62083733
1016,16,1,1,0,1,65.23465258
983,10,1,0,0,0,69.94112365
1022,7,1,1,0,0,73.95670024
973,8,1,0,0,0,70.05184547
107,3,0,1,1,0,18.01697156
1012,10,1,1,0,0,70.86443721
981,8,1,0,0,0,70.28886152
996,12,1,1,0,1,67.42640254
96,3,0,0,0,0,16.63412835
98,3,0,1,0,1,17.26133893
109,3,0,1,1,0,18.55066818
101,2,0,0,0,0,18.08421999
975,9,1,0,0,0,68.69554551
970,12,1,1,0,0,63.96638777
1016,5,1,0,0,0,77.20102722
1027,11,1,1,0,0,71.46097203
97,4,0,1,0,1,15.39864049
1019,11,1,1,0,1,71.03217554
97,3,0,0,0,1,18.27117256
998,11,1,1,0,1,69.48969411
1020,11,1,1,0,0,70.47713971
94,4,0,1,0,1,15.47487062
999,9,1,1,1,1,74.23181558
1001,12,1,1,0,0,67.14197772
1003,7,1,0,0,1,75.14755326
995,9,1,1,1,0,72.31822291
104,3,0,1,1,0,18.31361679
110,2,0,0,0,0,18.63587617
102,3,0,1,0,1,17.36413345
1002,12,1,1,0,1,69.07283518
987,10,1,1,0,0,67.25855071
1013,9,1,1,0,0,71.03533344
1014,13,1,0,0,0,69.38115397
102,4,0,1,0,0,14.49069394
994,14,1,1,0,1,65.19636995
989,11,1,1,1,0,70.16049725
990,8,1,1,0,1,71.26497661
1051,11,1,1,0,1,74.20228876
989,8,1,0,1,0,94.11525524
1008,11,1,1,0,0,68.75261281
1002,10,1,1,0,1,69.8847035
101,4,0,0,0,0,16.48536094
1009,9,1,0,0,0,72.24530629
1020,10,1,1,0,0,70.84653048
1007,8,1,1,0,1,72.48032577
1004,8,1,1,0,1,72.36267447
983,11,1,1,0,0,65.76142199
1014,12,1,0,0,0,69.92518455
1024,5,1,1,0,0,76.36180928
994,10,1,1,0,0,68.44306648
103,3,0,0,0,0,18.09684208
1002,10,1,0,0,0,71.43052898
99,4,0,1,0,0,14.23222446
104,4,0,1,0,1,15.82994629
97,2,0,1,0,0,17.03671534
98,1,0,0,0,1,20.91321421
98,3,0,1,0,0,15.13539819
1005,9,1,1,0,1,71.22932366
1021,11,1,1,1,1,74.72981787
1030,10,1,1,0,0,72.68349172
103,3,0,1,0,0,15.43418791
1011,10,1,1,0,0,70.60348845
1009,7,1,1,1,1,76.49297086
1004,10,1,1,0,0,68.57106997
101,3,0,1,0,0,15.32897136
95,5,0,0,0,0,14.95851313
993,10,1,1,0,0,67.5707398
1021,9,1,1,0,0,72.70078466
984,12,1,1,0,0,64.92590371
95,3,0,0,0,0,17.26322559
967,11,1,0,0,0,66.33809281
93,3,0,1,0,0,15.65984292
101,4,0,0,0,0,16.22673191
104,2,0,1,0,0,16.6820518
1028,11,1,0,0,1,73.9997679
993,15,1,1,0,1,64.96183024
999,10,1,1,0,0,67.90624564
984,8,1,0,0,0,71.43081483
998,9,1,1,0,0,69.77755945
103,2,0,0,0,1,18.56675216
951,9,1,1,0,1,65.55279749
101,3,0,1,0,0,15.83441105
995,8,1,1,0,1,72.13715206
1017,12,1,1,0,0,69.28596059
1033,7,1,1,0,0,75.82989204
991,9,1,0,0,1,72.94079974
1015,10,1,1,0,1,71.06222642
1017,9,1,1,0,0,71.90687731
97,4,0,0,0,1,17.59485437
981,7,1,1,0,0,69.38216271
93,3,0,1,0,0,15.92145911
91,4,0,1,0,1,15.41885695
99,5,0,1,0,1,14.75724467
101,4,0,1,0,1,15.85596826
1013,8,1,1,0,0,71.8105775
1022,10,1,0,0,1,75.01214334
1003,11,1,0,0,0,70.52888939
967,14,1,1,0,1,62.29851734
102,3,0,1,0,0,16.28040366
1007,11,1,1,0,0,68.86640174
1003,14,1,1,0,0,65.77253806
114,2,0,1,0,1,17.3142641
1020,11,1,1,0,1,70.93279502
993,6,1,1,0,0,72.50116829
105,2,0,1,1,0,19.16513759
1018,11,1,1,1,0,73.83024933
1034,14,1,1,0,1,70.53816304
988,11,1,1,0,1,67.41465096
999,11,1,0,1,0,93.26874108
1019,7,1,1,0,0,74.99422861
101,3,0,0,0,1,18.53585683
1007,10,1,1,0,1,71.17315178
101,6,0,1,1,0,15.32121811
108,3,0,1,0,0,15.90779917
1016,12,1,0,0,1,70.60660456
105,5,0,1,1,1,17.87776307
1015,10,1,1,0,0,71.05280358
101,4,0,0,0,1,17.78646423
1033,12,1,1,1,0,73.83269412
980,7,1,0,0,0,72.57120969
1013,13,1,1,0,0,66.10857355
1004,8,1,1,0,1,72.05552317
995,10,1,1,0,0,69.02781992
970,11,1,0,0,0,66.30196825
104,4,0,1,0,1,14.11468279
991,12,1,1,0,0,65.96643425
111,4,0,1,0,0,14.35259619
99,3,0,0,0,0,16.82023063
1017,10,1,0,0,0,73.10580435
980,7,1,1,0,0,70.36196499
978,7,1,1,0,0,69.8325893
991,12,1,1,0,0,65.98412893
974,11,1,1,0,0,65.06869377
1019,10,1,1,0,0,71.85989409
972,11,1,1,0,0,65.42114976
985,10,1,1,0,0,67.58806803
983,9,1,0,0,1,71.69167724
94,3,0,1,0,1,16.99623683
101,2,0,1,0,0,16.32230095
109,3,0,0,0,1,18.8269983
999,9,1,1,0,1,70.49925326
99,2,0,1,0,0,17.04267586
987,9,1,0,0,1,71.13804917
94,3,0,0,0,0,17.02453141
978,14,1,1,0,1,62.954003
1056,13,1,1,0,1,74.0410928
963,9,1,1,0,0,65.81889905
101,3,0,1,0,0,15.00789204
1013,10,1,1,0,1,72.39643132
1005,6,1,1,0,0,73.48192968
1001,8,1,1,0,0,70.76786103
1034,12,1,1,1,0,73.61649433
998,13,1,1,0,0,66.40549481
1024,14,1,0,0,0,69.53498623
98,4,0,1,0,1,15.05753843
1028,12,1,1,0,0,71.10063627
1017,11,1,1,0,0,69.60716019
1007,13,1,1,0,1,68.00423752
99,3,0,1,0,0,15.41266699
1012,10,1,1,0,0,71.2590918
98,3,0,0,0,0,17.57950466
992,13,1,1,0,1,65.39846979
994,13,1,1,0,1,65.8740707
971,10,1,0,0,0,67.33202999
1030,8,1,1,0,0,74.97785533
100,3,0,1,0,1,16.23883435
988,10,1,0,0,0,68.79713196
992,11,1,0,0,1,70.65292152
998,11,1,1,0,0,68.32027879
959,9,1,1,0,0,65.83580924
100,3,0,0,0,0,16.69295164
99,3,0,1,0,0,14.37314921
993,8,1,1,0,1,70.54724953
960,11,1,1,0,0,63.01169491
109,2,0,1,0,1,17.34481255
1037,2,1,1,0,0,80.61433036
983,9,1,0,1,0,92.86368507
1040,8,1,1,0,1,76.24755993
96,3,0,1,0,1,16.58594847
939,10,1,0,0,0,64.58724949
967,11,1,1,0,1,65.41638294
998,8,1,1,0,1,72.03503958
97,2,0,1,0,0,16.08602059
105,4,0,1,0,0,14.23516088
1008,12,1,0,0,0,68.9211621
1008,10,1,1,0,0,70.56100519
100,2,0,0,0,1,20.94072962
103,2,0,1,0,1,18.32612641
970,14,1,1,0,0,62.50857137
1006,13,1,1,1,1,71.28965875
1038,5,1,1,0,0,78.72334257
101,4,0,1,0,0,14.40749467
1023,9,1,0,0,0,75.36999
1002,9,1,1,0,0,70.64124444
92,4,0,1,0,1,16.02693242
992,12,1,0,0,0,68.22206883
1010,12,1,0,0,0,68.76517318
986,10,1,1,1,0,70.82371302
102,4,0,1,0,0,14.57644944
996,11,1,1,0,0,68.31728549
105,3,0,1,0,0,16.5397214
105,2,0,1,0,0,17.58695243
971,8,1,1,0,0,68.63197246
1000,10,1,1,0,1,70.40465994
97,4,0,1,0,0,14.3772877
1030,8,1,1,0,1,75.11026305
1002,11,1,1,1,1,72.59530306
1001,8,1,1,0,0,70.32027565
985,10,1,1,0,0,67.57319907
99,2,0,1,0,0,16.14413505
95,3,0,1,0,1,16.02919716
87,4,0,1,0,0,14.40582414
1011,11,1,1,0,0,69.77722013
988,8,1,0,0,0,71.57405628
977,7,1,1,0,0,69.41390489
990,7,1,1,0,0,70.59622624
1008,10,1,1,0,1,71.12103335
971,12,1,0,0,1,65.7211966
1002,15,1,1,0,1,65.68391358
1007,10,1,1,0,1,70.58734525
1032,8,1,1,0,0,74.3405799
1002,7,1,0,0,0,74.40616007
1015,11,1,0,0,0,72.13388511
1008,11,1,1,0,0,69.23346641
981,12,1,0,1,0,89.3568955
993,9,1,1,1,1,73.12977904
1004,11,1,1,0,0,67.55056918
1036,11,1,1,0,1,72.08168837
106,4,0,1,1,0,18.00276538
1038,10,1,0,0,0,75.02209514
959,9,1,0,0,0,67.96921399
98,3,0,1,0,0,15.67726238
985,9,1,1,0,1,68.90459067
1026,8,1,1,0,1,75.60427092
1016,8,1,1,0,0,72.44619344
998,13,1,0,0,0,67.24928698
1019,9,1,1,0,1,72.88487452
1001,12,1,1,0,0,66.76125846
106,2,0,0,0,0,18.12106822
112,2,0,1,0,1,18.07527188
1015,7,1,1,0,1,74.63593974
1026,10,1,1,0,0,71.91147223
997,10,1,1,0,0,69.53617756
1010,11,1,1,0,1,70.27505699
979,14,1,0,0,0,65.07394928
981,11,1,1,0,0,66.51193007
1015,10,1,0,0,0,73.4415234
1012,11,1,1,0,1,70.83813052
994,10,1,1,0,0,67.6742418
106,2,0,0,0,0,19.19766212
986,12,1,1,0,0,64.83207598
105,4,0,1,0,1,15.93060844
100,4,0,0,0,0,15.29303134
106,3,0,1,0,1,16.66813841
998,10,1,1,0,1,70.97427898
1020,7,1,1,0,0,74.02794789
996,12,1,1,0,1,68.19808054
985,11,1,1,0,1,67.65519638
1015,11,1,1,1,1,73.37094743
1038,11,1,1,0,0,72.39758745
995,12,1,1,0,0,66.87362599
978,9,1,0,0,0,69.17941363
1066,7,1,0,0,1,82.23949493
98,3,0,1,1,1,19.36315473
1023,6,1,1,0,0,75.53610575
995,9,1,1,0,0,69.12761421
101,3,0,1,0,0,15.50679608
100,3,0,1,0,0,15.70790995
112,4,0,1,0,0,14.67979565
998,10,1,1,0,0,68.53306226
967,11,1,1,0,0,65.06747203
987,10,1,1,0,1,67.71370306
987,9,1,1,0,0,68.34770896
991,8,1,0,0,0,71.63796502
1023,9,1,1,0,0,72.94710047
1003,9,1,1,0,0,69.90940738
994,12,1,1,0,1,67.80539462
1011,7,1,1,0,1,74.1916299
999,9,1,1,0,0,70.21823188
999,12,1,0,0,0,68.92439487
988,14,1,1,0,0,64.24782665
994,11,1,1,0,0,67.1996315
108,3,0,1,0,0,16.34764413
988,13,1,1,0,0,65.27471321
102,2,0,1,0,1,16.85696904
982,11,1,0,0,1,68.77209426
971,9,1,1,0,0,67.03360555
106,3,0,0,0,0,18.60901509
967,11,1,1,1,0,66.88482533
1009,7,1,1,0,1,74.52192946
1021,11,1,1,0,1,71.18277602
983,10,1,1,0,0,67.28940079
1027,12,1,1,0,0,69.24184592
949,9,1,1,0,0,64.76785484
96,1,0,0,0,0,19.38496066
94,2,0,1,1,0,18.43761796
106,3,0,1,0,1,16.49346556
103,2,0,1,0,0,16.48033403
1012,13,1,1,0,0,67.64234858
102,4,0,1,0,0,14.55744139
980,11,1,1,0,1,66.18203801
982,8,1,1,0,1,69.94700564
963,11,1,0,0,0,65.594628
1059,10,1,1,0,0,75.58391237
983,9,1,1,1,0,71.04074778
1007,9,1,1,0,1,73.09162364
1010,11,1,0,0,0,71.07462781
1011,7,1,1,0,0,73.67737432
976,5,1,1,0,0,70.38485446
108,3,0,1,0,1,16.40456644
98,5,0,1,1,0,15.73582304
100,1,0,1,0,0,16.45800057
969,11,1,1,0,0,64.73351972
99,5,0,1,1,1,17.24032215
1011,10,1,1,0,0,70.66237127
984,10,1,0,1,0,91.66922116
1005,11,1,1,0,0,68.4633752
109,3,0,0,1,0,22.72623769
1005,8,1,0,0,0,73.93322602
995,11,1,1,0,0,67.93969401
96,4,0,1,0,1,15.55607722
1007,8,1,1,0,0,71.04367289
1035,14,1,1,0,0,68.76744828
996,9,1,1,0,0,69.18072933
962,8,1,0,0,0,69.49926952
1024,10,1,1,0,0,71.40412768
96,2,0,0,0,0,17.78537994
1006,7,1,1,0,0,72.43482723
995,9,1,0,0,0,70.76921641
958,11,1,1,0,0,63.15333165
1020,10,1,0,0,1,74.79850233
983,10,1,0,0,0,69.42191231
1016,9,1,1,0,0,72.47075202
100,3,0,1,0,1,16.14040782
99,3,0,0,0,0,17.9339324
996,11,1,0,0,0,69.23516431
1019,6,1,1,0,0,75.98278264
1012,9,1,1,0,1,72.20667928
97,2,0,0,0,1,19.59746369
103,2,0,1,0,1,17.01816398
103,2,0,0,0,0,18.07652286
978,15,1,1,0,0,60.95750159
99,3,0,1,0,0,15.67410098
96,0,0,1,0,0,18.37021691
991,8,1,1,0,0,69.13686809
999,7,1,1,1,1,75.68042656
973,10,1,1,0,0,66.22453675
101,5,0,0,0,0,15.08661754
999,6,1,0,0,0,74.38103966
1009,11,1,1,0,0,69.39720209
1010,10,1,1,0,1,70.63327794
1031,12,1,1,0,0,70.65733063
98,4,0,1,0,0,14.25125243
1008,8,1,1,0,0,71.97471321
975,11,1,1,0,1,67.58691902
988,9,1,1,0,0,68.63797962
972,11,1,1,0,0,64.92673023
1011,12,1,1,0,1,69.33133886
968,11,1,1,0,0,64.57158269
106,2,0,1,0,0,16.14420712
1001,11,1,1,0,1,69.28984506
982,8,1,1,0,0,69.69537964
1005,8,1,0,0,0,73.93187733
1000,7,1,0,0,1,75.47935464
97,3,0,1,0,0,16.15662714
1016,12,1,1,0,0,69.2135516
989,11,1,1,0,1,68.20628676
1024,12,1,1,0,0,69.52438783
98,3,0,0,0,0,17.02432459
996,12,1,1,0,1,66.86389418
1019,13,1,1,0,0,67.52613741
960,7,1,1,0,1,67.96338146
992,6,1,1,1,0,75.25951943
969,11,1,1,1,1,67.87633956
976,9,1,1,0,1,68.87530061
960,7,1,1,0,0,67.93920183
1002,8,1,0,0,1,74.75385567
976,8,1,0,0,0,70.26381481
98,2,0,0,0,0,17.93798412
996,10,1,1,0,0,68.7993405
977,8,1,1,0,1,69.4172576
986,11,1,1,0,1,68.09698745
92,3,0,0,0,0,17.59228971
1014,10,1,0,0,0,73.76476359
960,12,1,1,0,0,62.40102101
989,11,1,1,0,0,67.02933668
946,6,1,1,0,0,67.0104199
1025,9,1,1,0,1,73.6580715
981,9,1,1,0,1,68.47254806
1047,12,1,0,0,1,75.65620857
995,7,1,0,0,0,74.3339095
94,3,0,1,0,0,15.50283962
995,9,1,1,1,1,73.4106791
113,3,0,1,0,1,16.14130317
96,4,0,1,0,1,16.05017788
103,5,0,0,0,0,15.06385516
983,13,1,1,0,1,65.27471441
100,1,0,1,0,0,17.41132033
1005,11,1,1,0,0,68.98300708
1020,10,1,1,0,0,71.46120626
103,3,0,1,1,0,18.97278564
1022,12,1,0,0,0,70.48448035
986,12,1,1,0,0,66.11682446
1033,7,1,1,0,0,75.36722065
981,10,1,1,0,0,66.82654946
1003,13,1,1,0,0,66.53776348
930,9,1,1,0,1,63.21167162
986,8,1,0,0,1,73.38962308
977,9,1,0,1,1,93.17511157
106,4,0,1,0,0,14.377858
1000,9,1,1,0,0,69.16563724
1025,7,1,1,0,1,75.89515489
980,10,1,0,0,1,69.84051196
116,4,0,1,0,0,14.95775798
1043,12,1,1,0,0,72.37988729
99,1,0,0,0,1,19.74064642
987,11,1,1,1,1,71.06102392
96,3,0,0,0,0,16.88182783
993,9,1,1,0,1,70.03142834
1004,12,1,0,0,1,70.49288071
1000,6,1,1,0,0,72.45627382
996,7,1,0,0,0,74.80415046
987,10,1,1,0,1,68.94996538
1003,11,1,1,0,0,68.71476721
1007,5,1,1,0,0,74.49137888
106,5,0,1,0,1,14.52677548
997,10,1,0,0,0,70.73561496
956,11,1,0,0,0,65.49553072
956,13,1,1,0,1,62.00907413
997,10,1,1,0,0,68.88489906
1036,10,1,1,0,0,72.88554166
1017,10,1,0,0,0,72.26023036
1038,11,1,1,0,1,73.88843978
1010,11,1,1,0,0,68.16675523
108,2,0,1,0,0,16.55005312
97,2,0,1,0,0,16.39543396
994,9,1,1,0,0,70.18389856
980,11,1,0,0,0,67.68409785
1047,9,1,1,0,0,76.18514849
992,9,1,1,0,0,69.56441327
1011,7,1,0,0,0,75.54234787
98,4,0,0,0,0,16.31466356
1005,13,1,1,0,1,66.63843452
984,9,1,1,0,1,69.71024317
1035,10,1,0,1,1,99.58476076
93,4,0,0,0,0,16.34113801
961,11,1,1,0,0,63.96993605
984,11,1,1,0,1,68.40792511
997,8,1,1,0,1,72.18383822
988,12,1,1,1,1,69.45965467
991,10,1,0,0,1,71.27545594
978,8,1,1,1,1,73.11514354
103,2,0,1,0,1,18.24162647
1034,8,1,1,0,0,74.0109047
1016,10,1,1,1,1,75.76177967
105,4,0,0,0,0,15.93356588
93,4,0,1,0,0,14.25995733
1017,14,1,1,0,0,66.25962046
97,3,0,0,0,0,18.0093193
103,3,0,0,0,0,18.17170466
991,12,1,1,0,0,66.55469682
1000,8,1,1,0,1,71.97809315
100,4,0,1,0,1,15.4833856
106,2,0,1,0,1,17.54881938
995,9,1,1,1,1,72.34853708
1029,12,1,0,0,1,73.14091518
995,10,1,0,0,1,71.56480311
986,12,1,1,0,0,65.32345484
943,12,1,0,0,0,63.22412787
1012,10,1,0,1,1,95.98180895
102,4,0,1,0,0,14.64145143
106,4,0,1,0,0,13.76781798
1009,7,1,1,0,1,74.24635359
107,2,0,1,0,0,16.2782338
992,8,1,1,0,0,70.31928735
92,4,0,1,0,0,13.93551258
997,10,1,1,0,0,69.46888444
964,9,1,1,0,0,65.89735569
105,4,0,1,0,0,14.83738214
977,12,1,1,0,0,65.01658315
1001,8,1,1,0,0,70.69041723
996,11,1,1,0,1,68.52692491
103,3,0,1,0,0,15.51862873
1010,10,1,1,0,0,70.56477579
96,5,0,1,0,0,12.87800613
1013,13,1,1,0,0,67.15065254
111,3,0,1,0,0,15.28322921
985,12,1,1,0,0,65.7200294
996,10,1,1,0,0,69.57098392
988,9,1,1,0,0,68.92206602
984,11,1,0,0,1,68.64670725
99,3,0,1,0,0,16.30177654
102,4,0,0,0,0,17.34293147
995,12,1,1,0,0,66.66957235
101,3,0,1,0,0,15.60507784
980,10,1,1,0,1,67.1118698
1027,8,1,1,0,0,75.21404157
996,11,1,1,0,0,68.16059156
106,3,0,1,0,0,15.66636072
1008,10,1,0,0,0,71.61772323
1011,7,1,1,0,1,74.00490571
1047,10,1,0,0,0,76.67702988
100,4,0,1,0,1,15.94906452
96,4,0,1,0,0,14.89664795
106,3,0,1,0,0,14.91721924
103,2,0,1,0,0,16.58829818
1002,10,1,1,1,0,72.4260836
102,4,0,0,0,1,18.13457128
105,3,0,1,1,0,18.41838993
1028,9,1,0,0,0,75.12751446
1005,8,1,1,1,0,74.40877116
98,4,0,1,0,1,14.9621468
989,11,1,0,0,1,70.23327782
1003,12,1,1,0,0,67.68777117
1003,10,1,0,0,0,72.17063799
101,2,0,0,0,0,18.15634328
94,3,0,1,0,1,16.37899026
990,12,1,1,0,1,67.06769413
987,11,1,1,0,1,67.61219965
993,14,1,0,0,0,66.34655383
1014,12,1,1,0,0,67.80740566
1001,8,1,1,0,0,69.83870242
102,4,0,1,1,0,17.87046539
98,3,0,1,0,0,14.45055943
1010,10,1,0,0,0,72.61024424
992,11,1,0,0,1,70.00960665
968,8,1,0,0,1,69.63985314
108,4,0,1,0,0,15.36076522
1003,13,1,1,1,0,69.29967615
1009,9,1,1,0,0,70.96583406
1005,15,1,1,0,1,66.20980748
1004,10,1,1,0,0,69.34693822
996,10,1,0,0,0,70.86941865
103,3,0,1,0,0,15.73901959
985,9,1,1,0,0,67.60642856
1002,10,1,1,0,0,69.42352175
1011,7,1,1,0,1,74.39853975
105,4,0,1,0,0,14.91753736
1007,11,1,1,0,1,69.5255331
84,3,0,0,0,0,16.7635622
984,12,1,1,0,0,65.39077752
981,12,1,1,0,0,65.55012722
94,2,0,1,0,1,17.50123678
95,3,0,1,0,0,15.58660157
92,3,0,1,0,0,16.0176257
1001,11,1,0,0,1,71.92192764
107,2,0,1,0,0,17.06660762
91,3,0,0,0,0,17.11118204
996,13,1,1,0,0,65.99091299
1043,6,1,1,0,0,78.26429636
991,7,1,1,0,0,70.50596851
981,6,1,0,0,0,73.6261019
101,3,0,1,0,0,15.1551095
98,4,0,1,0,0,13.95923835
105,4,0,0,0,0,16.53350167
97,2,0,1,0,0,16.02378103
98,2,0,1,0,0,15.63145176
969,10,1,1,0,0,65.46506535
94,2,0,1,0,0,16.00177625
109,1,0,0,0,1,20.95769082
982,7,1,1,0,1,71.61127921
971,10,1,1,0,0,65.18466312
109,2,0,1,0,1,16.7802829
977,9,1,1,0,0,67.81826734
97,4,0,1,0,1,15.45391437
958,7,1,1,0,0,67.50133651
1022,10,1,1,0,1,72.26579321
984,11,1,1,0,0,66.06869692
985,7,1,0,0,0,73.27606914
93,3,0,1,0,0,15.45791425
104,2,0,1,1,1,20.26065636
1016,7,1,1,0,0,73.66090956
994,10,1,1,0,0,67.47473859
997,11,1,1,0,0,68.54189949
987,5,1,1,0,0,72.62755434
978,9,1,1,0,0,67.46437236
1000,10,1,1,0,0,69.51862287
1038,7,1,0,1,0,101.8894445
974,11,1,0,0,1,68.77425497
982,9,1,0,0,0,70.14846045
1017,8,1,1,0,1,74.963742
981,12,1,0,0,0,67.80175058
1009,12,1,1,0,0,67.94200912
98,4,0,1,0,0,15.30658494
1023,9,1,0,0,0,74.64366256
110,2,0,0,0,0,19.69786475
996,9,1,0,0,0,71.37258411
1006,9,1,1,0,1,71.06887758
104,4,0,1,0,0,15.35752602
101,2,0,1,0,0,16.19450933
988,13,1,0,0,0,66.99319849
984,11,1,1,0,1,67.87947235
101,4,0,1,0,0,14.57136332
1003,10,1,1,0,1,70.49888364
990,10,1,1,0,1,69.09462942
105,3,0,1,1,1,20.05974753
971,13,1,0,0,0,64.99562739
1009,9,1,1,0,1,71.72883284
108,2,0,1,0,1,17.51278928
997,10,1,0,1,0,93.29678357
96,4,0,1,0,0,13.92767369
985,10,1,1,0,0,67.04794914
99,5,0,1,0,0,13.39515561
1005,9,1,1,0,0,70.65801696
996,9,1,1,0,0,69.61625098
993,12,1,0,0,0,68.47051748
941,10,1,1,0,0,62.39360861
1029,12,1,1,0,0,70.65705982
970,7,1,1,0,0,69.03589532
978,10,1,0,0,1,69.99534147
976,9,1,1,0,1,68.52382765
111,3,0,0,0,0,17.4339959
104,3,0,1,0,1,17.1219735
1008,9,1,1,0,0,70.50405378
1015,10,1,1,0,0,71.00080101
91,3,0,1,0,0,14.74523282
100,2,0,1,0,0,15.95867653
108,2,0,1,0,1,18.02006553
1006,11,1,1,0,0,69.49139883
996,10,1,0,0,1,71.41071909
1039,10,1,0,1,0,99.67495528
1026,9,1,1,0,0,73.72518836
993,11,1,1,0,0,66.92938694
988,10,1,1,0,1,68.82722197
959,11,1,1,0,0,63.20711104
995,8,1,0,0,0,72.07936961
980,9,1,1,0,1,68.71303408
1027,10,1,0,0,0,74.10651822
1012,9,1,1,0,0,71.15157199
969,8,1,1,0,0,68.22227171
103,3,0,1,0,1,16.06417828
101,2,0,1,0,0,15.64152641
104,2,0,0,0,1,18.54824583
974,8,1,1,0,1,69.1368313
101,5,0,1,0,0,14.07280644
980,11,1,0,0,1,68.93343208
98,4,0,1,0,0,14.46014098
1022,11,1,1,0,0,70.79281167
108,3,0,1,0,0,15.73604908
103,2,0,0,0,0,17.91914703
1012,12,1,1,0,0,67.76349737
89,3,0,0,0,0,18.02456458
993,12,1,0,1,0,90.80655119
97,2,0,0,0,0,17.47861123
986,10,1,0,1,0,92.53738336
985,4,1,1,0,0,73.07032137
992,7,1,0,0,0,73.46142889
1020,9,1,1,0,0,72.53299502
961,13,1,1,0,0,61.69567014
971,8,1,1,0,0,67.68665996
1023,8,1,1,0,0,73.18727074
991,9,1,1,0,0,69.21498909
987,10,1,1,0,0,67.52823096
108,3,0,1,0,0,15.58467773
1027,11,1,1,1,0,73.73697993
1018,13,1,0,0,1,71.03011456
1011,9,1,1,0,0,70.6613263
1029,8,1,1,0,1,75.03736124
968,14,1,1,0,0,61.06005047
1013,9,1,1,0,0,71.41713482
99,2,0,1,0,0,16.57391251
103,2,0,1,1,0,19.84102947
1029,12,1,1,0,0,70.77021794
96,3,0,0,0,0,17.72259589
1006,8,1,1,0,0,72.34913046
1037,10,1,0,0,0,74.34532825
995,13,1,0,0,0,67.85965878
93,3,0,1,0,0,14.64355581
1009,10,1,1,1,0,72.80137977
982,13,1,0,1,0,87.88103482
1000,10,1,0,0,0,70.72970638
962,7,1,1,0,0,67.92324354
1049,8,1,1,0,1,77.6781642
1001,7,1,1,0,1,72.63144322
100,3,0,0,0,0,17.45004087
1004,9,1,1,0,0,71.34498136
1017,9,1,1,0,0,71.57360624
98,2,0,1,0,0,16.70344159
109,3,0,1,0,0,15.5178541
1057,9,1,1,0,0,76.12725023
961,7,1,1,0,0,67.88457232
1011,7,1,1,0,0,73.69622824
956,13,1,0,1,0,84.46252329
1014,10,1,0,0,0,73.1495207
970,6,1,1,0,0,70.628988
101,3,0,0,0,0,17.58684896
102,2,0,1,0,0,16.79852085
1004,8,1,1,0,0,71.7071892
101,3,0,1,0,0,15.57195316
101,4,0,1,0,0,14.57919081
1024,7,1,0,0,0,76.36348232
103,3,0,0,0,0,18.14379095
104,3,0,1,0,1,16.48778305
111,4,0,1,0,0,14.69403867
101,4,0,1,0,0,14.72386608
992,9,1,1,0,1,70.6597553
963,10,1,1,0,1,65.74570261
98,4,0,0,0,0,17.15835537
1033,7,1,1,0,0,76.74463025
95,2,0,1,0,0,16.65029338
996,11,1,1,0,0,66.86262851
1018,10,1,1,1,0,73.8717021
982,12,1,1,0,0,65.58642035
107,1,0,0,0,0,19.51221184
995,11,1,0,0,1,70.12365982
980,12,1,0,0,1,68.08556943
986,6,1,1,0,1,73.11680259
1023,11,1,1,0,0,70.19728536
1002,16,1,1,0,0,62.1091576
91,2,0,1,0,0,16.59613166
994,11,1,1,0,0,67.56185634
103,3,0,1,1,1,20.02315511
994,10,1,0,0,0,70.34989092
99,4,0,1,0,0,14.89399356
973,10,1,1,1,1,69.6387931
1034,13,1,1,0,0,70.45344495
97,3,0,1,0,0,15.82286451
96,5,0,1,0,1,15.24111603
1020,10,1,0,0,0,73.35634909
992,10,1,0,0,0,69.82932641
96,2,0,1,0,0,16.68498618
976,12,1,1,0,0,64.69528488
975,7,1,1,0,1,70.248908
984,12,1,0,0,0,65.74940127
1004,9,1,0,0,0,71.68734486
987,8,1,1,0,0,69.96848964
95,4,0,0,0,0,16.63119727
972,10,1,1,0,1,67.55493294
985,10,1,0,0,1,71.67366827
100,2,0,1,0,1,17.46018421
1005,9,1,1,0,0,71.43909042
97,4,0,1,0,1,16.43315326
1022,12,1,1,0,0,69.42426128
98,2,0,0,0,0,18.74030962
949,12,1,1,1,0,64.59214364
94,4,0,0,0,0,15.82404445
981,12,1,1,0,0,64.83690782
1007,15,1,0,0,0,67.51376643
988,9,1,0,0,0,70.17837165
948,11,1,0,0,0,64.88015848
1002,9,1,1,0,0,70.51441237
973,8,1,0,1,0,92.63471868
1027,9,1,1,0,1,73.38190851
996,8,1,1,0,1,70.69711153
953,12,1,1,0,0,61.34493407
99,4,0,1,0,0,15.56794091
984,6,1,1,0,1,72.54752943
1018,12,1,1,0,1,70.04625997
1025,8,1,1,0,1,75.06672174
986,10,1,0,0,0,69.64689576
976,12,1,1,0,1,65.59909241
1003,14,1,1,0,1,66.94556238
998,13,1,0,0,0,68.26192641
1008,8,1,0,1,1,97.36065978
1025,9,1,1,0,1,73.58214206
99,4,0,0,0,0,15.96291833
986,10,1,1,0,0,67.44897469
974,9,1,1,0,0,66.60093772
97,4,0,0,1,1,22.35947456
106,3,0,1,0,1,16.95381407
107,4,0,0,0,0,16.17629893
1042,13,1,0,0,0,72.17767603
1024,10,1,1,0,0,71.92288721
99,2,0,1,0,0,16.68786284
1024,10,1,1,0,1,73.19360328
991,11,1,1,0,0,66.79985071
95,4,0,1,0,1,15.43101859
994,9,1,1,0,0,69.31785803
95,2,0,0,0,1,18.46497682
102,5,0,0,0,0,15.37386557
982,7,1,1,0,1,70.63820486
94,3,0,1,1,0,18.00825897
1009,8,1,1,0,0,71.65072184
994,13,1,1,0,1,65.95434362
984,6,1,1,1,0,74.22796014
95,2,0,1,0,1,17.64783282
1047,10,1,1,0,0,73.87411492
985,9,1,0,0,0,69.85853576
1003,11,1,1,0,0,68.19661396
993,11,1,0,0,0,69.20928526
95,3,0,1,0,0,15.62638286
101,5,0,1,0,0,14.0956452
990,11,1,0,0,0,69.01140556
104,3,0,0,0,0,17.15109177
992,8,1,0,0,1,73.43496818
1014,11,1,1,0,0,70.24204064
93,4,0,1,0,0,14.36118272
96,2,0,0,0,1,19.93338549
987,12,1,1,1,0,68.52504429
106,3,0,1,0,0,15.81515068
95,3,0,1,0,0,15.19315624
987,11,1,1,0,1,67.25022181
1032,8,1,1,0,0,74.16720585
996,10,1,0,0,0,69.65792042
988,11,1,0,0,0,68.84633827
1008,8,1,1,0,0,72.44306214
1021,10,1,1,0,0,71.50870788
104,2,0,1,0,0,16.36687424
954,7,1,1,0,0,66.72765315
90,4,0,1,0,1,15.51784314
1007,15,1,1,0,1,65.51473397
970,14,1,0,0,0,63.41595353
1002,7,1,1,1,0,74.6733091
990,10,1,0,0,1,70.87069306
112,1,0,1,0,1,19.39932963
1010,9,1,1,0,0,70.95563345
997,11,1,1,0,0,67.79214621
976,9,1,1,0,0,67.83646053
972,12,1,1,0,1,65.02014658
102,3,0,1,0,0,15.16021917
118,4,0,0,0,0,17.40198065
972,6,1,1,0,0,69.54126979
990,9,1,1,0,1,70.65418783
1023,12,1,0,0,0,71.30616754
975,10,1,1,0,0,66.58929974
103,3,0,1,0,0,15.23103312
979,13,1,1,0,0,63.65080887
971,12,1,0,0,0,65.22327447
98,3,0,1,1,1,19.8304604
1019,11,1,1,0,0,69.89640946
1010,8,1,1,0,0,71.32672617
104,3,0,1,1,0,18.29774182
968,6,1,0,0,0,71.45614638
1042,11,1,1,0,1,74.56593955
995,9,1,1,0,1,71.19820275
101,3,0,0,0,1,18.45668728
1002,12,1,1,0,0,66.89790621
986,12,1,1,0,1,67.03853564
1025,8,1,1,1,0,77.974457
1010,10,1,1,0,0,70.07867577
984,9,1,1,0,0,68.61460893
91,3,0,1,0,0,15.22617774
1007,10,1,1,0,1,70.539192
985,9,1,1,0,1,69.27445144
1018,11,1,1,0,0,69.70029504
106,3,0,1,0,0,15.7650996
982,10,1,1,1,1,70.93490316
107,2,0,1,0,1,17.42850238
975,7,1,0,0,0,71.02598806
998,14,1,1,0,0,65.43208728
102,2,0,0,0,1,19.8526809
1021,7,1,1,0,1,76.10271691
984,8,1,1,0,0,69.30894047
995,10,1,1,0,1,69.65088835
97,4,0,1,0,1,15.56164531
1004,8,1,1,0,0,70.94145418
1001,10,1,0,0,1,72.17846524
1005,8,1,1,0,0,71.4573446
1013,13,1,1,0,1,67.78756759
996,8,1,1,0,1,70.26511115
99,4,0,1,0,0,13.61744013
107,3,0,1,0,0,15.35207145
1011,12,1,1,0,1,68.97893746
102,2,0,1,0,0,16.08635891
1018,10,1,1,0,0,70.34903901
991,8,1,1,0,1,71.52811684
105,4,0,0,1,0,22.38502021
955,10,1,0,1,1,89.51045658
989,7,1,1,0,0,70.11975201
106,3,0,1,1,0,18.68226529
1005,11,1,0,0,0,71.34391774
105,2,0,1,0,1,18.10829234
992,10,1,0,0,0,70.01771388
979,7,1,1,0,0,69.56723948
985,11,1,1,0,1,66.72660785
988,14,1,1,0,0,64.56691148
1006,8,1,1,0,0,71.64994981
1020,7,1,1,0,0,73.83446309
1010,9,1,1,0,0,70.3470834
977,6,1,1,0,0,70.4435489
984,8,1,1,1,0,72.52168702
1005,9,1,1,0,0,70.59465148
982,10,1,1,0,0,67.01199176
95,2,0,1,0,0,17.02494218
102,3,0,1,0,1,16.94325147
979,10,1,1,0,0,67.48860508
86,4,0,1,1,0,17.03782939
1020,12,1,0,1,0,94.00670538
977,15,1,0,0,0,64.12048566
970,12,1,0,0,0,65.84078006
97,4,0,1,0,0,14.15123581
1001,5,1,1,0,0,74.17001513
1028,9,1,1,0,0,72.81791942
967,10,1,0,0,1,67.69628869
94,5,0,1,0,1,13.39253419
975,10,1,1,0,0,65.71610295
1014,10,1,1,0,0,71.10086587
100,4,0,1,0,0,14.37029942
984,9,1,1,0,0,67.50550837
993,9,1,1,0,0,69.40234868
100,2,0,1,0,1,18.28150665
985,9,1,1,0,0,68.26907409
996,13,1,1,0,0,65.3164054
108,2,0,1,0,1,17.62320533
1023,14,1,1,0,0,67.56073973
937,12,1,1,0,0,59.92082144
998,12,1,1,1,1,71.2223128
979,9,1,1,0,0,67.88900398
1010,12,1,0,0,0,70.16951835
105,2,0,1,0,1,17.7819151
104,2,0,1,0,1,16.93868973
98,4,0,0,0,0,17.59315885
994,9,1,1,0,1,70.31719449
999,8,1,1,1,0,73.46962254
1004,10,1,1,0,0,69.45995786
986,11,1,0,0,0,68.36238941
944,10,1,0,0,1,66.02865203
96,2,0,1,0,0,16.3376976
98,4,0,1,0,1,15.4231488
99,2,0,0,0,1,18.70602329
1012,10,1,1,0,0,70.52841083
102,2,0,0,0,0,18.17901582
1021,7,1,0,0,1,77.17490739
991,8,1,0,0,1,72.79213921
1008,10,1,1,1,0,73.70691456
958,9,1,1,0,0,64.5296915
1012,9,1,1,0,0,71.48915015
948,13,1,1,0,1,61.63830593
105,4,0,1,0,0,14.81943175
1010,8,1,0,1,1,97.92989232
1008,9,1,1,0,0,70.57077741
994,10,1,1,0,0,69.14971055
997,9,1,1,0,1,70.46892079
995,10,1,1,0,1,68.89888311
974,7,1,1,0,0,69.09044137
1019,12,1,1,0,1,69.64150274
1027,9,1,1,0,1,73.85635632
989,7,1,1,0,0,71.66039779
997,12,1,1,0,0,66.43481239
96,3,0,1,0,1,15.99392505
110,3,0,0,0,0,17.42533297
100,4,0,1,0,1,16.06686953
99,3,0,1,1,0,17.93636146
999,8,1,1,0,1,72.49631935
1012,10,1,1,0,0,71.19997475
1004,11,1,1,0,0,68.49033443
997,9,1,0,0,1,72.53788994
985,9,1,1,0,0,68.38420866
103,2,0,1,0,0,16.61712762
1008,8,1,0,0,0,74.79699731
1041,11,1,0,0,1,75.42342307
980,14,1,1,1,1,66.59024988
98,3,0,1,0,1,17.01969148
997,11,1,1,0,0,67.70804486
101,2,0,1,0,0,15.45866568
1004,11,1,1,0,1,68.97645889
996,13,1,1,0,0,65.3887957
993,8,1,0,0,1,72.8244005
994,7,1,1,0,0,71.11739755
1017,11,1,1,0,0,70.23560104
972,6,1,1,0,0,69.25254144
989,9,1,1,0,0,68.36251895
97,3,0,1,0,0,15.65766186
1016,6,1,1,0,0,75.39986251
989,12,1,1,0,0,66.0881991
101,4,0,1,0,0,14.69689281
991,14,1,1,0,0,63.93947109
997,9,1,0,0,0,71.62072588
90,3,0,1,0,0,15.76462316
95,3,0,1,0,1,16.49338194
993,11,1,1,0,0,67.38769118
96,5,0,1,0,0,13.45704227
99,2,0,0,0,0,18.24844271
96,6,0,0,0,0,13.99488393
997,7,1,0,0,1,75.10190661
996,14,1,1,0,0,64.11745593
983,9,1,1,0,0,67.97763123
1027,10,1,0,0,0,74.0127207
98,2,0,0,0,0,18.65487554
1023,8,1,0,0,0,74.81100657
988,11,1,0,0,1,69.18267792
973,9,1,0,0,0,69.44626254
1025,8,1,1,0,0,73.61900709
987,10,1,1,0,0,67.22260719
992,10,1,1,0,0,68.40610008
1008,8,1,0,0,0,72.77523457
90,4,0,1,0,0,14.3209226
977,12,1,1,0,0,63.40096332
92,3,0,1,0,0,14.889343
103,3,0,1,0,0,15.78354384
1000,6,1,1,0,0,72.34172487
981,10,1,1,0,0,66.43297127
996,3,1,1,0,0,75.66706117
1022,13,1,1,0,0,69.11602427
1021,13,1,0,0,0,69.3145479
1025,13,1,1,0,0,68.44158827
102,4,0,1,0,0,14.85900992
105,2,0,1,1,0,19.47337037
1027,7,1,0,0,0,77.43987461
972,9,1,0,0,0,69.04000749
94,4,0,0,0,0,15.45749346
979,12,1,0,0,1,67.11560331
984,11,1,1,0,0,66.54826812
1002,10,1,1,0,0,71.01489943
106,4,0,0,0,1,17.94101902
997,9,1,0,1,0,95.13560473
1026,7,1,1,0,0,74.9894752
1002,11,1,0,1,1,94.34147675
104,4,0,1,0,1,15.67124621
990,9,1,0,0,1,70.76429751
98,5,0,1,0,1,14.49419547
103,3,0,1,0,1,16.75512072
990,11,1,0,0,1,69.63803555
983,11,1,1,1,1,70.65893405
89,3,0,1,0,1,16.66519653
97,5,0,1,0,0,13.87759513
97,2,0,1,0,0,16.89145053
92,2,0,0,1,1,23.53728094
1019,11,1,0,1,0,96.19182742
104,3,0,0,1,0,22.22409463
111,3,0,1,0,0,15.05514938
103,2,0,1,0,0,16.85314446
994,7,1,1,1,0,74.2722422
107,5,0,1,0,0,13.79483222
1012,10,1,0,1,0,95.96232455
105,2,0,0,0,1,20.23922048
98,3,0,1,1,1,20.19622722
996,12,1,1,0,1,66.92614366
965,9,1,1,0,0,66.47172472
1005,14,1,1,0,0,66.47076605
991,11,1,1,0,0,67.71259543
978,10,1,1,0,1,67.32614898
100,3,0,1,0,0,14.77290978
109,3,0,1,0,1,17.05378295
1017,9,1,1,1,0,74.63632058
1001,10,1,1,0,1,70.05959634
997,8,1,1,0,0,70.4257681
983,10,1,1,0,0,67.69228905
999,12,1,0,0,1,69.86016339
104,3,0,1,0,1,17.43379624
1033,9,1,1,0,0,73.65394306
993,11,1,1,0,0,67.46872935
101,4,0,0,0,0,16.72981761
102,2,0,1,0,0,16.46419746
979,8,1,1,0,0,68.75128835
1011,11,1,1,0,1,70.6831945
1005,8,1,1,0,1,73.28081257
1011,15,1,1,0,1,66.22959214
106,3,0,1,0,0,15.15954526
105,2,0,1,1,0,19.4351056
1006,11,1,1,0,1,69.46884037
1016,12,1,1,0,1,69.26635177
1007,11,1,1,0,0,67.78469293
1024,9,1,1,0,0,72.84758788
97,2,0,1,0,1,17.95826411
103,4,0,1,0,0,15.07844001
111,3,0,1,0,0,15.89977041
1008,10,1,1,0,1,70.55123385
97,4,0,0,0,1,18.02851467
976,9,1,1,0,0,66.9186388
972,14,1,0,0,0,64.46230144
1011,11,1,1,0,0,69.25298715
978,11,1,1,0,0,66.17739156
108,3,0,1,0,1,16.39874669
1012,8,1,1,0,1,73.01171795
990,10,1,1,0,0,67.76053706
1022,12,1,0,0,1,72.16528557
997,9,1,1,0,0,69.50031763
99,4,0,1,0,0,14.48612136
1005,8,1,1,1,1,75.47183042
1006,9,1,0,1,0,95.85084603
104,5,0,1,0,0,13.04584725
1014,14,1,1,0,0,66.03757871
998,10,1,1,0,0,69.72830719
1019,10,1,0,0,0,73.35454196
100,3,0,1,0,0,15.96065926
1019,11,1,1,0,0,69.74392748
992,9,1,1,1,1,73.33643468
986,9,1,1,0,1,68.98739993
1016,8,1,1,0,1,74.4215034
976,10,1,1,0,0,66.57584009
98,5,0,1,0,1,15.23434426
978,9,1,1,0,0,67.12599916
991,7,1,1,0,0,70.56646848
991,10,1,1,0,0,68.41820435
1014,15,1,0,0,0,67.48607456
1009,10,1,0,0,0,72.27134303
987,10,1,0,0,0,70.87827707
967,9,1,0,0,0,67.87560745
94,3,0,1,0,0,14.73435844
96,3,0,1,0,0,14.52849972
1010,8,1,1,0,1,73.35073451
1033,6,1,0,0,1,79.82911975
989,8,1,1,0,0,69.79587106
946,10,1,1,0,0,63.09017048
101,3,0,1,0,0,15.72066333
102,5,0,0,0,1,16.66666629
983,12,1,1,0,0,65.09164096
102,4,0,1,0,0,14.76833112
1003,10,1,1,0,1,70.22253816
95,3,0,1,0,1,15.50982287
103,3,0,1,0,0,15.91864654
1002,12,1,0,0,1,71.22625866
1005,8,1,1,0,0,71.3517775
100,2,0,1,0,1,17.87789344
96,4,0,1,0,0,13.95912774
1038,11,1,0,0,0,74.93181657
949,8,1,0,0,0,67.30686241
991,8,1,1,0,0,70.06435083
985,11,1,1,0,0,67.67110155
994,7,1,1,1,0,73.93726672
1006,12,1,0,0,1,70.37446833
102,4,0,1,1,0,18.2732819
987,11,1,0,0,0,68.79384457
998,13,1,0,0,0,68.12187357
992,8,1,1,0,1,70.48483869
1001,12,1,1,0,0,67.02216322
98,5,0,0,0,0,15.2418527
1017,6,1,1,0,1,75.99169471
1009,7,1,1,0,0,73.10135912
995,12,1,1,0,0,66.6475811
977,9,1,0,0,0,69.19437141
991,9,1,0,0,0,71.08397864
1002,8,1,1,0,1,72.17546487
1027,10,1,1,0,0,71.86560443
999,9,1,1,0,0,70.28726736
104,4,0,1,0,1,16.32572693
1016,8,1,1,0,0,72.82174597
975,15,1,1,0,1,62.05906154
102,2,0,1,0,0,16.77663523
1007,11,1,1,0,0,68.19472851
98,2,0,1,0,0,16.04515446
997,8,1,1,0,1,71.81679425
985,11,1,0,0,1,68.96812984
998,10,1,0,0,0,70.02881795
96,6,0,1,0,0,12.98289351
994,9,1,0,1,0,94.20894586
1001,11,1,1,0,0,69.04111538
1014,9,1,0,0,0,72.89601692
992,12,1,1,0,1,67.1986423
1004,6,1,1,1,1,77.18422467
94,3,0,0,0,1,18.76407077
1030,9,1,1,0,0,73.26529674
109,3,0,0,0,1,18.82422341
985,11,1,1,0,0,65.24302113
1031,8,1,1,0,0,75.06694935
1026,12,1,0,0,0,72.33115014
1029,10,1,0,0,0,72.87183228
1009,11,1,1,0,0,69.12620313
985,6,1,1,0,0,71.50183215
1019,9,1,1,0,1,73.28873189
959,11,1,1,0,1,64.18219391
1034,11,1,1,0,0,71.54136611
985,13,1,1,0,0,65.18203925
982,7,1,1,0,1,71.82514657
1023,8,1,1,0,0,73.3459248
1028,13,1,0,0,0,70.98983386
1012,7,1,1,0,0,74.51842412
995,11,1,0,0,0,70.76436925
995,9,1,1,0,0,69.70702187
987,10,1,1,0,0,67.35168077
1011,7,1,1,0,0,73.06509005
1028,11,1,0,0,1,74.19813182
996,8,1,1,0,0,70.3992855
1001,10,1,1,0,1,70.0109305
987,11,1,1,0,0,66.93294436
980,6,1,1,0,1,71.28091689
1058,11,1,1,0,0,74.83667728
999,10,1,0,0,0,71.25023316
1010,9,1,1,0,0,70.49651897
1045,13,1,1,0,0,72.2044459
992,14,1,1,0,1,65.2568781
100,2,0,1,0,0,16.32860758
1017,9,1,0,0,0,74.4998752
103,2,0,1,0,0,16.53020172
994,9,1,1,0,0,69.30446058
1011,7,1,1,0,0,73.79707464
980,11,1,1,0,0,66.22601997
981,10,1,1,0,1,69.02119845
993,13,1,1,1,1,69.12076546
97,3,0,1,0,0,15.81005421
989,12,1,1,0,0,65.64718206
99,5,0,1,0,1,14.25449178
1017,9,1,0,0,0,74.0973348
96,3,0,1,0,0,14.56480182
1022,7,1,1,0,0,74.22772833
100,5,0,1,0,0,13.69977485
981,9,1,1,0,0,67.27839708
93,3,0,1,1,0,18.20401229
997,6,1,1,0,0,73.02707752
1010,10,1,1,0,0,70.3775299
995,11,1,1,0,0,66.73386926
96,5,0,1,0,1,15.13891256
96,4,0,1,1,0,18.08174003
995,11,1,0,0,0,68.47382946
990,9,1,0,0,1,72.09812344
1035,11,1,1,0,0,71.95280387
991,12,1,1,0,1,67.00247184
968,10,1,1,0,0,66.12995373
1014,9,1,1,0,1,72.79599886
984,13,1,0,0,1,67.54646361
98,2,0,1,0,0,17.55495874
95,3,0,1,0,1,15.8958312
1018,14,1,1,0,0,66.98478643
101,4,0,1,0,0,14.45667254
970,8,1,0,0,0,69.73992903
947,9,1,1,1,0,67.37244595
110,2,0,1,0,0,16.4600441
986,11,1,1,0,1,67.72189302
976,11,1,1,0,0,64.68211969
97,3,0,1,0,0,15.14022863
990,6,1,0,0,0,74.01425244
980,9,1,1,0,1,68.85684212
93,2,0,1,0,1,17.96962574
1009,12,1,1,0,0,68.61663703
995,11,1,1,0,1,68.55731378
986,11,1,1,0,0,65.86720679
1019,10,1,0,0,0,73.44427615
949,15,1,0,0,0,61.14944942
996,11,1,0,0,1,71.91279454
1035,13,1,0,0,0,72.17415317
1020,10,1,1,0,0,72.12737421
978,10,1,1,0,0,66.38049104
983,8,1,0,0,1,72.33722573
974,15,1,1,0,0,60.42156085
96,3,0,1,0,0,16.2165819
98,3,0,1,0,0,15.91169746
991,10,1,0,0,0,69.57048189
106,4,0,1,0,0,14.23265721
1024,7,1,0,0,0,77.19453852
1019,8,1,1,0,1,73.87786202
94,4,0,1,0,0,13.47926045
1002,8,1,0,0,0,73.89385573
100,4,0,1,0,0,14.71485632
973,10,1,1,1,1,69.27308415
997,11,1,1,0,0,68.06901929
1041,9,1,1,0,0,73.27602999
1036,9,1,1,0,0,73.64093818
957,10,1,0,0,1,67.47469741
1013,10,1,0,0,0,72.63126682
1008,9,1,0,0,0,72.67894815
1010,11,1,1,0,0,69.10413639
974,12,1,1,1,1,68.06912821
991,10,1,0,0,0,69.42005171
102,4,0,1,0,0,14.74644809
105,5,0,1,0,1,15.65779201
1017,10,1,1,0,0,70.41529294
976,11,1,0,0,0,67.32117125
950,11,1,1,0,0,63.19453298
967,8,1,0,0,0,69.40327445
998,9,1,1,1,1,73.03532521
1015,11,1,1,0,0,69.61148809
1014,9,1,0,0,0,73.5680857
1040,10,1,0,0,0,74.85775221
990,8,1,0,0,0,71.76050001
998,8,1,0,0,0,72.33841843
1039,9,1,0,0,0,75.36230461
1001,11,1,1,1,0,70.83368313
1005,12,1,0,0,0,71.23302113
1003,6,1,0,0,0,75.43500015
1011,10,1,1,0,0,69.86389528
995,9,1,1,0,0,68.81861027
1050,7,1,0,0,0,80.23581734
98,2,0,1,0,0,16.88319302
1009,9,1,1,0,0,71.49159632
982,11,1,0,0,0,68.09553622
95,3,0,0,0,0,17.46866008
1022,11,1,0,0,1,73.93210914
1027,9,1,1,0,0,73.34807249
988,8,1,1,0,0,69.82243325
105,2,0,1,0,1,17.24066803
970,8,1,1,0,0,67.67670018
102,1,0,1,0,1,17.90018984
1025,8,1,1,0,1,75.78994706
995,14,1,0,0,0,66.8397066
990,11,1,0,0,1,70.11466818
994,14,1,0,1,1,90.57084395
1014,9,1,1,1,0,74.42557538
996,7,1,1,0,0,72.1052655
92,2,0,1,0,1,17.10438976
958,11,1,0,0,0,65.47978615
983,8,1,0,0,1,73.07535786
1003,15,1,1,0,0,64.72680909
106,2,0,1,0,0,16.47259476
1006,11,1,1,0,0,68.88274775
94,4,0,0,0,0,15.74970713
970,7,1,0,0,0,70.25246675
107,4,0,0,0,0,15.50378065
1004,8,1,1,0,0,71.36197062
90,4,0,1,0,1,14.8903663
1040,12,1,1,1,1,75.3429626
1005,9,1,1,0,0,70.54415354
1005,9,1,0,0,0,72.21501557
96,2,0,1,0,0,16.74149858
94,4,0,1,1,0,17.5986658
100,3,0,0,1,0,22.13676871
98,4,0,0,0,1,17.09492843
996,12,1,1,0,0,66.41568939
1018,7,1,1,0,0,73.19560491
1026,7,1,1,0,0,75.07973474
994,14,1,1,0,0,65.62115515
996,11,1,1,0,0,67.88882533
987,8,1,0,0,0,71.64561584
103,5,0,1,0,0,13.07032178
997,8,1,1,0,1,71.6937375
999,10,1,0,0,1,71.41680245
990,12,1,1,0,1,67.409854
1027,9,1,0,1,0,98.5386986
95,3,0,0,0,0,16.75645318
93,3,0,1,0,0,15.84505352
97,3,0,1,0,0,16.00295752
1012,9,1,1,0,1,71.94320832
1005,6,1,0,0,0,75.45405077
989,7,1,1,0,0,71.55715599
105,3,0,0,0,0,17.64565973
993,10,1,0,0,0,70.00106447
1016,14,1,1,0,1,68.16771875
1022,10,1,1,0,0,71.44558214
979,11,1,0,1,0,89.89108177
957,8,1,1,0,1,67.39814531
973,9,1,1,0,0,66.99823011
1014,8,1,1,0,0,73.50492766
1001,8,1,0,0,0,74.62367958
959,10,1,0,0,0,65.87721095
1030,11,1,1,0,0,71.99810003
995,9,1,1,1,0,72.17207243
994,9,1,1,0,1,70.55051059
979,13,1,1,0,1,64.32651685
991,11,1,0,0,0,68.73485784
978,12,1,0,0,0,67.99241806
992,9,1,1,0,0,69.37717259
993,12,1,1,0,0,65.70704784
987,9,1,1,0,0,68.08547238
1014,8,1,1,0,1,73.25778998
102,4,0,1,0,0,14.83136823
101,1,0,1,0,0,17.04905199
1042,12,1,1,0,0,71.95040679
962,9,1,0,0,0,67.975843
1010,13,1,1,0,0,67.8478049
101,2,0,1,0,0,16.71578258
95,1,0,1,0,0,17.60708734
93,2,0,1,0,1,17.25724602
113,5,0,0,0,0,16.39017091
979,11,1,1,0,1,66.44812482
1041,11,1,1,0,0,73.1551271
1007,9,1,1,0,0,71.31996643
1041,13,1,0,0,0,72.55497693
970,11,1,1,0,0,64.98414033
1008,12,1,0,0,0,70.11370659
1014,12,1,1,0,0,67.99908542
997,12,1,1,0,0,66.89364108
1046,11,1,1,1,0,75.98547484
1019,11,1,0,0,0,71.48936472
90,3,0,1,0,1,16.03820803
108,2,0,1,0,1,16.94234492
106,4,0,1,0,0,14.9728485
99,3,0,0,0,1,17.39874171
1004,11,1,1,0,0,68.55291094
993,8,1,1,0,0,69.63615765
978,10,1,1,0,1,67.65600278
996,6,1,1,0,0,73.01945858
98,6,0,1,0,1,12.8911343
1020,9,1,0,0,0,73.78157124
102,4,0,1,0,0,15.54022933
100,5,0,0,0,0,14.60537785
1020,8,1,1,0,1,74.04018279
967,10,1,0,0,0,67.1172026
986,11,1,1,0,0,67.05522512
98,3,0,1,0,0,15.37586937
971,11,1,0,0,0,67.78529647
1026,9,1,1,0,0,72.78746189
88,3,0,0,0,1,17.83947218
101,3,0,1,0,0,14.70600316
1024,11,1,0,1,0,96.14379042
992,14,1,1,0,1,64.53413043
1024,11,1,1,0,0,71.05794177
103,4,0,1,0,0,14.37222177
955,13,1,1,0,1,62.33778034
98,1,0,1,0,0,17.49885182
1011,9,1,0,1,0,96.32662895
1006,13,1,1,0,0,66.43084305
91,3,0,1,1,0,18.2652354
994,6,1,1,0,1,74.0150974
994,11,1,0,0,1,69.76086148
998,9,1,1,0,0,69.24563365
1027,8,1,1,0,0,74.44931001
102,3,0,0,0,0,18.02351313
993,10,1,1,0,0,67.3166175
98,6,0,1,0,0,11.89298387
996,11,1,0,0,0,68.96860238
1004,8,1,1,0,1,72.34296359
101,3,0,1,0,0,14.70213351
960,12,1,1,0,0,63.21380335
1009,12,1,0,0,0,70.18004769
982,7,1,1,0,1,70.7167688
969,10,1,0,0,0,67.93858639
1008,11,1,1,0,0,68.81342237
96,4,0,1,1,1,17.74255327
999,9,1,1,0,0,70.13202324
982,9,1,1,0,0,68.10299242
1007,12,1,1,0,1,69.47848089
990,11,1,0,0,0,68.47763702
1014,8,1,1,0,0,73.36483665
99,2,0,1,0,0,15.40086012
105,4,0,1,0,0,15.32508961
94,3,0,0,0,0,17.39840174
965,12,1,1,0,1,64.71227662
103,2,0,1,0,1,17.2782855
997,13,1,1,0,0,65.85086739
987,10,1,0,0,0,69.73815366
985,9,1,1,0,0,68.99167498
90,3,0,0,0,0,16.89473176
992,12,1,1,1,1,69.65219463
990,10,1,1,1,0,71.4985967
966,10,1,0,1,0,89.80007602
96,3,0,0,0,1,18.74690723
1017,12,1,0,0,0,70.59178967
976,8,1,1,0,0,68.3957755
998,13,1,0,0,0,68.43459893
1023,12,1,0,0,0,70.86325522
990,12,1,1,0,0,66.27690055
95,3,0,0,0,0,17.29125539
98,3,0,1,0,0,15.06013959
969,9,1,1,0,0,66.21995273
1007,13,1,1,0,0,66.70006706
1015,11,1,1,0,0,69.27621418
1036,9,1,1,0,0,74.4074702
1013,11,1,1,0,0,70.19088305
103,5,0,1,0,0,13.57111559
1007,10,1,1,0,1,71.701246
1014,12,1,1,0,0,68.46211958
971,10,1,1,0,1,67.0336383
98,3,0,1,0,0,15.86352967
1029,12,1,1,0,0,69.93553818
994,9,1,1,0,0,69.52861241
995,9,1,1,0,1,70.11407004
998,11,1,1,0,0,68.11458091
1044,10,1,0,0,0,76.08259471
1018,9,1,1,0,0,73.00724846
1003,8,1,1,0,0,71.61671529
97,3,0,1,1,0,18.66004081
954,12,1,0,0,1,65.3263893
1011,9,1,1,1,1,74.85627761
1011,6,1,0,0,1,77.50953532
990,11,1,1,0,0,66.89982778
93,1,0,1,0,1,18.41909993
1008,11,1,0,0,0,70.67966976
990,11,1,1,0,1,68.08371331
98,4,0,1,0,1,15.42598634
960,11,1,1,0,0,64.7201697
983,15,1,0,1,0,87.07857351
96,3,0,1,0,0,16.05471102
106,3,0,0,1,1,23.82241479
98,2,0,1,1,0,19.15496834
1022,13,1,1,1,0,71.71081929
1028,10,1,1,0,0,71.10884026
970,9,1,1,0,0,67.58559815
1000,13,1,1,0,0,64.83173864
1010,8,1,1,0,1,73.06775043
98,4,0,1,0,0,14.96197007
1031,7,1,1,0,0,75.77673762
990,10,1,1,0,0,67.63638628
990,10,1,1,0,0,68.20443221
1002,9,1,1,0,0,70.70440828
91,5,0,0,1,1,20.28451427
962,9,1,1,0,0,65.66279847
104,3,0,1,0,0,15.86536577
1013,8,1,1,0,0,73.04059125
1041,8,1,1,1,0,78.76387111
101,5,0,0,0,1,17.03207288
963,9,1,0,0,1,69.1490796
994,10,1,0,0,1,71.11049502
975,10,1,1,0,1,67.18243362
1000,10,1,0,0,1,72.83434431
101,4,0,1,0,1,15.35967157
1003,11,1,1,0,1,69.59564104
99,1,0,1,1,1,21.79358372
1027,9,1,0,0,0,74.87400742
961,10,1,1,0,0,65.42748607
105,4,0,0,0,0,16.42864246
971,11,1,1,0,0,65.25778289
981,8,1,1,0,0,69.53061288
98,3,0,1,0,0,15.32975525
1005,12,1,1,0,1,68.69364932
1011,8,1,1,0,0,72.12080024
973,13,1,1,0,0,62.44851724
990,11,1,0,0,1,70.30172971
106,3,0,1,0,0,15.73979532
105,4,0,1,0,0,13.90841394
986,12,1,1,0,0,65.60801092
983,9,1,1,0,0,69.10225082
1030,13,1,0,0,0,70.87383973
1006,8,1,0,0,0,74.07258508
98,4,0,1,0,0,15.18029307
1011,13,1,1,0,0,66.42604629
1009,8,1,1,0,0,72.51090567
978,11,1,1,0,1,66.49484748
87,3,0,1,0,0,15.29247379
1006,8,1,1,0,0,71.13967631
967,10,1,1,1,0,68.76051598
1024,11,1,1,0,0,70.47752186
991,9,1,1,0,0,68.87345015
103,4,0,0,0,0,16.27414311
995,11,1,1,0,0,67.8236673
1004,10,1,0,0,0,71.62866821
993,11,1,1,1,1,71.43361027
953,11,1,1,0,0,63.63601719
1004,11,1,1,0,0,69.13654186
1014,11,1,1,0,1,70.95174877
980,11,1,1,0,0,65.28106574
1011,8,1,1,0,0,72.24526229
999,10,1,1,0,0,68.97492982
990,13,1,0,0,1,67.44003861
1008,12,1,0,0,0,70.11233786
94,2,0,0,0,1,18.92788254
982,10,1,1,0,0,66.30177066
1018,6,1,1,0,0,75.34835608
983,11,1,1,0,0,65.8218344
101,4,0,1,0,0,14.64556291
1017,12,1,1,0,0,68.74777944
1019,9,1,1,0,0,72.0493916
1026,10,1,1,0,0,71.51720361
978,11,1,0,0,0,67.71941109
1036,10,1,1,0,0,72.09695687
993,13,1,1,0,1,65.47971275
1011,10,1,1,0,1,71.14628641
1012,11,1,1,0,1,70.92817016
1012,10,1,0,0,1,73.62433676
1028,9,1,1,0,0,72.71791827
104,4,0,0,0,0,16.73975446
976,8,1,1,0,0,68.99249071
986,13,1,1,0,0,65.12853663
103,2,0,0,0,1,19.64158479
1031,11,1,1,0,0,71.15918922
1024,10,1,1,1,1,76.17029852
102,2,0,1,0,0,16.47475645
1004,11,1,1,0,0,67.79523649
976,9,1,1,0,0,66.76284486
995,10,1,0,0,0,69.3754776
1015,12,1,1,0,0,68.79645621
1006,13,1,0,1,1,92.96559765
1002,12,1,0,0,1,70.58936161
94,3,0,0,0,1,18.53014244
93,3,0,1,0,1,16.3270497
100,6,0,1,0,0,12.1394919
969,10,1,0,0,1,68.94536091
105,3,0,1,0,0,15.93643536
1023,10,1,1,0,1,72.7268716
997,13,1,1,0,0,66.18047938
102,3,0,1,0,0,16.07920927
100,2,0,1,0,0,15.92419663
1007,11,1,1,1,0,71.54837308
1011,10,1,1,0,0,70.11520765
104,2,0,0,0,0,18.4957526
997,12,1,1,0,0,67.5841165
1051,9,1,1,0,1,76.23793395
98,3,0,1,0,0,15.82413328
100,3,0,1,0,1,16.70042797
1004,9,1,0,0,1,73.52211156
1002,9,1,1,0,1,71.50673466
1000,14,1,1,0,0,64.29808336
1005,12,1,1,0,0,66.80411808
1041,13,1,1,0,0,70.74898094
1025,11,1,1,0,0,71.45682608
100,1,0,0,1,0,24.61112588
103,2,0,1,0,0,17.20627626
1004,10,1,1,0,0,69.14375262
990,10,1,1,0,1,68.24607079
996,10,1,1,0,1,70.52818943
1001,8,1,1,0,0,70.33250087
1009,9,1,1,0,0,71.66667986
992,10,1,0,0,1,71.63269346
971,11,1,1,0,0,64.85312242
103,3,0,1,0,0,15.82076806
96,4,0,1,0,1,14.98902932
1013,10,1,1,0,0,70.21748886
1014,8,1,1,0,1,73.28332582
1002,9,1,1,0,0,69.73336124
97,4,0,1,0,0,15.28209979
1009,11,1,1,0,0,69.19912766
1000,8,1,0,0,0,72.93513432
999,11,1,0,0,0,69.90760574
101,3,0,1,0,0,14.94167563
101,4,0,1,0,1,15.52156743
1020,9,1,0,0,0,74.65323965
1010,15,1,0,0,1,67.23952762
105,3,0,1,0,0,15.95599917
95,3,0,1,0,0,15.87533921
986,8,1,1,0,0,68.95084635
983,10,1,1,0,1,67.50535035
995,9,1,0,0,1,72.53015391
102,3,0,1,0,1,16.46204076
995,10,1,1,0,0,68.16555951
1018,8,1,0,0,1,76.10146175
1032,9,1,0,1,1,100.7671248
997,10,1,1,1,0,70.86076539
97,3,0,1,1,1,20.09650482
1012,9,1,0,0,1,74.09128844
993,8,1,1,0,0,70.45221113
1013,12,1,1,0,0,68.69191645
1010,12,1,1,0,1,69.80821937
995,7,1,1,0,1,72.00983579
971,12,1,1,0,1,64.91489747
1005,11,1,0,0,0,71.36626469
958,10,1,0,0,0,66.29024983
955,6,1,0,0,1,70.67298444
101,3,0,0,0,0,16.67791453
1014,9,1,1,0,1,72.98418835
1009,9,1,0,0,0,72.56644386
998,10,1,0,0,0,70.13475449
1012,9,1,0,0,1,74.73708273
1007,9,1,0,0,0,72.20225127
1014,8,1,1,0,1,73.44224603
992,11,1,1,0,0,67.50418103
102,3,0,1,0,0,15.80179475
1001,11,1,0,0,0,69.21968092
1010,12,1,0,0,0,70.63360983
1008,12,1,1,0,1,69.0698873
1006,9,1,1,0,1,71.32453252
1002,13,1,0,0,0,68.04526763
102,5,0,1,0,1,14.56099864
989,12,1,1,0,0,65.88321954
92,3,0,1,0,1,16.42039597
988,13,1,0,1,0,90.10337873
995,6,1,0,0,0,74.53606609
1015,8,1,1,0,1,73.6647044
985,10,1,0,0,0,70.21995898
1029,12,1,0,0,0,72.18529006
97,4,0,0,0,0,16.42968395
97,4,0,0,0,0,16.20427949
90,4,0,1,0,0,13.34725859
973,9,1,0,0,0,67.71823434
97,2,0,1,0,0,15.87721306
1005,13,1,1,0,1,68.04689908
1040,10,1,1,0,0,73.19673686
1007,9,1,1,0,0,71.30248108
983,13,1,1,0,1,64.4430141
1003,8,1,1,0,0,71.60804595
1007,11,1,1,0,1,69.16885841
1054,6,1,1,0,1,79.96625807
96,3,0,1,0,1,17.68834515
1017,13,1,0,0,0,69.41619307
87,4,0,1,0,1,14.6623387
1027,11,1,1,0,0,71.51406802
103,3,0,1,0,0,15.3403349
103,2,0,0,0,1,20.4897383
1006,12,1,1,0,1,68.23189618
92,5,0,0,0,0,15.36035846
102,3,0,0,0,1,18.34603285
103,1,0,0,0,0,19.07309188
982,14,1,1,0,0,63.29949229
1037,14,1,1,0,0,68.18933572
979,10,1,1,1,1,70.62599304
99,3,0,1,0,0,15.1061499
980,13,1,1,0,1,63.93513697
101,5,0,1,0,0,13.10317616
985,13,1,1,0,0,65.11116365
1027,7,1,0,0,0,76.42420453
109,3,0,1,0,0,15.04880585
1000,12,1,1,0,1,68.5552916
981,8,1,1,0,1,69.65793234
999,8,1,1,0,0,70.41681826
975,11,1,1,1,1,69.76225554
997,7,1,1,0,1,73.01244313
983,9,1,1,0,0,68.40037277
995,9,1,1,0,0,69.968583
99,4,0,1,0,0,15.67936403
98,4,0,1,0,0,14.09552956
1005,9,1,1,0,0,70.86817641
1024,12,1,1,0,0,69.34310648
1009,11,1,1,0,1,69.8546011
1008,11,1,1,0,0,68.6775721
1015,12,1,1,0,0,68.12606722
90,2,0,0,0,0,17.69683927
1022,9,1,1,0,0,72.35109729
107,3,0,1,0,0,16.0169669
97,3,0,0,0,1,17.79906222
977,13,1,1,0,1,64.43789984
82,2,0,0,0,0,18.52594668
981,7,1,1,0,0,69.92417577
993,11,1,0,0,0,69.00291457
106,5,0,0,0,0,16.29957055
100,3,0,1,0,0,15.19621551
1024,9,1,1,0,0,72.5505973
977,10,1,1,1,1,70.11066091
95,2,0,1,0,0,16.34024292
1011,10,1,0,0,0,71.72537466
103,2,0,1,0,0,16.2901083
979,6,1,1,1,0,73.95498004
998,14,1,1,0,0,65.11072728
991,13,1,1,1,1,68.13320872
100,1,0,0,1,0,24.84586322
89,3,0,0,0,0,18.18432825
1006,8,1,1,0,0,72.31730913
1005,6,1,1,0,0,73.5430509
103,1,0,0,0,0,20.43599591
994,12,1,1,0,0,66.43225132
1008,5,1,0,0,1,77.61216508
103,3,0,1,0,1,16.46769944
1041,13,1,0,0,0,72.71201458
1002,11,1,1,0,0,68.29715161
99,4,0,1,1,1,18.19710897
999,6,1,0,1,0,98.26635293
973,8,1,1,0,1,68.76334068
91,3,0,0,0,0,16.76543352
971,10,1,0,0,0,68.718147
1011,10,1,0,0,1,73.10770249
1028,9,1,0,0,1,76.34514656
101,3,0,1,0,1,17.18812101
95,3,0,0,0,0,17.11516464
96,2,0,0,0,0,18.1753344
99,4,0,1,0,0,14.8268131
992,10,1,1,0,0,68.31390341
1014,10,1,0,0,0,73.37300956
975,11,1,1,0,0,65.27399915
102,3,0,1,0,0,16.40244182
990,9,1,1,0,0,69.34221657
1001,10,1,1,0,1,71.01115283
993,11,1,1,0,0,66.94914812
985,9,1,1,0,0,68.4026152
986,6,1,1,0,0,71.81793905
1014,13,1,1,1,0,70.73888875
1015,12,1,0,0,0,70.70792226
1005,8,1,1,1,1,75.15746418
1003,10,1,1,1,1,73.7537783
95,3,0,0,0,0,18.46053837
1029,4,1,0,0,0,80.00994165
984,6,1,1,0,0,71.37221115
1007,7,1,1,0,0,73.38228205
1001,8,1,1,0,0,70.6725408
955,10,1,1,0,0,64.42264384
98,3,0,1,0,0,15.69057032
992,10,1,0,0,0,69.86340705
996,10,1,1,0,0,68.10785024
992,8,1,0,0,0,71.81404695
974,10,1,0,0,1,69.04589756
988,12,1,1,0,0,65.18556378
946,9,1,0,1,1,89.0801748
1003,9,1,1,0,1,71.34601646
1013,10,1,0,0,0,72.74159453
93,1,0,1,0,0,16.84626299
990,12,1,1,0,0,66.06742473
98,2,0,1,0,1,17.74373178
977,10,1,0,0,0,68.26064302
1007,10,1,1,1,0,73.03895949
1011,8,1,1,0,0,72.41888708
1018,12,1,1,0,0,68.77549723
103,2,0,1,1,0,19.31789096
98,1,0,0,0,0,19.74675312
1008,11,1,1,0,1,69.65422382
1020,11,1,1,1,0,73.31167605
98,2,0,1,0,0,16.20224781
1015,9,1,1,0,0,70.90917678
980,9,1,1,0,1,68.00996761
996,10,1,1,0,1,69.61266124
1018,12,1,1,0,0,69.12491134
955,11,1,1,0,0,63.6354767
1003,12,1,1,0,0,67.03555172
100,3,0,1,1,1,19.41038364
1012,9,1,1,0,0,71.49130941
983,12,1,1,0,1,66.66417216
98,5,0,1,1,0,16.74073762
1014,10,1,0,0,1,73.10775386
957,9,1,1,1,0,68.02546503
979,8,1,1,1,0,71.20989718
987,10,1,1,0,0,68.77250597
100,2,0,0,0,0,19.54930464
1009,8,1,1,0,0,72.45293957
1013,13,1,1,0,0,66.13649268
988,11,1,0,0,1,69.02408751
100,4,0,1,0,0,14.43849453
996,10,1,0,0,1,71.46884889
101,3,0,1,0,1,16.20318819
984,9,1,1,0,1,69.67111059
1013,13,1,1,0,0,68.42025455
1028,9,1,1,0,0,73.74030935
1013,11,1,1,0,0,68.75980257
998,9,1,1,0,0,70.02835003
107,2,0,1,0,0,16.21781367
980,7,1,1,0,0,69.48711672
97,3,0,1,0,0,15.73324201
1018,11,1,1,0,1,70.19165224
91,3,0,1,0,0,15.68997382
993,15,1,1,0,0,63.61092682
987,9,1,1,0,1,69.6112833
995,14,1,1,0,1,65.15783622
991,6,1,1,0,1,73.6372565
976,11,1,1,0,0,65.29159844
93,3,0,1,0,1,16.32617159
984,13,1,1,0,1,65.0128327
1011,7,1,1,0,0,74.02747951
985,7,1,1,0,0,71.08898578
1031,8,1,1,1,0,78.04292058
1050,9,1,1,0,0,75.59724367
979,11,1,1,0,0,66.20035004
1017,12,1,1,0,0,69.22271902
999,12,1,1,0,1,68.41688321
97,4,0,1,0,0,14.36471204
104,6,0,0,0,0,14.86047265
987,9,1,0,1,1,94.10202273
970,7,1,1,0,1,68.74031135
101,4,0,0,0,1,17.33979652
96,3,0,1,0,1,16.4499234
986,10,1,0,0,0,69.7218791
97,4,0,1,0,0,13.88179533
1043,11,1,0,0,0,74.78942524
102,3,0,0,0,0,16.98396601
995,10,1,0,0,1,71.79424129
991,10,1,1,0,0,67.57329798
989,13,1,0,0,1,67.33534945
1017,10,1,1,0,0,69.86017319
1007,10,1,1,0,0,70.97702334
964,8,1,1,0,0,67.11100816
1025,15,1,0,0,1,71.01275275
97,4,0,0,1,0,20.94947537
1009,12,1,1,0,0,67.90115779
102,2,0,1,0,1,16.86235845
94,5,0,0,0,1,17.18839848
101,4,0,1,0,1,15.83103779
1018,10,1,1,0,0,71.52943479
994,9,1,1,0,0,69.70703998
979,10,1,1,0,1,68.58620653
994,12,1,0,0,0,68.08064663
101,2,0,1,0,0,17.49107989
105,6,0,1,0,1,14.23931545
991,10,1,0,0,0,70.61907344
1005,11,1,1,1,1,73.30252781
1017,7,1,0,0,0,76.16422903
1022,8,1,1,0,1,74.98970517
1000,6,1,1,0,0,73.09704481
995,13,1,1,0,0,65.26242445
98,3,0,0,0,0,16.80737535
990,12,1,1,0,0,65.24468739
1029,10,1,1,0,0,72.1565069
983,7,1,1,0,0,70.50149125
97,5,0,0,0,0,14.95996767
997,8,1,1,0,0,70.24438973
1004,16,1,1,0,0,63.4741495
991,13,1,0,0,0,66.74142
91,2,0,1,0,0,16.53847943
101,4,0,1,0,1,15.73665611
1001,13,1,1,0,1,67.44249594
103,3,0,1,0,1,17.00068179
1001,10,1,1,0,0,68.07696493
1004,8,1,0,0,0,72.90580244
959,11,1,0,0,0,64.67448046
1002,9,1,0,1,0,95.1720407
101,3,0,0,0,0,17.45880399
1003,6,1,0,1,1,99.42038044
93,3,0,0,1,1,24.36932028
90,2,0,0,0,0,17.6424755
1008,13,1,0,0,1,70.1764458
1002,9,1,1,0,0,70.40624051
1011,9,1,1,0,0,70.72135708
98,3,0,1,0,0,15.6464271
102,4,0,0,0,0,17.51925869
1011,8,1,1,0,1,72.10491825
1010,11,1,0,0,1,71.57626196
1016,12,1,1,0,1,69.91712811
999,10,1,1,0,1,70.7275863
1027,12,1,1,0,0,69.54159626
1000,7,1,0,0,0,73.91862248
110,2,0,1,0,0,16.90862168
1003,14,1,0,0,0,66.79283438
1000,8,1,0,0,0,73.36907358
99,4,0,1,1,1,18.73500531
1016,5,1,1,0,1,78.00228801
108,3,0,1,0,1,16.24698973
976,12,1,0,0,0,66.50927459
1006,12,1,0,0,0,69.61985658
1001,9,1,1,0,0,70.19743294
1035,9,1,1,0,0,73.85484517
999,10,1,1,0,1,69.49367705
993,7,1,0,0,0,72.8362182
1045,12,1,1,0,0,71.74581086
1002,13,1,1,0,0,66.2095873
1006,8,1,1,0,1,72.14162883
1040,10,1,1,0,0,73.1278545
1024,12,1,1,0,0,69.52602316
1021,11,1,1,0,0,71.0566055
1015,12,1,1,0,0,69.19299161
104,3,0,1,0,0,15.37445404
985,9,1,1,0,1,69.30198802
1008,13,1,1,0,0,66.94356267
981,11,1,1,0,0,65.73075463
963,10,1,1,0,0,64.58383629
1017,12,1,1,0,0,68.79894186
989,14,1,1,0,0,63.41254705
1012,12,1,0,0,0,71.20332826
1023,6,1,1,0,0,75.44748453
101,2,0,0,0,1,20.70450095
1014,7,1,0,0,0,75.14154655
992,12,1,0,0,0,68.18075824
101,4,0,0,0,1,17.68923915
105,3,0,1,0,0,15.54455031
100,3,0,1,1,0,18.54167163
1003,10,1,1,0,1,70.37244572
985,8,1,1,1,0,72.10906304
998,12,1,0,0,0,68.67635082
1020,11,1,0,0,0,72.38455706
1002,13,1,0,0,0,68.82891031
1018,11,1,1,0,0,70.05422235
98,4,0,0,0,0,15.78137889
983,13,1,1,0,0,64.26130052
1031,11,1,0,0,0,73.26961749
1011,9,1,0,1,0,96.77704904
1002,12,1,1,0,0,67.03533645
1033,14,1,1,0,0,68.81799327
978,8,1,1,0,0,69.35367582
112,3,0,0,0,1,18.93843702
1007,11,1,0,0,1,72.22861396
1013,9,1,1,0,0,72.08095722
995,11,1,1,0,0,67.12260105
978,12,1,1,0,1,65.73504412
976,9,1,1,0,0,66.86488262
1013,13,1,1,0,0,68.22646185
101,3,0,1,0,0,15.18195833
987,11,1,1,0,0,67.28458047
100,4,0,1,0,0,15.11086622
1025,8,1,0,0,0,75.87366714
979,12,1,0,0,0,67.13549528
101,2,0,1,0,0,16.40046822
1013,9,1,1,0,0,70.74471506
1027,10,1,0,0,0,74.10833752
96,2,0,1,0,1,17.52903168
1025,11,1,1,0,0,71.40498245
986,12,1,1,0,0,65.38593998
101,4,0,1,0,0,13.69226
1024,9,1,0,0,0,75.04217948
987,11,1,1,1,0,69.7523284
105,3,0,1,0,0,15.83705672
982,9,1,1,0,0,68.2494558
1003,9,1,1,0,0,69.87757389
1013,6,1,1,0,0,73.51693284
93,2,0,0,0,0,18.06309186
100,2,0,0,0,1,20.00899713
978,8,1,0,0,0,70.72638677
981,11,1,1,0,0,65.7638298
102,2,0,0,0,0,17.73718172
99,3,0,0,0,0,17.39735907
94,4,0,0,0,0,16.5288381
1008,8,1,1,0,0,71.28613154
971,10,1,1,1,0,69.64349195
984,6,1,1,0,1,72.3654996
102,3,0,0,0,0,16.90169646
992,9,1,0,0,0,70.92155377
102,2,0,0,0,1,18.95608639
996,12,1,1,0,0,64.79965475
997,8,1,1,0,0,70.92710051
104,2,0,1,0,0,16.6571781
1017,11,1,1,1,1,74.23256673
1003,11,1,0,0,0,70.70145213
104,4,0,1,0,1,15.84981199
94,2,0,1,0,0,16.82038423
999,8,1,1,0,0,71.3249173
95,3,0,1,1,1,19.98132682
107,4,0,0,0,0,16.8423316
1025,9,1,1,0,0,72.83433194
1010,10,1,0,1,1,98.02401532
1010,9,1,0,0,1,74.23388701
1007,11,1,1,0,0,68.82715136
1020,8,1,1,0,1,74.34224212
983,8,1,1,0,0,69.86497396
976,5,1,1,0,0,71.45105737
973,10,1,0,0,0,68.01440656
999,11,1,0,0,0,70.41661487
100,3,0,0,0,0,17.99629062
998,9,1,1,1,0,72.96823133
96,2,0,1,0,0,16.55694609
1007,10,1,1,0,0,70.49382198
986,10,1,1,1,1,71.43530671
98,4,0,1,0,0,14.90643476
1007,9,1,0,0,1,73.20586518
981,6,1,1,0,0,71.23980317
994,10,1,1,0,0,68.30488353
987,11,1,1,0,1,67.15207792
106,3,0,0,0,1,19.40133338
105,1,0,1,0,0,17.51076641
94,2,0,1,0,0,16.172731
1023,11,1,1,0,0,69.80490195
1015,10,1,1,0,0,69.44146737
1017,11,1,1,0,0,68.95396035
973,10,1,0,0,0,67.98289142
997,12,1,1,0,1,67.03219351
96,1,0,0,0,0,19.27423666
976,11,1,1,0,1,66.60150573
102,4,0,1,0,0,14.68445742
108,1,0,1,0,1,19.41090959
995,11,1,0,0,0,70.16577734
1034,13,1,1,0,1,70.59685108
100,2,0,1,0,0,16.35770751
1033,7,1,1,0,1,76.01323175
106,4,0,1,1,1,18.48058622
991,9,1,0,0,0,70.75424679
101,4,0,1,1,0,17.9776653
970,10,1,1,0,0,65.41396386
87,3,0,1,0,0,15.21512701
97,3,0,1,0,0,15.25246781
99,4,0,0,0,0,16.96192127
973,10,1,1,1,1,70.12042432
1015,8,1,1,0,0,72.1013279
964,13,1,0,0,1,65.04847408
995,9,1,1,0,0,69.02191152
954,6,1,1,0,0,67.74864583
106,3,0,1,0,0,14.92985332
108,3,0,1,1,0,18.90162779
993,10,1,1,0,0,68.16468246
1028,11,1,1,1,1,74.77088845
1011,11,1,1,0,1,69.71194043
1024,9,1,0,1,0,98.53195243
1000,13,1,1,0,1,65.92511814
992,11,1,1,0,0,66.81595576
1002,13,1,1,0,1,66.50195353
1015,12,1,1,0,0,68.51923791
991,7,1,1,1,0,74.56984697
107,3,0,0,0,0,17.65614348
1024,7,1,1,0,0,74.55661952
108,2,0,0,0,0,17.9892666
97,3,0,1,0,0,15.63606963
1007,8,1,1,0,0,71.11840657
1039,10,1,0,0,0,75.6222841
972,7,1,0,1,0,93.37300584
1015,10,1,1,0,0,71.00706264
978,10,1,1,0,0,65.84485203
88,4,0,0,0,0,15.83481234
104,3,0,1,0,0,15.93216577
1015,13,1,1,0,0,68.02183985
1016,13,1,1,0,1,68.9291606
983,10,1,1,0,0,67.29846548
1018,11,1,0,1,0,95.33944715
105,3,0,0,0,0,17.71281433
96,3,0,0,0,0,17.49720079
985,9,1,1,0,0,68.51516879
977,8,1,1,0,1,69.66419452
975,9,1,1,0,0,68.25750444
1012,13,1,1,0,0,67.28435136
100,2,0,1,1,1,19.41891028
1035,7,1,0,0,0,78.41443049
957,9,1,0,0,0,66.23193482
93,4,0,0,0,0,16.18640652
104,3,0,0,0,0,18.66922161
1000,11,1,1,0,0,68.89752841
996,8,1,1,0,0,69.84746283
105,2,0,1,0,0,16.41351344
991,9,1,1,0,0,69.06276384
102,3,0,1,0,0,15.38306756
1000,8,1,0,0,1,74.84378853
1027,12,1,0,0,0,71.8967418
97,3,0,1,0,0,15.5237182
1007,10,1,1,1,0,72.74825116
1009,7,1,0,0,0,74.66041821
999,8,1,0,0,1,74.62502843
1012,10,1,1,0,1,71.04189506
1012,13,1,1,0,0,66.85176138
1008,12,1,1,0,0,68.12396064
96,5,0,1,0,1,14.95485917
95,3,0,1,0,0,15.84667581
997,6,1,1,0,0,72.89757041
100,3,0,0,0,1,18.42885143
992,8,1,1,0,0,70.33172705
979,7,1,0,0,1,73.05649893
956,9,1,1,0,0,64.76222561
1007,11,1,1,0,0,70.18028383
963,10,1,1,0,0,66.13062785
994,13,1,1,0,1,66.52857923
95,2,0,1,0,0,16.47324116
99,4,0,1,1,0,17.27111414
98,2,0,1,0,0,16.81179859
1036,10,1,0,0,0,75.34475938
1019,9,1,0,0,1,74.73646124
943,9,1,0,1,0,87.94044857
1037,6,1,1,0,0,76.63290245
98,3,0,1,0,0,16.26974358
97,2,0,1,1,0,19.43478625
108,4,0,0,0,0,17.20541085
993,8,1,1,0,0,70.48622646
106,3,0,0,0,1,18.91315997
1001,14,1,1,0,1,65.91326444
1039,6,1,1,0,1,77.77070216
95,3,0,1,0,1,17.20360064
97,1,0,1,0,0,17.79480762
999,9,1,1,0,0,69.51911925
106,5,0,1,0,0,14.11637634
100,4,0,0,1,0,21.90387558
1001,13,1,1,0,0,66.14152327
99,3,0,1,0,0,15.28030651
978,12,1,0,0,1,67.19036396
93,5,0,1,0,0,13.32186136
1000,14,1,1,0,0,65.53213422
967,10,1,1,0,0,65.15418524
1005,11,1,1,0,0,69.85199657
1007,11,1,0,1,1,94.80307668
1014,11,1,0,0,1,72.07555211
1000,8,1,1,0,1,71.08755745
989,10,1,1,0,0,67.66118841
1007,14,1,1,1,1,70.17574292
1005,10,1,1,0,1,70.31662132
967,9,1,0,0,0,67.86592708
93,3,0,0,0,0,16.99409803
977,11,1,1,0,1,65.80887914
1024,11,1,1,0,0,71.30575344
1018,11,1,0,0,0,72.81320131
994,9,1,1,0,0,68.8825215
98,3,0,1,1,0,19.4499418
984,10,1,0,0,0,69.34559242
990,10,1,1,1,0,70.20707879
1005,7,1,0,0,1,75.28569181
991,11,1,0,0,1,70.1373569
979,13,1,1,0,1,65.05280666
998,9,1,1,0,0,70.14290416
1017,5,1,1,0,0,75.42865096
960,9,1,1,0,0,65.86225263
1016,14,1,1,0,0,66.5819827
1011,10,1,1,0,0,70.5266562
1027,8,1,1,0,1,74.22073111
971,12,1,1,0,0,63.98125935
1059,9,1,0,0,0,78.07179031
113,4,0,0,1,0,21.8880408
994,11,1,1,0,0,67.7623585
974,13,1,1,0,1,63.90031877
992,9,1,1,1,1,72.55930093
1030,6,1,1,0,0,76.64895862
1013,10,1,1,0,1,70.98560842
1013,10,1,1,0,1,71.37718471
94,4,0,0,0,0,16.76070198
998,7,1,1,0,1,72.2374573
1009,11,1,1,0,0,69.08013141
1008,12,1,0,0,0,70.36574304
960,12,1,1,0,0,62.55351042
1020,13,1,1,0,0,68.01871001
994,15,1,0,0,0,64.59077951
98,4,0,1,0,1,15.2270977
1025,15,1,1,0,0,66.26228245
1022,10,1,0,0,0,73.96884605
998,12,1,0,0,1,69.72860646
997,12,1,1,0,0,67.2641667
101,1,0,1,0,0,18.5808325
988,11,1,1,0,1,68.09461444
994,12,1,0,0,1,69.08916601
980,15,1,1,0,0,60.73297599
991,11,1,1,0,0,67.96024727
1020,7,1,0,0,0,76.42696192
103,3,0,0,1,0,21.93807134
1001,11,1,1,1,1,72.23596508
993,11,1,1,0,1,67.78214452
1021,9,1,1,0,0,71.898466
91,3,0,1,0,0,15.85335504
1004,9,1,1,0,0,70.93825551
96,2,0,1,0,0,16.41481645
96,3,0,1,0,0,15.3140468
99,4,0,1,0,0,14.81245274
1010,10,1,0,0,0,71.29747462
1014,11,1,1,0,0,70.38713931
105,3,0,1,1,1,18.91536814
1041,10,1,1,0,1,74.49271772
982,9,1,1,0,0,67.7554909
980,11,1,1,0,1,66.50513044
987,14,1,0,0,1,66.97168976
988,9,1,0,0,0,70.50982427
1009,10,1,1,1,1,74.51309062
1013,12,1,1,1,0,71.13647221
1018,6,1,1,0,0,74.65549459
1021,11,1,1,0,0,70.26134581
1015,11,1,0,0,0,71.4321182
85,4,0,1,0,1,15.04757199
1004,10,1,1,0,0,70.03582433
1016,10,1,0,0,0,73.63787889
1000,10,1,0,0,0,70.73604223
1008,10,1,0,1,0,94.57053498
1029,10,1,1,0,0,72.0944275
1033,12,1,0,0,0,72.61170394
1020,13,1,1,0,0,67.8217249
1005,9,1,0,0,1,72.81235879
948,11,1,1,0,0,62.91817782
1010,7,1,0,0,0,75.49739284
1002,11,1,1,0,0,68.41577525
1029,12,1,0,0,1,73.45035082
97,3,0,0,0,0,17.33343065
103,4,0,0,0,0,16.68603389
99,2,0,0,0,0,19.22299053
1011,9,1,1,0,0,70.68847707
1047,8,1,1,0,1,78.234071
98,5,0,0,0,0,15.81730834
975,8,1,0,1,0,92.57075036
1028,10,1,1,1,0,75.46291944
980,11,1,1,1,0,68.91375648
1030,10,1,1,0,0,71.2698664
104,2,0,1,0,0,17.060705
1004,9,1,1,0,1,71.23514095
1000,11,1,0,0,1,70.80286282
102,4,0,0,0,0,16.18931181
1017,9,1,0,0,0,73.44155525
97,3,0,0,0,0,18.12103484
1016,9,1,1,0,0,70.85566559
103,3,0,0,0,0,17.80699606
984,8,1,1,0,1,68.51467324
1018,11,1,1,0,0,69.74074707
979,11,1,1,0,1,67.13012537
979,10,1,1,0,1,67.51156535
1043,11,1,1,0,1,73.79755862
987,11,1,1,0,0,66.43279691
955,13,1,1,0,0,61.78372056
1005,8,1,0,0,1,74.79393836
99,5,0,1,0,0,13.70804058
99,3,0,1,0,0,15.45430566
1039,10,1,1,0,0,72.64842194
1013,11,1,1,0,0,69.58346924
993,7,1,1,0,0,71.57690127
83,5,0,1,0,0,13.10763192
977,13,1,1,0,0,63.14828777
101,2,0,1,0,0,16.74751785
103,4,0,1,0,0,14.9223156
1028,15,1,1,0,0,67.16288505
1002,9,1,0,1,1,96.46078505
1017,9,1,0,0,1,75.16807984
104,3,0,1,0,0,15.63561472
1008,11,1,1,0,0,68.23524067
1014,10,1,1,0,0,70.54350773
998,13,1,1,0,1,66.49656848
1015,5,1,1,0,0,75.78549584
1011,9,1,0,0,0,72.47104164
976,13,1,1,0,0,63.81927656
1005,10,1,1,0,0,69.543398
1024,11,1,1,0,0,70.29450638
997,8,1,0,0,0,72.40156928
969,13,1,1,1,1,66.6048738
1015,8,1,0,0,1,75.85811933
984,11,1,1,0,1,66.14957435
1004,11,1,0,0,0,70.50811127
983,9,1,1,0,0,68.15966965
101,3,0,1,0,1,16.64467677
97,3,0,0,0,0,17.47333091
1023,12,1,1,0,0,68.90267009
1003,6,1,1,0,0,72.79663711
992,10,1,0,0,0,70.17608885
1031,10,1,1,0,0,71.59579902
89,2,0,1,0,0,17.35387339
1019,9,1,1,0,1,72.9702621
1004,10,1,1,0,0,69.16558981
1011,13,1,0,1,0,92.68681551
93,3,0,1,0,1,17.37470939
1008,9,1,1,0,0,70.3790319
992,13,1,1,0,0,64.72752081
1012,8,1,1,0,0,72.71066449
997,11,1,1,0,1,67.97482631
111,4,0,1,0,1,16.84231314
989,6,1,1,1,1,75.48212302
982,9,1,1,0,0,66.999981
1001,9,1,1,0,0,69.36231152
955,11,1,1,0,0,63.59017637
101,3,0,1,0,1,16.11490609
90,3,0,1,0,0,14.9869811
969,11,1,1,0,0,64.43017802
986,12,1,1,0,1,66.6784759
91,2,0,1,0,0,16.65735503
92,2,0,0,0,1,19.57901677
104,4,0,1,0,0,15.387919
1000,10,1,1,0,1,69.34661825
974,13,1,0,0,1,65.17372123
104,4,0,1,0,1,15.27130248
105,1,0,1,0,0,17.43575426
976,9,1,1,0,1,67.93168768
1008,8,1,1,0,1,72.6491026
962,12,1,1,1,1,67.24344492
1017,9,1,0,1,0,97.58862375
955,13,1,1,0,0,60.76230248
1029,10,1,0,0,1,75.14073335
1001,8,1,0,0,0,73.64638713
988,10,1,1,0,0,68.53412876
996,9,1,0,0,0,71.51558822
104,3,0,1,0,0,15.77014515
980,9,1,1,0,1,69.13822421
991,8,1,1,1,0,73.77082785
93,2,0,0,0,0,18.06322583
103,4,0,1,0,1,16.23126368
101,3,0,0,0,1,18.68710472
1006,10,1,1,0,0,69.49480574
1013,11,1,1,0,0,69.77802942
1012,7,1,0,0,1,75.90626558
1020,10,1,1,0,0,70.76244423
1013,13,1,1,0,0,67.2212153
1036,10,1,1,0,0,72.88127777
997,12,1,0,1,1,92.47685753
1006,10,1,1,0,0,69.21925959
1014,14,1,1,0,1,67.20878468
996,9,1,1,0,0,70.22394107
1033,10,1,0,0,0,74.86622166
108,4,0,0,0,0,17.34790898
989,10,1,1,0,1,68.93720684
1042,9,1,0,1,0,101.1002191
99,4,0,1,0,0,14.97451089
1020,9,1,0,0,0,73.81979658
101,2,0,1,0,0,16.75959234
997,9,1,1,0,1,70.9261833
1027,10,1,1,0,0,71.44398412
986,9,1,0,0,0,70.90603101
1009,12,1,1,0,0,68.99264076
1007,11,1,1,0,1,69.58210426
984,8,1,1,0,1,70.54890802
1002,9,1,1,0,0,70.39994979
972,9,1,1,0,0,66.69326191
98,4,0,1,0,1,15.23237878
995,10,1,1,0,0,68.22800987
103,3,0,1,0,0,16.44913035
978,9,1,0,0,1,70.28809247
102,1,0,0,0,0,19.29345352
105,3,0,1,1,0,18.86346933
968,11,1,1,0,0,64.5045011
979,8,1,1,1,0,71.19077976
1027,8,1,1,1,0,76.90702736
105,2,0,1,0,0,17.00547826
95,2,0,1,0,1,16.47253551
973,10,1,1,0,0,66.72444802
983,12,1,1,0,0,66.04653148
101,4,0,1,0,0,14.56325884
996,9,1,1,0,1,70.62734236
100,1,0,1,0,1,18.86441896
971,9,1,1,0,0,66.15206623
1008,11,1,0,0,0,71.9044109
1013,10,1,1,0,0,70.60501067
1040,10,1,1,0,0,73.32070009
1004,7,1,1,0,1,73.49277988
1019,9,1,1,0,1,73.50755537
95,1,0,1,0,0,16.92174386
1017,8,1,0,0,0,74.86784441
964,12,1,1,0,0,63.09521273
1008,14,1,0,0,0,67.13371393
99,4,0,1,0,0,14.9520029
101,5,0,1,0,0,12.67437981
97,3,0,1,0,0,15.46995088
93,3,0,1,0,1,16.6800109
99,6,0,1,1,0,15.08720481
102,3,0,1,0,0,15.78392931
95,3,0,1,1,1,19.64518518
107,4,0,1,0,0,14.77079022
978,7,1,0,0,0,70.86157809
1021,12,1,0,0,0,71.53383165
100,1,0,1,0,1,18.70509898
98,2,0,1,0,1,17.76713453
978,7,1,1,0,1,70.70979108
1013,12,1,1,0,0,69.12766704
1012,12,1,0,0,1,72.30763174
980,9,1,1,0,0,67.80609472
999,9,1,1,0,0,70.49449345
1008,8,1,0,0,1,74.82541628
1011,14,1,0,1,0,92.02334508
986,13,1,1,0,1,65.30167886
994,11,1,0,0,0,68.97934541
974,10,1,1,0,0,66.36623978
988,10,1,1,0,0,67.34634714
86,4,0,1,0,0,13.83773225
994,9,1,0,1,0,94.08128679
996,12,1,0,0,0,69.56276193
1000,9,1,1,0,0,69.67364803
1017,10,1,0,1,0,96.31091678
96,4,0,1,0,0,14.07775729
988,12,1,0,0,0,67.54615597
1011,12,1,1,0,0,67.76020596
998,12,1,1,0,0,66.22549215
962,12,1,1,0,0,61.84597204
972,9,1,1,0,0,66.83958964
105,4,0,1,0,0,14.3807405
102,3,0,1,0,1,15.75770783
995,7,1,1,0,1,72.47104792
1002,9,1,1,1,0,72.73409664
996,9,1,1,0,0,70.34838832
101,2,0,1,0,0,16.11870855
93,2,0,1,0,0,15.79310592
104,5,0,1,0,0,12.55503958
983,12,1,1,0,0,63.8104614
92,3,0,1,0,1,16.59445141
1007,8,1,0,0,1,75.15507578
987,11,1,1,0,0,66.35204236
991,12,1,1,0,0,65.45537484
94,3,0,1,0,0,15.35734387
988,10,1,1,0,0,68.24355987
984,7,1,1,0,1,71.27068728
96,5,0,1,0,0,14.12849237
993,12,1,1,0,0,66.11220215
1007,9,1,1,0,1,70.72884834
973,9,1,1,0,1,67.89215017
995,10,1,1,0,0,68.88569773
1007,10,1,1,0,0,69.82509105
1010,10,1,1,0,0,70.04551467
997,6,1,1,0,0,72.45091973
982,11,1,1,0,0,65.61117787
1002,6,1,1,0,0,72.63777224
101,2,0,1,0,0,16.74310528
974,9,1,1,1,0,69.73121747
1013,8,1,0,0,0,74.89598682
995,8,1,1,0,0,69.92249854
982,10,1,1,0,0,66.96746312
960,12,1,1,1,0,64.98000506
972,11,1,0,0,1,67.75785292
987,11,1,0,1,1,92.9713045
997,7,1,1,0,0,71.03150386
993,13,1,0,0,0,67.14825908
1025,8,1,1,0,0,73.85365758
1012,10,1,0,0,0,72.21918923
1023,13,1,0,0,1,72.01336121
995,13,1,1,0,1,66.79749516
999,14,1,1,0,1,66.36646525
1030,8,1,0,0,0,76.18808754
1002,12,1,1,0,0,66.92144316
103,3,0,0,0,1,17.82229421
1027,7,1,0,0,1,77.97154651
988,9,1,1,1,1,72.98052425
98,2,0,1,0,0,16.12210793
97,2,0,1,0,0,16.52338524
996,7,1,0,0,0,73.90338929
1010,6,1,1,0,1,75.19132683
104,4,0,1,0,0,14.9954926
103,3,0,1,0,0,15.68697699
982,15,1,0,0,1,65.217282
1006,10,1,1,0,1,70.91263886
1023,12,1,1,0,0,69.3836778
976,8,1,0,0,0,69.95095773
92,4,0,0,1,0,20.94776264
103,4,0,0,0,1,17.49882297
98,4,0,1,0,1,15.31973827
1009,14,1,1,1,1,69.92775288
995,9,1,0,0,0,71.44221607
106,2,0,1,0,1,16.50518708
95,3,0,1,0,0,15.14725815
1020,11,1,0,0,1,72.92116391
1005,7,1,0,0,0,75.05835997
1011,8,1,1,0,0,71.52094476
1016,8,1,1,0,0,73.0745079
983,7,1,0,0,1,73.22370918
957,13,1,0,0,0,63.2925285
982,10,1,1,0,1,68.01705144
1005,12,1,1,0,0,67.43639502
1047,9,1,1,0,0,75.44701541
99,4,0,1,0,0,14.09460491
108,2,0,1,0,0,17.0089111
97,4,0,1,0,1,15.33848083
979,8,1,1,0,0,67.4440892
99,5,0,0,0,0,15.90186071
986,14,1,1,0,1,64.72275929
990,11,1,0,1,0,91.16415682
1019,10,1,1,0,0,71.03891708
980,7,1,1,0,1,70.59322508
1007,12,1,0,0,0,70.28932953
98,3,0,0,0,0,17.05386217
958,11,1,1,0,0,63.77833142
988,11,1,0,0,0,68.62873298
1013,10,1,0,0,0,73.2039576
95,3,0,1,0,0,14.89154142
107,3,0,1,0,0,15.99659096
997,13,1,1,0,0,65.2084114
1017,10,1,1,0,0,71.46531078
1021,8,1,0,0,0,75.86747806
1006,9,1,1,0,1,71.81126195
966,10,1,1,0,0,65.25926747
96,4,0,0,0,1,17.34974093
1002,11,1,1,0,0,68.5144348
976,9,1,1,0,0,67.25781219
96,2,0,1,0,0,16.3236097
997,11,1,1,0,0,67.632238
1022,11,1,1,0,1,71.41570157
989,9,1,1,0,1,69.21901263
1004,6,1,1,0,1,74.50368944
1017,12,1,1,0,0,68.17562867
1010,8,1,0,0,0,74.27370288
99,2,0,1,0,0,16.36257606
105,5,0,1,0,0,13.2311579
1008,10,1,0,0,0,71.88267709
977,10,1,1,0,0,65.84211339
1015,9,1,1,0,0,71.46544183
1010,10,1,0,0,0,71.80496164
96,2,0,1,1,0,20.1930846
98,3,0,1,0,0,15.09573737
1031,5,1,1,0,1,78.03227832
1006,11,1,1,0,0,69.24326668
1001,12,1,1,0,0,67.45893052
998,10,1,1,0,0,68.98148041
990,10,1,0,0,0,69.46091411
100,3,0,1,0,0,14.71772325
95,3,0,0,0,0,16.8657555
1011,10,1,1,0,1,70.83205469
983,10,1,1,0,1,67.84688339
108,2,0,1,0,0,17.51070933
974,11,1,0,0,1,68.24779359
1001,11,1,1,0,1,69.12699107
983,9,1,1,0,1,69.37962762
954,12,1,0,0,1,65.87621555
1001,9,1,1,0,0,69.82433014
1005,11,1,1,0,0,68.68182693
963,10,1,1,0,1,65.77607097
1020,14,1,1,0,1,68.1883827
1010,12,1,0,0,0,69.95993072
100,3,0,1,0,0,15.31326811
968,11,1,0,0,0,66.08730367
99,3,0,0,0,0,16.84828435
108,3,0,1,0,0,16.34785052
966,9,1,1,1,1,70.65645916
1002,9,1,0,0,0,72.18060082
1005,14,1,0,0,0,66.88104822
998,13,1,0,0,0,67.67021873
992,10,1,1,0,0,67.37415905
990,13,1,1,0,1,65.89515309
94,1,0,0,1,1,25.26571512
90,6,0,1,0,0,11.66819708
1032,9,1,1,1,1,78.0303313
1002,11,1,1,0,0,68.40148046
1002,11,1,1,0,0,67.87624459
100,3,0,1,0,0,15.5873294
984,8,1,0,0,0,71.50520906
1010,9,1,1,0,0,70.58396027
1012,11,1,1,1,0,72.63830007
1018,10,1,1,0,0,70.55905121
999,11,1,1,1,0,71.1173278
104,3,0,0,0,0,17.3839733
978,13,1,1,0,0,64.22201308
1010,10,1,1,1,0,73.21925692
109,3,0,1,0,0,15.47665108
998,8,1,1,0,0,70.26388514
1034,12,1,1,0,0,70.39439763
94,3,0,1,0,0,15.74082525
98,4,0,1,0,0,14.47992556
88,3,0,1,0,1,16.40896352
1004,11,1,0,0,1,71.67228361
100,4,0,1,0,1,14.71081963
1051,10,1,1,1,0,78.21128548
1016,12,1,0,0,1,72.3047553
99,3,0,1,0,1,16.36507964
1001,14,1,1,0,0,65.69101031
986,11,1,1,0,0,67.15125167
1024,12,1,1,0,1,71.31964939
977,12,1,1,0,0,65.10438208
994,11,1,1,0,0,66.97253531
988,10,1,1,0,1,68.76643888
97,3,0,1,0,0,15.01382013
113,3,0,1,0,0,16.35004623
989,9,1,1,0,1,70.37267903
1012,8,1,0,0,0,74.51999557
973,11,1,1,0,0,65.51769798
102,4,0,1,0,1,15.49324489
1035,7,1,0,0,0,78.61066378
1006,10,1,1,0,0,70.50268643
1017,13,1,1,1,0,71.61273277
969,11,1,1,0,0,64.12485569
107,3,0,1,0,0,15.38283303
995,10,1,1,0,0,68.80866736
957,8,1,1,0,1,67.80010837
95,3,0,0,0,0,16.75076522
96,3,0,1,0,1,15.61866839
1027,9,1,1,0,0,72.66636241
1018,8,1,0,0,1,75.61279529
103,4,0,0,1,0,21.44803442
1003,14,1,1,0,0,65.40143498
113,3,0,1,0,0,15.08378576
109,3,0,1,0,0,16.16458156
91,2,0,1,0,1,17.64981799
996,15,1,1,0,0,63.24970121
1013,9,1,0,0,1,73.64390349
101,1,0,1,0,1,18.86701793
1023,12,1,1,0,1,70.04911944
1013,10,1,0,0,1,73.97456023
981,11,1,1,0,0,66.30983497
1026,10,1,1,0,0,71.75483266
990,7,1,0,0,1,73.72625464
101,1,0,0,0,0,19.52114922
993,9,1,1,0,0,69.34489975
102,3,0,1,0,0,15.11920639
974,11,1,1,1,0,68.21308057
97,2,0,0,0,0,17.82838198
997,10,1,0,0,0,70.84010691
94,0,0,1,0,1,18.89385039
96,4,0,0,0,0,15.77651606
996,13,1,1,0,0,65.01080394
981,8,1,1,0,0,69.15434667
1026,9,1,0,0,0,74.88770297
107,5,0,0,0,0,15.63818489
973,8,1,1,0,1,69.15326564
1008,8,1,1,0,1,72.51922669
998,10,1,0,0,0,70.3421261
1002,8,1,1,0,1,72.33163006
1013,9,1,0,0,0,74.04047627
87,1,0,0,0,0,18.99864624
105,1,0,1,0,1,18.65702293
1015,6,1,1,0,0,74.71665956
1009,5,1,1,0,0,75.70935172
1012,11,1,1,0,0,69.64890176
1028,10,1,1,0,0,72.5681764
1006,13,1,1,0,0,67.61572278
1000,15,1,1,0,0,63.49178263
984,10,1,1,0,1,69.43671661
983,14,1,1,0,0,62.96065117
95,4,0,0,0,0,16.54657747
1011,8,1,1,1,0,76.03269072
1026,14,1,1,0,0,67.30378361
1040,7,1,0,0,0,78.98438214
998,9,1,0,0,0,71.62906677
1025,9,1,1,0,0,72.11387165
1037,11,1,1,0,0,71.74845605
1007,13,1,0,1,0,93.22566513
1008,10,1,1,0,0,69.6990469
1001,6,1,1,0,0,73.15228215
1021,5,1,0,0,1,79.50799409
977,10,1,1,0,1,67.57092006
102,4,0,1,1,1,18.9165259
985,14,1,1,0,0,64.0739087
980,10,1,1,0,0,66.38010926
994,10,1,0,0,0,70.72147169
999,12,1,1,1,0,70.68341995
994,10,1,1,0,0,67.74495931
997,14,1,1,0,1,65.66178303
1024,13,1,1,0,0,69.25482777
990,9,1,1,0,0,68.54182191
981,9,1,1,1,1,71.49803835
1007,9,1,1,0,1,72.38159612
974,8,1,1,0,1,69.11017262
1003,9,1,1,0,0,70.41106488
1046,8,1,0,0,0,78.63532453
963,13,1,1,0,1,63.88208179
997,9,1,0,0,1,73.18703205
99,3,0,0,0,1,17.92003218
101,4,0,1,0,0,14.281426
103,4,0,1,1,1,19.27058187
1011,7,1,0,0,1,76.85710724
999,9,1,0,0,1,72.93608597
1015,9,1,1,0,1,72.68453199
98,2,0,1,0,0,16.05264743
985,8,1,1,1,0,72.43794326
102,2,0,1,0,0,16.03696937
1012,10,1,1,0,0,69.91434743
102,4,0,1,0,0,15.19581747
1019,10,1,1,0,0,71.77875104
1001,12,1,1,1,0,69.79859487
998,11,1,0,0,1,71.08594993
993,9,1,1,0,1,70.40989784
92,4,0,1,0,1,14.9274216
1012,13,1,1,0,0,67.87361942
987,11,1,1,0,0,66.91723253
111,2,0,0,0,0,18.64307288
978,9,1,1,0,0,67.92876745
994,8,1,0,0,1,72.04231374
982,13,1,1,0,0,63.35078403
1026,8,1,1,0,0,73.44406102
974,11,1,0,0,0,67.92979868
986,11,1,1,0,0,66.93890067
91,3,0,1,0,0,14.74744166
96,4,0,1,0,0,13.88530938
1047,10,1,1,0,0,73.52711754
991,13,1,1,0,0,64.57565704
95,5,0,1,0,0,12.81427312
1011,6,1,0,0,0,76.28874968
1011,9,1,1,1,0,73.92927209
1009,10,1,0,0,0,72.26182869
1015,13,1,1,0,0,67.06450867
105,5,0,1,0,0,14.05038396
1021,9,1,0,0,0,74.02063058
982,10,1,0,0,1,69.53215853
103,4,0,1,0,1,15.73178517
1017,7,1,1,0,1,75.07566033
107,4,0,1,0,0,14.47356902
1001,10,1,1,0,0,68.91708471
1017,8,1,1,0,0,72.30584188
1004,6,1,1,1,1,77.53374612
110,1,0,1,1,0,20.51322364
99,2,0,1,0,0,15.52321766
977,11,1,1,1,1,69.48724008
1025,13,1,1,0,1,69.86557138
989,10,1,1,0,0,67.40321344
995,10,1,1,0,1,69.6050575
101,2,0,0,0,0,18.82590087
102,4,0,1,0,1,15.6295298
1021,11,1,1,0,1,70.90685844
97,1,0,0,0,0,18.73345404
1019,11,1,0,0,0,72.3697077
989,11,1,1,0,0,66.81799219
1005,10,1,0,0,0,72.41434638
1035,11,1,0,0,0,73.64970002
1025,11,1,1,1,0,73.49729617
100,2,0,1,0,0,17.1694067
976,9,1,1,0,0,67.12976149
103,2,0,1,0,0,16.01734944
103,2,0,1,1,1,20.94107673
1000,10,1,1,0,0,68.97689984
98,5,0,1,0,1,14.55020214
95,4,0,0,1,1,22.55974899
969,12,1,1,0,0,63.3564186
994,9,1,1,0,0,68.5886078
1004,6,1,1,0,1,74.63635806
1026,7,1,1,0,0,75.14783202
100,3,0,1,0,0,16.39363673
999,11,1,1,0,0,67.93704401
1029,14,1,0,0,0,70.17114767
1000,10,1,1,0,0,69.45989112
108,3,0,1,0,0,15.81478848
92,2,0,1,1,1,20.51000913
956,9,1,1,0,1,65.70094962
988,10,1,0,0,0,69.19984227
991,8,1,1,0,0,71.47325177
1010,10,1,1,0,0,70.98894289
91,3,0,1,1,0,19.10418843
986,11,1,0,0,1,69.62051184
1009,9,1,1,0,0,71.13111965
103,1,0,1,0,0,17.76826055
1002,11,1,1,0,0,68.18413086
991,7,1,1,0,0,70.99713738
103,3,0,0,0,1,17.75762981
100,1,0,1,0,0,18.09554765
1003,13,1,0,1,0,91.45920664
99,4,0,1,0,1,15.69310534
989,11,1,1,0,0,67.06661561
979,10,1,1,0,1,67.66397851
103,2,0,1,0,0,16.14418414
97,4,0,1,0,0,14.86801906
969,9,1,1,0,0,66.68378286
1003,9,1,0,1,0,95.4263423
998,10,1,0,0,1,71.66526193
1042,10,1,0,0,0,75.46045471
93,2,0,1,0,1,17.35923437
98,3,0,1,0,0,15.67655533
983,8,1,1,0,1,70.47954338
104,2,0,1,0,0,16.90301293
101,2,0,1,0,1,17.66218832
993,10,1,1,0,1,68.42454284
1000,9,1,0,0,0,71.71698365
1008,9,1,1,0,0,70.08550991
104,4,0,1,0,0,13.80230911
992,7,1,1,0,0,71.06853795
112,3,0,1,0,1,16.71719868
104,2,0,1,0,0,16.17613498
993,6,1,0,0,0,74.19242746
1032,11,1,1,0,1,72.13289021
102,3,0,1,0,0,15.27381419
99,3,0,1,0,0,14.96129515
1009,13,1,0,0,0,69.32907903
109,4,0,0,0,0,16.34044264
1029,14,1,1,0,0,67.72990897
978,10,1,0,0,1,69.31589471
1008,10,1,1,0,0,69.22083938
95,3,0,1,0,1,16.32258414
1015,10,1,1,0,0,70.85641566
1022,9,1,1,0,0,72.49107303
980,6,1,0,0,0,73.43014642
100,2,0,0,0,0,19.17231038
1032,10,1,0,0,0,74.3361867
990,13,1,1,0,0,65.26071626
104,4,0,1,0,0,13.99180655
1026,8,1,0,0,0,76.1762961
1007,10,1,1,0,1,70.35599923
103,1,0,1,0,0,17.88760517
990,9,1,1,0,1,70.33337751
105,2,0,1,0,1,17.42633219
979,12,1,1,0,0,65.4420726
1003,11,1,0,0,0,70.25629942
998,11,1,1,0,0,67.43375374
966,9,1,1,0,1,67.26857027
987,11,1,1,1,0,69.1761239
1003,9,1,1,0,0,69.99121796
1045,10,1,0,0,0,76.46691499
97,3,0,1,0,0,14.66285014
981,13,1,1,0,0,64.32383468
1046,9,1,1,0,0,76.12699082
95,4,0,1,0,0,13.89992128
993,12,1,1,0,0,66.43861431
1029,11,1,1,0,1,72.67459627
988,9,1,0,0,0,70.73806546
99,3,0,1,0,0,15.23536418
1019,10,1,1,0,1,72.11391452
998,11,1,1,0,0,68.07226354
994,10,1,1,0,1,68.56967821
967,9,1,1,0,0,67.44615988
1026,6,1,1,0,0,75.9558958
96,2,0,1,0,0,16.54796098
1006,7,1,1,0,0,72.67052728
1029,11,1,1,1,0,74.25645996
1012,6,1,1,0,0,74.59887086
101,3,0,1,0,1,16.9496779
995,9,1,0,1,0,93.78777105
990,12,1,1,0,0,65.72581991
99,3,0,1,0,0,15.44496779
1001,12,1,1,1,0,69.55867347
111,2,0,1,0,0,17.06772737
999,8,1,0,0,0,73.13661189
986,10,1,1,1,1,71.9298159
966,10,1,1,0,0,65.55251175
1003,11,1,1,0,0,68.16580708
1031,9,1,1,0,0,73.47164778
104,4,0,1,1,0,17.81655039
1020,6,1,1,0,1,76.20608853
97,3,0,1,0,0,15.3844479
989,11,1,0,1,0,90.76914137
1010,10,1,1,0,0,69.85987897
1017,9,1,1,0,1,72.96500033
1017,10,1,1,0,1,72.49122633
94,3,0,0,0,0,17.7061857
969,7,1,1,0,0,68.27320789
982,7,1,1,0,0,69.97669126
108,4,0,1,0,0,15.07492508
109,4,0,1,0,0,14.57306386
1016,12,1,1,0,0,68.35690523
1001,9,1,1,0,0,69.65947778
1000,9,1,1,1,0,73.08435617
974,9,1,1,0,1,68.44196052
105,4,0,1,0,0,13.96067211
951,11,1,1,0,0,61.99364557
955,10,1,0,0,1,66.59134922
993,9,1,0,0,0,71.01838087
1017,12,1,1,0,0,68.78752048
98,2,0,1,0,0,16.78262158
1024,9,1,0,1,1,99.75982041
1019,8,1,0,1,1,99.81394977
1008,8,1,1,0,0,72.82861975
984,13,1,1,1,0,66.3068278
94,3,0,1,0,0,15.04100027
89,1,0,1,0,1,18.28990057
103,4,0,1,0,0,14.01308552
1022,11,1,1,0,1,71.38315303
1009,9,1,1,0,1,71.48649973
96,4,0,1,0,0,13.90888634
979,11,1,1,1,0,68.77693356
1043,9,1,0,0,0,76.25592254
999,10,1,0,0,1,71.83655236
1010,11,1,0,0,1,72.23089441
1009,6,1,0,0,0,76.95583174
983,10,1,0,0,1,69.94959152
113,4,0,1,0,1,15.13726262
963,7,1,1,1,0,70.52610447
1014,8,1,0,0,1,75.1765773
95,4,0,1,0,1,15.11651358
1011,11,1,1,0,1,69.93485143
972,9,1,0,0,0,69.23921351
98,4,0,1,0,1,15.65619163
1022,9,1,0,0,1,75.55680193
974,12,1,1,0,0,64.61745551
98,4,0,1,0,1,15.6383857
93,1,0,1,1,0,20.20832487
985,11,1,0,0,1,68.78541296
108,3,0,1,0,0,15.38671431
93,3,0,1,0,0,15.81797503
1010,9,1,1,0,0,70.79251123
1018,9,1,1,0,0,71.73502391
978,9,1,1,0,0,67.26456553
1039,8,1,1,0,0,74.88283087
100,2,0,1,0,1,17.15950704
999,11,1,1,0,1,69.67286222
1001,9,1,1,1,0,73.45945332
982,11,1,1,0,0,66.21579029
100,2,0,0,0,0,18.65361842
112,2,0,1,1,0,20.48190931
1006,8,1,1,0,0,70.85936858
1035,11,1,1,0,0,72.18769122
97,2,0,0,0,1,19.18728177
99,5,0,1,0,0,12.5816931
1015,13,1,1,0,0,67.0810771
998,11,1,1,0,0,68.08628874
953,9,1,0,0,1,68.33261448
101,2,0,1,0,0,15.66514905
981,11,1,1,0,0,65.12915897
93,2,0,1,0,0,15.80855718
989,14,1,1,0,1,65.4159888
990,10,1,1,1,1,71.93403414
968,10,1,0,0,0,67.82110403
102,5,0,0,0,0,15.50152191
1015,9,1,0,0,0,73.27101918
102,2,0,1,0,0,17.28010056
1010,10,1,1,0,1,71.57995206
1025,12,1,1,1,0,72.85796454
102,2,0,1,0,0,16.02434815
96,3,0,0,0,0,17.32156369
1018,10,1,1,0,1,72.21916009
97,3,0,1,0,0,15.36756639
91,4,0,1,0,0,14.74137405
105,3,0,1,0,1,16.68888029
990,11,1,1,0,0,66.86408356
989,12,1,1,0,0,65.69345577
95,4,0,0,0,0,16.26483184
983,8,1,1,0,1,69.89637463
1003,7,1,0,0,1,75.69301321
1006,12,1,1,0,0,67.59691094
100,5,0,1,0,1,14.39823806
1012,7,1,0,0,1,76.78564671
968,8,1,1,0,0,67.04026264
97,4,0,1,0,0,14.55928739
103,1,0,1,0,1,18.74937359
998,13,1,1,0,1,66.93615735
1026,9,1,1,0,0,72.86350516
99,3,0,0,0,0,17.28807071
999,13,1,0,0,0,68.34834735
1023,12,1,0,0,0,71.60448577
85,3,0,1,0,1,16.16065197
98,3,0,1,0,0,14.62829487
1057,9,1,1,1,1,80.51695781
999,10,1,1,1,1,72.67666983
96,3,0,1,0,1,17.59192482
100,1,0,1,0,1,18.33285527
968,8,1,1,0,1,68.63905631
1001,12,1,1,0,1,69.06164366
1035,8,1,0,0,0,76.47195232
96,3,0,0,0,0,17.71588147
965,9,1,0,0,0,68.17857463
981,6,1,1,0,0,71.06400437
982,11,1,0,0,0,67.48350796
1022,6,1,0,0,1,78.68524005
991,11,1,1,0,1,68.20848408
101,2,0,1,0,0,17.69098861
1001,11,1,0,0,0,70.14256861
95,2,0,1,0,0,16.23198151
962,8,1,0,0,1,70.18659853
101,4,0,1,0,1,15.84073943
1037,9,1,1,0,1,75.33137829
106,3,0,1,1,1,19.67557876
964,10,1,1,1,0,68.4191182
960,7,1,0,1,1,92.44537836
988,8,1,1,0,1,70.94651719
1022,12,1,1,0,0,70.09676925
1043,9,1,1,0,0,75.00343749
102,4,0,0,0,1,17.53984914
990,7,1,1,0,0,71.12008744
1028,8,1,1,0,1,75.73908743
988,10,1,0,0,0,69.73292605
995,11,1,1,0,0,67.456168
1007,10,1,1,0,0,70.56658131
974,6,1,1,0,0,71.39711782
1000,10,1,1,0,0,69.68134021
984,9,1,0,0,0,70.62110592
1027,10,1,0,0,1,74.7228884
103,5,0,1,0,0,13.26834669
1010,11,1,1,0,0,70.04138899
1023,10,1,1,0,1,72.92192238
993,9,1,1,0,1,69.93592243
103,2,0,1,0,1,17.80684723
100,1,0,0,0,1,20.29947297
103,4,0,1,0,0,14.97420314
102,3,0,1,0,0,15.64014034
995,11,1,0,0,1,71.16786456
976,12,1,0,0,1,67.78802488
984,9,1,0,0,1,71.60953515
1001,7,1,0,1,1,97.88890662
101,4,0,1,0,0,13.92833304
985,11,1,1,0,1,67.66225656
1003,9,1,1,0,1,70.76769784
1033,7,1,0,0,1,79.14502563
1008,10,1,1,0,0,70.75127521
98,3,0,0,0,0,17.30049815
1021,11,1,1,0,0,70.20296263
991,8,1,0,0,0,71.52295819
1017,8,1,1,0,0,72.52141139
90,1,0,0,0,1,20.46230058
1013,9,1,1,0,1,72.52984936
104,4,0,0,1,0,21.99180355
990,7,1,1,0,0,70.47737596
1014,10,1,1,1,0,73.85098008
1007,7,1,1,0,1,74.5714269
1011,14,1,0,0,1,68.38998107
100,3,0,1,0,1,16.24308287
1008,8,1,1,0,0,71.33730871
988,11,1,1,0,0,66.65532203
983,8,1,1,1,0,71.77001628
1024,12,1,1,0,0,69.37594062
1001,9,1,0,0,0,71.86415795
1026,9,1,1,0,0,73.05847541
1004,11,1,1,0,0,68.15171596
1026,8,1,0,0,0,75.55615643
1017,5,1,0,1,0,101.389958
1040,7,1,1,1,0,79.04010919
1018,8,1,1,0,1,73.54425642
967,10,1,1,0,0,65.07352637
998,7,1,0,0,1,75.48940765
989,11,1,1,0,1,67.65084959
963,12,1,1,0,0,64.05499304
1002,10,1,1,0,0,69.87161485
1001,10,1,1,1,1,73.3163332
1002,8,1,0,0,1,73.32706112
99,2,0,0,0,0,18.57583713
997,12,1,1,0,0,66.05309439
964,11,1,1,0,1,65.38071605
1004,10,1,1,0,0,69.74370488
995,11,1,0,0,0,69.55173125
992,11,1,1,0,0,67.52413885
102,3,0,0,1,1,24.1311122
951,10,1,1,0,1,64.18196163
107,4,0,0,1,0,21.05948689
1019,7,1,1,0,0,74.6955663
98,4,0,1,0,0,14.79966064
998,12,1,1,0,0,66.89528403
987,9,1,1,0,0,68.80171558
1021,6,1,1,0,1,76.13698071
973,10,1,1,0,0,66.25775519
969,14,1,0,0,0,63.7678223
988,9,1,1,0,1,70.21836414
994,8,1,1,0,0,70.64189543
1017,11,1,1,0,0,69.99539638
1033,10,1,1,0,0,72.56113591
1003,6,1,1,1,0,76.5591347
1021,13,1,0,0,0,70.56125863
1029,11,1,0,0,1,73.94875742
1012,11,1,0,0,0,70.97094443
1013,9,1,1,0,0,71.72921239
1022,8,1,1,0,0,72.84079126
92,2,0,1,0,1,17.82068344
1019,13,1,0,0,0,70.57119925
991,7,1,1,0,0,71.51976884
1008,7,1,0,0,0,75.10912832
100,5,0,1,1,0,16.70260534
990,10,1,1,0,0,67.74616552
1015,13,1,1,0,0,67.73798738
991,11,1,1,0,0,65.93157568
997,9,1,1,0,1,70.66515989
1005,14,1,1,0,0,66.0037642
1032,7,1,1,0,0,75.96104191
983,10,1,0,0,0,67.9843766
1038,12,1,1,1,0,74.35885793
109,3,0,1,0,0,15.40865985
1004,12,1,1,0,0,68.10132049
990,11,1,1,0,1,67.28131376
98,2,0,0,0,0,17.69845557
1007,11,1,0,0,0,70.71308412
979,9,1,1,0,1,69.31740484
107,4,0,1,0,0,15.83712362
112,3,0,1,0,0,15.75198207
99,5,0,0,1,0,20.79670184
993,5,1,1,0,0,72.48846649
990,15,1,1,0,0,63.9269092
97,4,0,1,0,0,14.54189811
955,13,1,0,0,0,63.78609656
103,4,0,1,0,1,15.15339448
1011,13,1,1,0,0,67.69414307
108,3,0,1,1,0,17.89987768
1003,13,1,1,0,0,66.10215928
985,11,1,0,1,0,91.74267165
997,11,1,1,0,0,68.72627971
1028,12,1,1,0,0,70.08346989
107,2,0,0,1,0,23.23200603
1036,10,1,1,0,1,74.59689712
1009,11,1,1,0,1,70.67492914
1005,9,1,0,0,1,74.31387076
98,4,0,0,0,1,17.7722912
989,8,1,1,0,0,70.43672078
97,3,0,1,0,0,15.98545226
1016,9,1,0,0,0,74.45687486
1015,7,1,1,0,0,74.19929725
1020,10,1,0,1,1,96.78476006
1001,7,1,0,1,1,97.64208757
97,4,0,1,0,0,14.58463689
1011,11,1,1,0,0,69.78988016
92,2,0,1,0,0,16.64336847
968,9,1,1,1,0,69.38800532
995,11,1,1,0,1,69.07342541
1005,8,1,0,0,0,73.30503432
988,13,1,1,0,0,64.79379284
1015,10,1,0,0,1,74.28607301
101,4,0,1,0,0,14.42198404
978,7,1,1,0,0,70.4124852
1042,8,1,1,0,0,75.89481351
992,11,1,0,0,0,69.06612933
97,3,0,1,1,0,18.7132381
951,10,1,1,0,0,62.95925397
91,4,0,1,0,0,14.1369498
1011,9,1,1,0,0,70.59404554
981,10,1,0,0,1,70.234306
99,2,0,1,0,0,16.75266556
998,13,1,0,0,0,67.83146178
1010,11,1,0,0,0,71.72752819
998,12,1,1,0,0,66.81347341
977,11,1,1,0,0,65.50205864
1004,11,1,1,0,0,68.19154866
992,8,1,1,0,0,70.04136475
975,14,1,1,0,0,62.8114866
103,1,0,1,0,0,17.96724638
1015,10,1,1,0,0,71.12901729
104,3,0,1,0,1,17.57340794
95,3,0,1,0,0,15.31133902
988,10,1,0,0,0,69.26958729
990,8,1,1,0,0,69.30661807
1016,11,1,1,1,1,74.26529192
984,11,1,1,0,0,66.94961415
1021,7,1,0,0,0,76.36092263
102,2,0,1,0,1,17.97502367
98,2,0,0,0,0,19.55187588
982,9,1,1,0,0,67.41211253
98,3,0,1,0,1,17.47667987
1036,11,1,0,0,0,74.50786369
106,3,0,1,0,0,16.16367029
103,4,0,1,0,0,14.25554483
993,11,1,1,0,0,67.47537012
980,8,1,0,0,0,70.31546737
99,3,0,0,0,0,18.69889358
985,7,1,1,0,0,70.47659636
1028,12,1,1,0,0,70.38161223
95,3,0,0,0,0,18.16954465
97,4,0,1,0,0,14.93343869
1027,11,1,1,0,0,71.09276682
102,3,0,0,0,0,17.44584239
1001,8,1,1,0,0,71.04859299
989,12,1,0,0,0,67.71915463
979,8,1,0,0,1,71.08970625
972,9,1,1,0,0,67.87801268
102,2,0,1,0,0,16.40437427
100,3,0,1,0,0,16.3452787
984,13,1,1,0,0,64.46145133
95,4,0,1,0,0,13.89399507
1025,8,1,1,0,1,74.62237569
1049,10,1,1,0,1,76.26129266
1000,12,1,1,0,0,66.60398445
1018,14,1,1,0,0,66.99423075
1016,11,1,1,0,0,69.46064525
1009,8,1,1,1,1,76.28484248
971,8,1,1,1,0,71.56122598
97,4,0,0,0,0,17.03283028
1008,14,1,1,0,1,66.96854195
1000,11,1,1,0,1,69.16996852
982,9,1,1,1,0,71.89881517
1015,8,1,1,0,0,72.13469293
986,10,1,1,0,1,69.25886894
1006,12,1,1,0,1,68.35098084
974,12,1,1,0,1,64.92518722
101,3,0,1,0,1,15.97579887
89,3,0,1,0,0,14.73687624
1048,13,1,0,0,0,74.1218636
977,8,1,1,0,0,69.04470719
978,11,1,0,0,1,68.44621048
1007,10,1,1,0,0,68.84259545
99,3,0,1,0,0,15.9656398
1016,13,1,1,0,0,67.21621606
963,8,1,1,1,0,70.08655161
985,9,1,1,0,1,69.08941235
977,11,1,1,0,1,66.41625581
997,13,1,0,0,0,67.48428446
983,11,1,0,0,1,69.88740422
1008,11,1,1,0,0,69.52363815
991,10,1,1,0,0,67.4218493
975,12,1,1,0,0,64.3374109
989,9,1,1,0,1,70.58775425
1009,12,1,1,0,0,67.68773561
999,10,1,0,0,0,71.03733504
96,3,0,1,1,0,18.66828121
994,12,1,1,0,0,66.03011203
103,4,0,0,0,0,17.32137789
987,10,1,1,0,0,67.48403866
101,3,0,1,0,0,16.02695982
1038,13,1,0,0,0,72.58179952
97,3,0,0,0,0,16.97972657
1000,11,1,1,0,1,68.16195374
953,9,1,0,0,0,67.41858329
1020,10,1,1,0,0,71.76461449
1020,7,1,1,0,0,73.97587232
959,12,1,1,0,0,62.60616986
1028,7,1,1,0,0,75.48149921
1015,10,1,1,0,1,70.92423693
983,8,1,1,0,0,70.01636775
1038,15,1,1,0,1,69.09430848
1005,10,1,1,0,0,70.15880919
992,13,1,1,0,1,66.0981932
992,11,1,1,0,0,67.21089857
964,11,1,0,0,1,67.91871022
1027,8,1,1,0,1,74.60672508
1009,10,1,1,0,0,69.28982988
1014,12,1,1,0,1,68.31449017
982,7,1,0,0,0,71.48273124
969,8,1,0,0,0,69.51030859
972,8,1,1,0,1,69.24714165
104,0,0,0,0,0,20.30319872
1018,7,1,1,0,1,75.81085193
98,4,0,0,0,1,17.02971796
991,12,1,1,1,0,69.63887585
1003,9,1,1,0,1,72.82046196
989,10,1,0,0,0,69.07402987
103,3,0,1,0,0,15.80591735
1024,10,1,1,0,0,72.08712723
1045,9,1,1,1,0,78.82887266
975,11,1,1,0,1,66.11653658
961,8,1,1,0,0,66.04504866
995,14,1,1,1,0,68.36219052
101,5,0,0,0,0,15.55079521
102,5,0,1,1,1,18.8155948
95,4,0,1,0,0,14.66140428
101,3,0,1,0,0,15.3444698
1003,9,1,1,1,0,72.90660406
107,1,0,1,0,0,18.49389457
971,13,1,0,0,0,65.24205056
990,12,1,1,0,1,67.05450597
1009,9,1,0,0,0,74.1689504
1020,10,1,1,0,0,71.12991318
96,3,0,1,0,0,15.51457839
1014,9,1,1,0,1,72.70482396
104,2,0,0,0,0,18.75585053
959,14,1,1,0,0,60.90120277
1015,7,1,1,0,0,72.72200352
96,2,0,1,0,0,15.81360545
87,2,0,1,0,0,16.12061837
1014,12,1,1,0,1,69.51230051
97,2,0,1,0,1,16.95088855
969,11,1,0,0,1,67.95199713
100,1,0,1,1,0,20.31793337
1014,8,1,1,1,0,74.96319579
103,3,0,0,0,1,18.53998425
1009,11,1,0,0,0,70.81422039
1005,11,1,1,0,0,69.31254154
1018,10,1,0,0,1,73.78782513
101,4,0,1,0,1,15.55774981
967,5,1,1,1,0,73.42713161
99,4,0,0,0,1,17.27617834
106,4,0,1,0,1,15.38580864
983,9,1,1,1,0,71.30092136
1000,11,1,1,1,0,71.1496579
998,10,1,1,0,1,69.01555391
103,4,0,1,1,0,17.22461196
1007,11,1,1,0,0,69.32907532
1000,10,1,1,0,0,69.43554812
1017,11,1,1,0,0,69.84143307
982,9,1,1,0,0,68.07908948
997,11,1,1,0,0,67.30376933
100,3,0,1,0,1,16.35197028
986,6,1,0,0,1,74.86068603
979,11,1,1,0,0,65.84418935
99,2,0,1,0,1,17.29390186
101,3,0,0,0,1,18.63318448
1022,12,1,1,0,1,70.71586822
96,1,0,1,0,1,17.82660985
100,1,0,0,0,1,20.67184249
1024,14,1,1,0,1,69.14503725
1033,6,1,0,0,0,78.2418043
970,8,1,1,0,0,67.64469343
1010,9,1,1,1,0,74.91933132
94,4,0,1,0,0,14.43153748
1002,11,1,1,0,0,68.92398496
95,4,0,1,0,1,14.93841373
963,6,1,0,0,1,71.98518155
1007,10,1,1,0,1,70.94107294
95,0,0,0,1,0,25.63596209
995,10,1,1,0,1,70.13871062
103,3,0,0,0,1,19.11873326
103,4,0,1,0,1,15.42365234
988,10,1,1,0,0,67.38173279
993,10,1,1,0,0,68.8930834
962,6,1,0,1,0,93.49367555
98,2,0,1,0,0,17.32294782
1038,9,1,1,0,0,74.24794249
965,13,1,1,0,0,61.32404591
972,10,1,1,0,0,66.4826522
1028,8,1,1,0,0,75.05335712
993,10,1,1,0,0,67.58419671
90,3,0,0,0,1,18.41605383
993,9,1,1,0,0,69.52644128
1036,12,1,1,0,0,70.5885973
982,7,1,1,0,1,70.48730604
86,2,0,1,0,0,16.08542842
96,2,0,1,0,1,17.17930335
984,9,1,1,0,0,67.13717475
989,13,1,0,1,1,89.83662326
973,11,1,0,0,0,67.14709665
999,12,1,0,0,0,68.28742916
999,6,1,1,0,0,73.03081932
1001,11,1,1,0,0,68.59308796
1025,13,1,1,0,0,68.41123156
965,9,1,1,0,0,66.61675701
993,10,1,1,0,1,68.41315185
98,2,0,1,0,1,17.49720557
1006,9,1,1,0,0,70.70397386
981,9,1,1,1,0,70.23215346
95,3,0,1,0,0,15.59565179
981,8,1,0,0,1,72.50076893
1006,9,1,0,0,0,71.89298304
955,7,1,0,0,0,68.7836268
969,7,1,1,0,0,68.29690112
980,11,1,0,0,0,68.28724482
1017,9,1,1,0,1,72.89702722
979,12,1,0,0,0,66.78784053
991,13,1,1,0,1,66.59070544
1024,9,1,1,0,1,73.60744948
1040,8,1,0,1,0,101.6759734
1021,10,1,0,0,0,71.93841864
979,6,1,1,0,1,71.29650199
1034,12,1,1,0,0,70.20965137
99,3,0,1,0,1,15.55421245
99,3,0,1,1,1,19.33189272
965,10,1,1,0,0,65.56540278
1002,5,1,1,0,1,75.04083895
102,2,0,0,0,1,20.84208989
988,8,1,1,0,1,71.14537107
102,4,0,1,0,1,15.8619194
973,10,1,1,0,1,67.10782542
1024,9,1,0,0,0,74.02059873
993,9,1,1,0,1,69.62883364
986,9,1,1,0,1,70.05193826
1002,9,1,0,0,0,72.47211337
1009,14,1,1,0,0,66.26808591
1002,10,1,1,0,1,70.12791898
1000,10,1,1,1,0,72.34557186
93,2,0,0,1,0,23.77861395
1021,11,1,1,0,0,70.93216156
97,2,0,1,0,0,15.78991241
1041,12,1,1,1,0,75.212151
1011,12,1,0,0,0,70.00161433
1001,8,1,1,0,1,72.64549727
984,6,1,1,0,1,72.73464143
100,4,0,1,0,0,14.84456029
995,11,1,1,0,0,68.17543761
990,11,1,1,0,1,68.37658488
1015,13,1,1,0,0,68.48609981
99,2,0,1,0,1,17.31466081
99,4,0,0,0,1,17.01228641
101,4,0,1,0,1,15.66904829
1021,10,1,0,0,0,73.55832123
980,13,1,1,0,0,63.65821458
96,2,0,1,0,1,17.3757243
1007,8,1,1,0,0,71.43068637
98,5,0,0,0,0,14.36182692
105,3,0,1,0,0,15.35126459
1003,10,1,1,0,1,70.08961581
991,7,1,0,0,0,73.15872638
1017,16,1,0,0,0,66.00363616
967,11,1,1,0,0,64.4095625
104,3,0,0,0,0,17.02179519
989,14,1,1,0,1,64.3163503
1005,11,1,0,0,1,70.74861575
989,11,1,1,1,0,69.29244602
993,6,1,1,0,0,72.38572185
95,4,0,0,1,0,21.42477084
1010,8,1,1,0,0,72.32909878
102,2,0,1,0,0,16.38260038
1013,10,1,1,0,0,70.74638656
102,3,0,1,0,0,14.39527448
983,13,1,1,0,0,64.03155841
1005,10,1,1,1,0,72.45414291
1017,7,1,1,0,0,74.23776757
1016,11,1,0,0,0,71.57810017
1013,7,1,0,0,0,76.11039973
1016,12,1,0,0,0,70.22462252
100,2,0,1,0,1,17.60531188
104,3,0,1,0,0,16.43552432
1021,10,1,1,0,1,72.23356457
1014,11,1,1,0,0,69.28876791
100,3,0,1,0,0,14.36194449
977,12,1,1,0,0,63.97862913
106,3,0,1,0,1,16.54210955
1020,14,1,1,0,0,67.73340861
104,2,0,1,0,0,16.26339391
995,11,1,0,0,0,68.17292505
1027,6,1,1,0,1,77.23048486
1008,9,1,1,0,0,70.91196874
101,3,0,1,0,0,15.09269347
89,2,0,1,0,1,17.94688405
102,3,0,0,0,0,17.37944089
997,10,1,0,1,0,93.32125552
987,8,1,1,0,0,69.02710962
1031,12,1,1,0,1,70.83259253
1002,10,1,1,0,0,69.11926554
1003,6,1,1,0,0,72.89750583
979,12,1,1,0,0,65.07730794
1005,12,1,1,0,1,68.08724428
1006,11,1,0,0,0,71.68794799
981,10,1,0,0,0,68.90306945
1010,10,1,1,1,1,74.30635425
1006,12,1,1,0,0,68.22839316
1001,10,1,1,0,0,68.91123205
1009,9,1,0,0,0,73.6193118
104,2,0,0,0,0,18.56998834
1023,7,1,1,0,0,74.4219383
1003,8,1,1,0,1,72.82014813
97,1,0,1,0,1,18.49257198
973,10,1,1,0,0,66.16836923
1006,11,1,1,0,0,68.17439415
1011,11,1,1,0,1,70.97364302
978,9,1,1,0,0,67.21163087
994,13,1,1,0,0,65.75247267
107,2,0,0,0,1,19.00308044
999,14,1,1,0,0,65.18915106
996,10,1,0,0,0,71.20234476
1003,11,1,0,0,1,70.71686052
1031,7,1,1,0,0,76.47945655
1020,12,1,1,1,0,72.25144161
92,3,0,0,0,1,17.67966974
987,11,1,0,0,0,68.20678306
943,12,1,0,0,1,64.59169605
985,11,1,1,0,0,65.96831259
1002,8,1,1,0,0,71.44370542
101,5,0,1,0,0,13.93304401
99,4,0,1,0,0,15.14568448
1017,10,1,1,1,0,73.97754567
994,11,1,0,0,0,69.12246966
96,2,0,0,0,0,18.81482264
995,11,1,1,0,1,67.68787079
1002,9,1,0,0,1,73.11748965
98,0,0,1,0,0,18.84018569
96,2,0,1,1,0,19.63884798
1009,9,1,0,0,0,72.19921305
1003,6,1,0,0,0,75.27491306
1028,10,1,1,0,1,73.11326968
100,3,0,0,0,0,18.11670131
986,12,1,1,0,1,65.83981918
1010,9,1,1,0,1,72.26701944
101,3,0,0,0,0,17.25354924
972,10,1,1,0,1,67.55017762
1038,13,1,1,1,1,74.11610511
1009,12,1,0,0,0,69.2313793
981,9,1,1,0,0,67.7739361
1017,12,1,1,1,1,73.18394976
997,10,1,1,0,0,69.22098265
1014,7,1,0,0,0,75.967213
1009,10,1,1,0,0,70.37035186
996,12,1,1,0,0,66.30586847
106,2,0,0,0,1,19.69519007
1003,10,1,1,0,0,68.93919266
108,3,0,1,0,0,15.71223967
993,8,1,1,0,0,70.39930963
1002,12,1,1,0,0,67.29517004
1010,13,1,0,0,0,69.601418
975,8,1,1,0,1,69.31562561
975,12,1,1,1,0,67.20199908
1027,8,1,0,0,0,75.98606372
1004,11,1,1,0,0,68.10322755
101,4,0,1,0,0,15.12128907
994,10,1,1,0,0,68.21332558
105,2,0,0,0,0,18.50623938
951,12,1,1,0,0,61.30608248
100,4,0,0,0,0,16.95831881
987,9,1,1,0,0,68.03685352
106,4,0,0,0,1,17.66853581
997,10,1,0,0,0,70.97008397
100,3,0,1,0,1,16.14787266
977,12,1,1,0,0,65.23270474
980,14,1,1,0,0,62.52713093
1024,13,1,1,0,0,68.57619668
992,9,1,0,0,1,71.86602046
1025,10,1,1,0,0,72.0870069
1008,14,1,1,0,1,66.41723581
984,9,1,1,1,1,72.84042221
95,2,0,1,0,0,15.47687741
117,3,0,1,0,0,15.95620125
1000,12,1,0,0,0,68.51981196
989,12,1,1,0,0,66.03392441
1005,9,1,0,0,1,73.29565604
1015,6,1,0,0,1,77.53719922
1015,11,1,1,0,0,70.34634544
101,3,0,0,0,0,16.90477585
962,10,1,0,1,0,89.8803188
1033,12,1,1,0,0,71.53819546
97,2,0,1,0,0,16.06845482
1028,9,1,1,0,0,73.3158402
996,10,1,1,0,1,68.44919315
102,2,0,1,0,0,16.27176387
993,10,1,0,0,0,70.3505461
1000,11,1,1,0,1,69.1266959
1028,9,1,1,0,0,73.45234487
1024,7,1,1,0,0,74.71044065
1021,12,1,1,0,0,69.30518358
96,3,0,0,0,1,18.49398746
1000,9,1,1,0,1,70.36042559
100,2,0,0,0,0,18.58689672
975,8,1,1,0,1,69.60554163
1021,13,1,0,0,0,70.3518247
979,9,1,1,1,1,71.05159139
977,15,1,1,0,0,61.05298776
987,8,1,1,0,1,70.99116844
1013,9,1,1,0,0,70.96406884
1025,8,1,0,0,1,77.08997251
1017,10,1,0,0,0,72.66243938
1029,12,1,1,0,0,71.03928777
982,13,1,0,0,1,67.64041969
101,2,0,1,0,1,17.7368808
998,10,1,0,0,1,71.6640527
98,3,0,1,0,0,15.3473775
1001,12,1,1,0,1,67.60237044
986,13,1,1,1,0,67.63146621
1001,14,1,1,0,0,65.58982641
103,2,0,1,0,1,17.79910429
994,13,1,1,0,0,65.41197454
996,11,1,1,0,0,67.65738525
988,12,1,1,0,1,67.346124
107,2,0,1,1,1,20.15700648
100,1,0,0,0,0,19.04476397
102,4,0,1,0,0,14.7963089
92,1,0,1,0,0,17.79570016
88,3,0,1,0,1,16.42176132
1011,11,1,1,0,0,69.75997619
975,11,1,1,1,0,68.58145783
98,4,0,0,0,1,17.44123698
1001,10,1,1,0,1,70.39380331
1004,9,1,1,0,0,69.24827853
1004,17,1,1,0,0,61.95491149
91,4,0,1,1,1,18.36313008
97,2,0,1,0,0,16.48584242
1016,11,1,1,0,0,70.59913369
1045,12,1,1,0,0,72.73718985
1029,12,1,1,0,0,70.44514631
1024,11,1,0,1,1,97.24877965
994,12,1,1,0,0,65.77756838
101,4,0,1,0,0,14.66426106
1010,8,1,1,0,0,71.86419637
99,3,0,0,0,0,18.26051847
94,4,0,1,0,0,14.93698024
1003,15,1,0,0,0,66.38847436
975,13,1,1,0,0,63.27071023
103,2,0,0,0,1,18.20290218
99,3,0,1,0,0,15.20566068
98,4,0,1,0,0,14.4064544
985,10,1,1,0,0,67.53329485
1031,12,1,1,1,1,73.8583374
998,12,1,1,1,0,69.20403504
99,2,0,1,0,0,16.40492283
109,2,0,1,0,1,17.8066858
1005,13,1,1,0,0,67.04420842
969,10,1,1,0,0,65.83043757
1008,10,1,1,0,0,69.24518349
1010,11,1,0,0,0,70.75615388
1007,10,1,0,0,1,73.86840226
984,11,1,0,1,0,90.71083577
997,8,1,1,0,0,70.140885
1008,9,1,1,0,0,70.07270339
100,3,0,1,0,0,16.11934551
1016,12,1,1,0,0,68.74395186
1004,11,1,0,0,0,69.72205878
1044,8,1,0,0,0,78.22877912
978,10,1,0,0,0,69.11798959
992,9,1,1,0,1,70.95164302
1041,14,1,0,0,0,71.22454709
984,11,1,0,0,0,67.86930297
1000,8,1,1,0,0,71.91927838
978,8,1,1,0,1,69.68510267
100,3,0,1,0,1,17.766515
112,1,0,1,0,0,18.18477311
87,3,0,1,0,0,15.96018472
962,10,1,0,0,0,66.8182693
1013,10,1,1,1,0,73.61973876
96,4,0,0,0,0,15.76129069
982,9,1,1,0,0,68.23831435
106,3,0,0,0,0,18.03569494
1009,9,1,1,0,0,70.54315181
93,5,0,1,0,0,14.00087843
1035,15,1,1,0,0,67.81740278
100,2,0,0,0,1,18.99983916
989,10,1,1,1,0,71.28174853
101,5,0,0,0,0,15.57925016
1011,9,1,0,0,0,72.07582102
988,10,1,1,0,1,68.57747663
1003,7,1,1,1,0,75.5117938
1000,10,1,1,0,0,69.76521488
93,2,0,1,0,0,16.78958019
1017,14,1,0,0,0,68.69761987
980,12,1,1,0,0,64.0725884
102,2,0,1,0,0,16.64099328
990,5,1,1,0,0,73.64961923
1002,12,1,1,0,0,66.82802958
966,9,1,0,1,0,89.96349091
1007,11,1,1,1,1,72.79918628
994,11,1,1,0,0,67.09791514
984,8,1,1,0,0,69.45406567
1011,10,1,1,0,0,70.00175983
1021,11,1,0,1,0,95.96495824
102,3,0,1,1,0,17.99423762
1016,10,1,1,0,1,71.56533284
107,3,0,1,0,0,16.32254914
106,4,0,1,0,0,14.81668224
1004,8,1,1,0,0,71.81726359
94,2,0,0,0,0,18.61991149
104,4,0,1,0,1,15.30247287
1016,13,1,1,0,0,67.91666997
1004,7,1,0,0,0,74.13643692
978,8,1,0,0,0,69.65064598
1012,9,1,1,0,0,70.65604431
988,10,1,1,0,0,67.68568811
1003,12,1,1,0,0,67.31246916
995,10,1,1,0,0,68.42442847
104,4,0,1,1,0,17.70593839
995,12,1,1,0,0,66.12633363
98,3,0,1,0,0,15.13475123
1017,5,1,1,0,1,76.64677442
102,3,0,1,0,0,15.71671847
952,8,1,1,0,0,65.25483564
991,11,1,1,0,0,67.02015095
1008,12,1,1,0,0,67.20619499
992,9,1,1,0,0,68.71888344
1013,7,1,0,0,1,76.92295793
994,12,1,0,0,1,69.17573704
1001,9,1,1,0,0,70.19613927
1011,9,1,1,0,0,70.90504671
1015,12,1,1,0,1,69.43756414
95,3,0,1,0,0,14.77961349
108,3,0,1,0,1,17.68213867
996,9,1,1,0,0,70.11094518
1006,7,1,1,0,1,73.42771919
101,1,0,1,0,0,17.99627961
992,13,1,1,1,0,68.48165806
99,5,0,1,0,1,14.4443622
1021,11,1,1,0,0,70.46934991
1030,11,1,1,0,1,72.44985132
94,4,0,1,0,0,14.97078043
1000,10,1,1,0,1,69.69122473
102,3,0,1,0,0,15.35567257
991,8,1,0,0,0,72.41866506
99,4,0,0,0,0,16.81093029
101,2,0,1,0,0,16.12283506
1014,14,1,1,0,0,66.0444182
1000,12,1,1,0,0,67.46907885
100,4,0,1,1,0,17.92986635
104,4,0,0,0,0,16.11677535
998,8,1,1,0,0,70.71469002
964,9,1,1,0,0,66.3910638
1010,8,1,1,0,0,72.25056751
962,11,1,1,0,0,63.1322047
95,3,0,0,0,1,18.78027678
1009,11,1,1,0,1,70.06813201
1014,8,1,1,1,0,74.43063143
999,12,1,0,0,0,68.17216295
982,9,1,1,0,0,67.64500365
1005,11,1,1,0,1,68.73450358
968,15,1,0,0,0,62.21396312
96,2,0,1,0,0,16.07753356
89,5,0,0,0,0,15.40893896
100,3,0,1,0,1,15.40794545
96,3,0,1,0,1,16.13860495
999,11,1,1,0,0,68.03138421
1030,7,1,1,0,0,75.72706391
988,13,1,0,0,0,66.4759731
1031,13,1,1,0,0,69.02661796
102,3,0,1,0,0,15.56107504
96,5,0,1,0,0,14.24192417
97,2,0,1,0,0,17.19954256
1009,11,1,1,0,0,68.70605304
1011,9,1,1,0,0,71.00055469
99,3,0,1,0,0,15.02581305
994,9,1,1,0,0,69.83928935
1002,10,1,1,0,0,68.7076197
1021,10,1,1,0,0,71.53881353
997,7,1,1,0,0,71.36029514
99,3,0,1,0,0,15.68574596
1007,11,1,1,0,1,70.31138862
1003,12,1,1,1,1,70.68640688
1040,10,1,1,0,0,73.02361065
98,3,0,0,0,0,17.37998337
991,10,1,1,0,0,68.10256719
87,2,0,1,0,0,16.65706959
97,4,0,1,0,0,14.51545511
95,2,0,1,1,0,19.98968011
993,9,1,1,0,0,68.98318298
986,10,1,1,1,0,69.94367367
998,9,1,0,0,1,72.90032661
1016,10,1,1,0,1,72.60944684
99,5,0,0,0,0,15.01846708
1023,5,1,0,0,0,78.8824159
101,5,0,1,1,0,16.58491753
98,4,0,1,0,0,14.91294678
104,2,0,1,0,1,17.56844261
98,3,0,1,0,0,15.21184733
96,3,0,1,0,0,15.40437113
97,3,0,1,0,0,16.25310358
99,4,0,0,0,0,16.15476514
1024,9,1,0,0,0,75.25907533
1005,12,1,1,0,0,67.27619158
1023,6,1,1,1,0,78.78743205
1010,10,1,1,0,0,70.37306377
970,10,1,1,0,1,66.99638809
1019,7,1,0,0,1,77.64989165
992,12,1,0,0,0,67.72930771
1027,10,1,1,1,1,75.32901606
98,2,0,1,0,0,15.55059693
86,3,0,1,0,0,15.65086719
1008,13,1,1,0,0,67.06422994
983,11,1,0,0,0,68.17093905
982,8,1,1,0,0,69.31693207
989,14,1,1,1,1,68.41981129
97,3,0,1,0,1,17.19233511
1004,10,1,1,0,1,70.00054963
98,3,0,1,0,0,16.36404799
1007,12,1,0,0,0,70.0454421
1003,8,1,0,0,0,73.67751016
96,2,0,1,0,0,15.93181223
1018,10,1,1,0,1,72.72424422
975,8,1,1,0,1,69.06415892
1008,10,1,1,0,0,70.55647128
1032,13,1,0,0,0,72.22540201
1031,13,1,1,0,0,69.41978729
970,12,1,0,0,0,65.38018277
998,12,1,0,0,1,69.57249132
1013,9,1,1,0,0,70.91147019
1004,12,1,0,0,1,70.59013019
1010,10,1,0,0,1,72.72236091
1041,14,1,1,0,0,69.39204864
969,9,1,0,0,0,68.56025292
1012,8,1,1,0,0,72.31897818
1013,9,1,1,0,0,71.28022424
100,2,0,1,0,0,16.63237949
1024,12,1,0,0,0,71.99252782
117,4,0,0,1,0,21.57373523
978,14,1,1,0,0,63.4516282
977,12,1,1,0,0,64.19134922
99,4,0,1,0,1,15.01479746
977,10,1,0,1,1,91.66886812
1019,10,1,1,0,1,72.21696953
990,10,1,0,0,0,69.37585732
1035,10,1,0,0,0,74.70759512
1042,11,1,1,0,0,72.29847515
995,7,1,1,0,1,72.19813049
982,10,1,1,0,1,68.04868057
1013,12,1,1,0,1,69.98331725
95,5,0,1,0,1,15.00812612
971,9,1,1,0,0,67.17704219
102,3,0,1,0,1,17.40947111
1012,6,1,0,0,1,77.82307663
1036,9,1,0,0,0,75.89533039
969,9,1,0,0,1,69.57987589
102,3,0,1,1,1,20.19583004
93,3,0,1,0,0,15.22806764
102,4,0,1,0,0,14.66337707
99,3,0,0,0,0,17.40353812
1005,11,1,0,0,1,71.69084554
951,13,1,0,0,1,63.70468498
1016,10,1,0,1,1,96.77113786
1004,8,1,1,0,0,71.48287957
1006,9,1,1,0,0,70.54422249
101,3,0,1,0,0,15.91758449
103,2,0,0,0,0,18.5906028
98,3,0,0,1,1,23.50939547
983,14,1,0,0,1,65.51443722
977,8,1,0,0,1,72.14151381
985,11,1,1,0,0,65.47400438
974,11,1,1,1,0,68.07428901
1006,11,1,0,0,0,70.62026192
975,9,1,1,0,0,67.40691432
984,7,1,1,0,0,70.66655464
988,16,1,1,0,0,61.88803955
993,10,1,1,0,0,67.58678303
989,9,1,1,0,1,70.24048508
104,3,0,0,0,0,17.53297488
974,13,1,1,0,1,64.2051018
1022,10,1,1,0,0,71.0714453
1006,11,1,0,0,0,70.47153479
978,12,1,1,0,0,64.61676958
990,8,1,0,0,0,71.68132949
101,2,0,1,0,1,17.9619489
93,4,0,0,0,0,16.33946846
986,13,1,1,0,1,65.25779167
983,9,1,1,0,0,68.72101386
1018,14,1,1,0,0,66.31426972
955,6,1,1,0,1,68.74846553
1006,12,1,1,1,0,70.06519807
1001,6,1,1,1,0,76.68744856
88,4,0,1,0,0,13.69463969
1019,7,1,1,0,1,75.44092755
1056,12,1,0,0,0,74.53480509
1040,11,1,1,0,0,72.97684717
1024,11,1,1,0,1,70.76340573
102,3,0,1,0,0,14.76609214
969,11,1,1,0,0,65.21201056
105,4,0,1,0,0,14.34240243
1007,9,1,1,0,0,70.93956478
1008,10,1,1,0,0,70.26502393
104,3,0,1,0,0,15.39040434
105,5,0,1,0,0,13.48128122
1015,11,1,1,0,0,69.3876784
97,4,0,1,0,1,15.35922265
1007,11,1,1,0,1,69.45777534
996,11,1,1,0,1,69.19534627
108,4,0,1,0,1,16.24443621
972,11,1,1,0,0,64.86410419
103,5,0,1,0,0,13.25643967
991,14,1,1,0,0,63.08410418
996,11,1,0,0,1,69.89156718
1001,12,1,1,0,1,68.18294799
983,9,1,1,0,0,68.48429891
1022,9,1,1,0,0,71.50309109
1008,14,1,1,0,0,65.9332332
1016,11,1,1,0,0,70.37422891
96,5,0,1,0,0,12.80385531
89,1,0,0,0,1,20.64747053
982,11,1,1,0,0,65.97678705
991,8,1,1,0,0,69.48971593
1015,13,1,0,0,0,69.76207118
1011,9,1,0,0,1,74.14193153
978,9,1,0,0,0,69.46326133
97,4,0,1,0,1,16.2251309
98,2,0,1,0,0,15.99732102
992,10,1,0,1,0,92.55827586
1005,7,1,0,0,0,75.10800629
1001,8,1,1,0,0,70.47831203
991,10,1,1,1,0,70.5771866
982,8,1,1,0,0,68.82301646
1022,12,1,1,0,1,70.46364544
100,4,0,1,0,1,15.98205185
1004,8,1,1,1,1,75.23652157
996,8,1,1,0,0,70.24779274
1011,15,1,0,0,1,67.74984151
101,3,0,1,1,0,18.51213165
982,13,1,1,0,0,63.84352636
112,2,0,1,0,1,17.98150587
955,7,1,1,0,1,69.4101384
1009,10,1,1,0,0,70.34679671
990,11,1,1,0,0,67.08898004
1012,12,1,1,0,0,67.72312969
1033,10,1,1,0,0,73.4673334
983,9,1,1,0,0,68.74531705
108,3,0,0,0,0,16.96905568
109,2,0,1,0,0,16.91935951
106,2,0,0,0,0,18.50038837
994,10,1,0,0,1,71.35001709
995,11,1,1,0,1,68.49909286
988,7,1,1,0,1,71.15177885
101,3,0,1,0,1,16.29041599
1012,12,1,1,1,0,70.56262799
95,3,0,1,1,0,18.31690058
94,3,0,0,0,0,17.21407901
106,4,0,0,0,0,16.20658185
1014,8,1,1,0,1,73.99749857
1017,10,1,0,0,0,72.64937647
982,7,1,1,0,0,70.09147248
1032,9,1,0,0,0,75.32891393
1016,9,1,0,0,0,74.68544046
986,10,1,1,0,0,67.78353654
1008,11,1,1,0,0,68.66743379
998,13,1,1,0,1,66.68167341
1014,11,1,1,0,1,69.82426994
105,3,0,1,0,0,16.35699705
970,11,1,1,0,0,64.28173094
983,7,1,1,0,0,69.46359579
971,10,1,1,0,0,66.06276566
991,8,1,1,0,0,70.06501846
104,2,0,1,1,0,19.81944664
99,4,0,1,0,0,14.46290599
106,3,0,0,0,0,17.15905126
977,9,1,1,0,0,68.43941795
109,3,0,0,0,0,18.02288316
1002,7,1,1,0,0,71.81140614
979,9,1,1,0,0,68.09964928
94,3,0,1,0,0,15.63658933
968,10,1,1,0,1,67.28138151
1037,6,1,1,0,0,77.54822419
990,8,1,1,1,0,73.03992254
968,13,1,0,0,0,64.38331659
969,9,1,0,0,1,69.88212951
101,1,0,1,0,0,17.82221357
103,2,0,1,0,0,16.79386117
974,7,1,1,0,0,69.9178112
1000,11,1,0,0,0,69.50033743
104,3,0,1,0,0,16.02394413
97,2,0,0,0,1,19.61367214
1036,11,1,0,0,0,73.59297831
106,3,0,1,1,0,17.39265665
1009,7,1,0,0,0,75.01191243
990,8,1,1,0,0,70.17550917
95,4,0,1,0,0,14.47957842
987,11,1,1,0,0,65.91913174
99,3,0,1,0,0,14.97873858
997,12,1,1,1,1,69.91689688
104,1,0,0,1,1,24.7407526
1025,10,1,0,0,0,73.63011312
1013,10,1,0,1,0,94.96655967
992,11,1,1,0,0,66.79295033
90,4,0,1,0,0,14.40557166
997,11,1,1,0,1,68.39748411
975,10,1,0,0,0,68.2278623
1001,9,1,1,0,0,70.24279875
987,8,1,0,0,0,73.01780863
1012,11,1,1,0,0,69.73893754
1015,9,1,1,0,0,71.08092557
1003,11,1,1,0,0,68.14192228
104,4,0,1,0,1,15.96856869
102,3,0,1,1,0,19.0804249
999,8,1,0,0,1,74.34005482
1015,8,1,1,0,0,72.22402131
94,3,0,1,0,0,15.31062126
975,11,1,1,0,0,65.81054346
93,3,0,0,0,0,17.37419518
986,12,1,1,0,1,66.21822414
994,7,1,1,0,0,71.07830156
1003,16,1,0,0,0,64.69945145
980,11,1,1,0,1,65.84657927
998,7,1,1,0,0,72.8478646
980,10,1,1,0,1,68.07458371
993,9,1,1,0,0,70.30131438
989,10,1,1,0,1,69.39474424
98,3,0,1,0,0,15.59764706
90,3,0,1,0,1,16.87333784
995,8,1,1,0,1,71.64449673
1030,10,1,1,0,0,72.75474253
967,10,1,1,0,1,66.66836968
99,2,0,1,0,0,16.42355795
999,8,1,1,0,0,71.0357782
1018,11,1,1,0,1,71.99105746
90,3,0,1,0,0,15.74830887
989,11,1,1,0,0,66.71399166
979,9,1,1,1,0,69.85368436
1002,11,1,0,0,1,70.86604513
980,7,1,1,0,1,70.66993152
1018,8,1,1,0,0,72.42732478
983,11,1,1,0,0,66.01550559
971,11,1,1,0,0,64.7084247
969,11,1,1,0,0,64.83963441
1032,11,1,1,0,0,72.0780426
1024,9,1,0,0,0,74.45266189
966,12,1,1,0,1,63.85607598
982,9,1,1,0,0,68.1112269
113,3,0,0,0,0,17.47309177
985,9,1,1,0,0,68.72119542
1000,8,1,1,0,0,70.48318284
995,9,1,1,0,0,69.535457
102,3,0,1,0,0,15.19469095
1020,10,1,0,0,0,73.48392737
98,1,0,1,0,0,17.83287798
1012,9,1,0,0,1,74.76630411
1004,11,1,0,0,0,70.43403148
93,2,0,1,0,0,16.06404704
1003,8,1,0,0,0,73.33142208
1026,8,1,1,0,0,73.97889439
1006,7,1,1,0,0,72.43469755
993,8,1,1,0,1,71.34811248
993,12,1,1,0,0,66.89406096
964,9,1,1,1,1,70.19978035
986,9,1,1,0,1,69.6559125
102,4,0,1,0,0,14.92329907
1033,10,1,1,0,0,73.09690098
975,9,1,1,0,0,67.1811173
998,12,1,1,0,0,66.48182335
1036,13,1,0,0,0,71.3907539
977,7,1,1,0,1,71.05234212
101,4,0,1,0,0,14.63642918
994,7,1,1,0,0,70.56770052
1022,13,1,1,0,0,68.49098341
980,8,1,1,0,1,69.84783508
994,10,1,0,0,0,69.55352429
984,10,1,1,0,0,66.95127765
1020,5,1,1,0,0,75.96452809
990,9,1,1,0,0,69.37634175
1027,10,1,1,0,0,72.05555436
999,9,1,1,1,0,73.02777674
1000,11,1,0,1,0,93.27905983
1012,8,1,1,0,1,72.80688832
1011,8,1,1,0,0,72.27791433
988,9,1,1,0,1,70.11783305
1002,9,1,1,0,0,69.77167963
982,13,1,1,0,0,63.87197385
1010,9,1,1,0,1,71.74119983
102,4,0,1,0,0,14.87918244
991,13,1,1,1,0,66.97777843
101,3,0,1,0,1,15.4093746
1013,10,1,0,0,1,73.50625649
980,13,1,0,0,1,66.30956274
1006,6,1,0,0,0,75.02384305
106,3,0,1,0,0,15.22856232
1021,10,1,1,0,0,71.50563795
92,4,0,1,1,0,18.12141391
996,10,1,1,0,1,69.40574793
987,9,1,1,0,0,68.62508377
990,10,1,1,0,0,67.99741948
102,2,0,1,0,1,16.54398888
89,3,0,1,0,1,15.83936533
996,11,1,1,0,1,68.0356751
1007,7,1,1,0,0,74.24450078
1008,10,1,0,0,1,72.49154228
1034,9,1,1,0,1,74.85465366
101,4,0,1,0,0,13.85018775
990,11,1,0,0,1,70.30167673
985,8,1,0,0,0,71.50051813
101,2,0,0,0,1,19.91205169
1008,12,1,1,0,0,68.00160583
96,3,0,1,0,1,16.04318082
105,2,0,0,1,0,24.21901203
1007,13,1,1,0,1,68.08882874
102,3,0,1,0,0,15.85466696
1017,13,1,1,0,0,68.14179208
111,3,0,1,0,1,16.74830195
988,9,1,1,0,0,68.86109929
1011,13,1,1,0,0,68.1782337
87,3,0,1,0,0,15.08386458
988,9,1,0,0,0,70.67382571
110,3,0,1,1,0,19.31315412
984,9,1,0,0,0,70.29398665
1002,10,1,1,0,0,69.51924171
991,12,1,1,0,0,65.9024529
980,11,1,0,0,0,67.62798622
1029,12,1,0,0,1,72.95232714
1004,8,1,0,0,0,73.41528628
1009,9,1,1,0,0,70.85743228
96,2,0,0,0,0,18.46308242
997,6,1,1,0,0,72.34939805
98,3,0,1,0,0,15.65734785
965,11,1,1,0,0,64.65205584
1002,10,1,0,0,0,71.65302914
976,6,1,1,0,0,70.28473095
1007,11,1,0,0,0,71.16669657
992,9,1,1,0,0,69.02787548
997,7,1,1,0,0,71.00001453
114,2,0,1,0,0,16.73995462
97,4,0,0,0,0,16.93796184
997,10,1,1,1,0,71.51200124
1027,4,1,1,1,1,82.1385901
103,3,0,1,0,1,16.39624886
1005,11,1,0,0,0,70.13080569
92,4,0,1,0,0,14.77628009
959,12,1,1,0,0,62.32415708
99,3,0,1,0,0,14.95006135
1005,11,1,1,0,1,69.20871534
972,8,1,0,0,1,70.7836268
991,12,1,1,0,0,66.83216506
988,10,1,1,0,1,69.2952535
1050,10,1,0,0,0,77.12497344
102,3,0,1,0,0,15.96569374
1039,13,1,1,0,0,70.0927158
1019,8,1,1,0,0,73.65947911
994,10,1,1,0,0,68.09016834
1004,9,1,1,0,0,71.58961696
975,9,1,0,0,1,70.22948448
997,10,1,1,0,1,68.00990206
992,8,1,1,0,1,70.48049818
994,10,1,0,0,0,71.14528033
993,13,1,1,0,0,64.91654648
975,11,1,1,0,0,65.694843
1004,7,1,1,0,0,72.37849568
1047,7,1,0,0,1,80.207498
965,8,1,1,0,1,68.55426058
999,9,1,1,0,0,70.13585582
1010,5,1,1,0,0,75.60818504
113,3,0,1,0,1,16.55728345
1013,9,1,1,0,0,71.46119368
101,2,0,0,0,0,18.38604855
1030,12,1,0,0,0,72.31372595
1002,6,1,1,0,0,73.43860166
1006,11,1,1,0,0,68.3271392
1001,9,1,1,0,0,70.31295529
1031,9,1,1,0,0,73.4377123
981,10,1,1,0,0,67.41838013
1007,7,1,0,0,0,75.75269005
100,1,0,0,0,0,19.43142167
1019,11,1,1,0,0,70.71131656
993,9,1,1,0,0,70.07865777
1043,10,1,1,0,0,73.3370239
1011,10,1,0,0,0,72.78833715
1033,12,1,0,0,0,72.5562529
991,11,1,1,0,0,67.38024073
113,3,0,1,0,0,16.75792859
988,9,1,0,0,1,71.31606303
976,11,1,1,0,0,65.94899925
103,5,0,1,0,0,13.26763422
992,11,1,1,1,0,70.75885378
978,13,1,1,0,1,63.42852309
1037,11,1,0,0,0,74.52504581
976,9,1,1,0,0,66.48756262
1005,7,1,0,1,0,97.63873815
977,11,1,0,0,0,67.08251945
1005,11,1,1,0,0,68.96852829
98,3,0,1,0,0,15.75669119
968,10,1,1,0,0,65.38540102
1007,10,1,1,0,0,70.03197506
956,7,1,0,0,0,68.60740409
977,10,1,1,0,0,66.71852813
1004,9,1,0,0,0,72.96807251
100,4,0,1,1,0,17.20066518
97,3,0,1,0,0,15.40002718
92,4,0,1,0,0,15.94913296
107,2,0,1,0,0,16.99878667
1025,9,1,0,0,1,75.7787551
1016,8,1,1,0,1,73.81941049
101,2,0,1,0,0,16.34351492
104,3,0,1,0,0,16.21771159
1016,12,1,0,0,0,70.745798
1009,12,1,1,0,0,68.3028033
1011,11,1,1,0,0,69.70943008
984,10,1,0,0,1,70.04668257
1000,12,1,1,0,0,66.21971477
1016,9,1,1,0,1,73.28249098
102,2,0,1,0,0,16.89819652
980,11,1,1,0,1,66.21060822
1020,13,1,1,0,0,67.10440437
98,4,0,1,0,1,15.45446963
995,7,1,0,0,0,73.53057914
104,2,0,1,0,0,16.75941942
1013,10,1,1,0,1,72.31498192
99,3,0,0,0,0,17.550147
994,10,1,1,0,0,67.82926429
1008,14,1,0,0,0,68.2622139
957,6,1,1,0,0,67.74358994
101,4,0,0,0,0,15.27008805
1043,8,1,1,0,0,76.11551617
1007,10,1,1,0,0,70.2359967
94,4,0,1,0,1,16.42758072
995,8,1,1,1,0,72.48221023
1003,9,1,1,0,0,70.47534512
1008,11,1,1,0,0,68.67145588
1008,10,1,1,0,0,69.54400905
1004,11,1,1,0,0,69.3412002
1029,11,1,1,0,1,72.93087445
1004,10,1,1,1,0,72.53533938
101,3,0,1,0,1,16.98370127
993,10,1,0,0,1,71.41819831
90,4,0,1,0,0,13.33183262
108,5,0,0,0,0,14.83370699
997,7,1,1,0,0,71.8265204
99,2,0,1,0,0,15.90820265
1026,8,1,1,0,0,74.04832883
96,3,0,1,1,1,19.42447401
984,6,1,0,0,1,74.52938617
97,3,0,1,0,0,14.92640542
1006,12,1,1,0,0,68.23054835
1009,9,1,1,0,0,70.09165749
1006,11,1,1,1,1,73.77281024
1000,12,1,1,0,0,67.62943369
1003,12,1,1,0,0,67.64491576
978,10,1,1,0,0,66.67119794
1017,10,1,0,0,0,72.729988
1004,13,1,1,0,0,66.41828147
975,9,1,1,0,1,68.14730162
992,8,1,1,0,1,71.23381975
1003,12,1,1,0,1,68.62224415
984,8,1,1,0,0,68.65321503
989,10,1,1,0,0,68.01607584
1033,9,1,1,0,0,73.80414213
1012,9,1,1,0,0,71.71722256
94,2,0,0,0,0,17.77151904
1009,8,1,1,0,0,71.10911099
991,6,1,1,0,0,72.00361253
1002,14,1,1,0,1,66.04469307
1010,11,1,1,0,1,70.23275022
1040,12,1,1,0,0,71.2760313
987,10,1,1,0,0,67.58602422
102,2,0,1,0,1,17.02741136
1042,10,1,1,0,1,74.8670085
103,1,0,1,0,0,17.51319679
103,2,0,1,0,0,16.15509505
101,3,0,1,0,0,15.44977909
100,3,0,1,0,1,16.20016182
990,9,1,1,0,0,68.32975536
996,11,1,0,0,1,71.34781914
97,5,0,1,0,0,12.7449623
991,9,1,1,0,0,69.74950884
100,3,0,0,0,0,17.71615577
989,9,1,1,0,0,68.60330859
100,3,0,0,0,1,19.27418611
98,2,0,0,0,0,19.04785423
1015,9,1,0,0,1,74.56408373
1041,11,1,0,0,0,74.71229879
1007,8,1,0,0,0,74.20015262
1025,12,1,1,0,0,69.31416908
1015,10,1,0,0,1,72.57807223
91,4,0,1,0,0,13.51094372
99,5,0,1,0,1,14.51817547
989,9,1,1,0,0,69.49475479
1029,12,1,1,0,0,70.4728225
992,9,1,1,0,0,69.66644258
986,10,1,1,1,0,69.67717436
1010,12,1,1,0,0,67.88939873
989,11,1,0,0,0,68.53762125
987,10,1,1,0,0,67.45562578
992,13,1,0,0,0,67.19791662
988,9,1,1,0,0,67.76150348
99,2,0,0,0,0,17.8235341
980,9,1,0,0,0,69.4832629
1026,7,1,1,0,0,74.70988955
1007,10,1,1,0,1,71.22942391
971,9,1,0,0,0,68.15322618
107,2,0,1,1,1,20.75068471
1035,10,1,1,0,0,74.20022047
105,3,0,1,1,1,19.73751537
965,11,1,1,0,1,64.74102619
1005,8,1,0,0,0,72.85964823
985,8,1,0,1,0,94.14502043
1034,11,1,1,0,0,72.04963159
1025,6,1,1,0,0,76.17632877
103,4,0,0,0,1,18.03550223
987,10,1,1,0,1,68.83799314
985,11,1,1,0,1,67.03332797
97,2,0,1,0,0,16.31528348
1017,10,1,1,0,0,71.14276543
972,11,1,1,0,0,64.43358479
101,2,0,0,0,0,19.2214311
966,9,1,0,0,0,68.56819641
985,11,1,0,0,0,68.13382279
100,4,0,1,0,1,15.67117987
103,4,0,1,0,0,15.27123432
92,4,0,1,0,0,14.51105737
981,9,1,1,0,0,67.4788128
104,4,0,1,0,0,14.51654962
1051,11,1,1,0,0,73.01249509
103,3,0,0,0,1,18.78049063
985,10,1,0,0,0,68.99389306
106,3,0,1,0,0,15.3260475
987,10,1,1,1,0,70.52189409
1011,10,1,0,0,0,72.7841888
1026,10,1,0,0,0,74.02276886
96,3,0,0,0,0,17.49878597
1009,8,1,0,0,1,74.83329198
974,13,1,1,0,0,63.24413859
1007,8,1,1,0,0,72.61488876
107,3,0,1,0,1,16.29794537
1000,11,1,1,0,0,68.18161141
1012,7,1,1,0,0,73.2945736
977,8,1,1,0,0,68.770646
103,1,0,1,0,0,17.87757153
100,4,0,1,0,0,14.12516001
997,11,1,1,0,0,68.13085172
963,12,1,0,1,0,86.83420788
1014,6,1,1,1,0,77.26603328
1003,9,1,1,0,0,70.50248477
92,2,0,1,0,0,16.5503657
1011,10,1,0,0,1,74.00083065
1018,6,1,0,0,0,77.31991948
98,4,0,0,0,0,16.72168688
990,11,1,0,0,0,68.36202917
976,12,1,1,0,1,66.81322181
1020,10,1,0,0,0,73.10097865
995,9,1,1,0,0,69.25569895
960,8,1,0,0,0,67.8941356
98,3,0,0,0,0,18.12953855
995,9,1,1,0,1,70.52841414
972,11,1,1,0,1,65.73007063
955,10,1,1,0,0,63.8648425
986,11,1,0,0,0,68.50072441
1003,14,1,1,0,0,65.16138251
1011,6,1,1,0,0,74.278326
980,10,1,0,0,0,68.15412914
1012,12,1,1,1,1,72.18737074
1005,9,1,1,0,1,71.35840141
988,9,1,0,1,0,93.58175656
1036,11,1,1,0,0,72.79580402
104,3,0,1,0,0,15.76761331
1031,13,1,1,0,0,69.29098445
94,3,0,1,0,1,16.57643
1001,8,1,1,0,0,70.65484575
985,12,1,1,0,1,66.18124676
1030,8,1,1,0,1,74.98720747
996,10,1,1,0,0,68.58081928
985,12,1,1,0,0,66.00492978
975,10,1,1,0,1,68.26640592
105,3,0,1,1,0,19.41457557
92,2,0,1,0,0,16.23745622
1045,9,1,0,0,0,77.63374849
999,9,1,0,0,1,72.99090139
1023,10,1,1,0,0,71.57249154
1015,11,1,1,0,0,69.54654088
966,8,1,0,0,0,69.69337769
1009,8,1,1,0,0,70.82639309
991,11,1,1,0,1,67.82922242
1018,9,1,1,1,0,74.79618056
102,4,0,0,0,1,17.71606607
989,6,1,1,0,0,72.50478296
106,4,0,1,0,0,14.92308087
1011,10,1,0,0,0,72.40174635
1002,9,1,1,0,0,70.39669243
108,4,0,0,0,0,16.82618409
107,2,0,1,0,0,16.41154653
98,1,0,1,0,1,18.65492882
967,12,1,0,0,0,64.75726842
102,3,0,0,0,0,17.34362137
99,2,0,1,0,0,16.15542481
100,4,0,1,0,0,14.53895884
96,2,0,1,0,1,17.09451112
100,3,0,1,0,0,15.38706798
101,3,0,1,0,0,15.0343346
1022,7,1,1,0,1,75.95918767
1022,11,1,1,0,0,70.27049074
1005,12,1,0,0,0,68.66392084
992,11,1,0,0,1,69.76768042
106,3,0,0,1,0,22.94453437
1011,13,1,1,1,0,70.75341198
987,8,1,1,0,0,70.22173022
989,9,1,1,1,1,73.15854261
984,11,1,1,0,0,65.70745536
992,13,1,1,0,0,65.41033045
979,12,1,0,0,0,67.70474309
100,4,0,1,0,0,14.13449355
996,8,1,0,0,0,72.4141583
103,4,0,0,0,0,16.77056301
1003,13,1,1,0,0,65.97787958
1011,11,1,1,0,0,68.43605925
966,12,1,1,0,0,63.35028873
1006,9,1,1,0,0,70.25113654
995,14,1,1,0,0,63.6086419
998,10,1,1,0,0,68.32253172
103,3,0,0,0,1,19.12257158
985,7,1,1,0,0,71.30311486
97,5,0,1,0,0,13.33850752
1028,10,1,1,0,1,72.90543795
1009,10,1,1,1,1,74.13770758
1023,14,1,1,0,1,69.00740039
989,12,1,1,1,1,70.30077211
1032,10,1,1,1,0,75.66267652
1014,12,1,0,0,0,70.72274202
948,10,1,1,0,0,63.5573975
975,9,1,1,0,0,68.06769372
1019,9,1,1,0,1,73.56079725
981,8,1,0,1,0,93.48942705
105,4,0,1,0,0,13.99343962
982,10,1,1,0,1,68.0331075
987,8,1,1,0,1,70.65643103
1004,8,1,1,0,0,72.01453954
969,14,1,1,0,0,61.83306704
108,3,0,0,0,0,17.37957093
970,8,1,1,0,0,67.68230649
99,4,0,1,0,0,15.06511051
1008,11,1,0,0,0,70.86884399
106,3,0,1,0,0,15.89604236
1006,7,1,1,0,1,73.86602795
996,8,1,1,0,1,72.21329177
103,2,0,0,0,1,20.01371288
984,9,1,1,0,0,68.07885407
111,4,0,1,0,0,14.77513415
1008,13,1,1,1,0,70.98340536
988,12,1,1,0,0,65.75994475
1001,11,1,1,0,0,67.99259044
994,12,1,0,0,0,68.8535216
1014,11,1,0,0,0,72.51296485
998,10,1,1,0,0,68.35909418
98,3,0,1,0,0,15.48282961
1021,12,1,0,0,0,71.51762852
1010,8,1,1,0,0,72.23955214
94,2,0,0,0,1,19.51771805
1009,6,1,1,0,0,74.13388924
1011,11,1,1,0,0,69.89427362
94,2,0,1,0,0,16.02516323
92,4,0,1,0,0,14.77879852
961,15,1,0,0,0,61.47949927
107,4,0,0,0,1,18.11226586
102,3,0,1,0,0,15.00127087
995,13,1,1,0,1,65.42031162
1009,11,1,0,0,1,72.41748905
1004,7,1,1,0,0,71.88334788
995,10,1,0,0,0,70.36863089
966,11,1,0,0,0,66.6355167
997,9,1,0,0,1,73.12341915
93,2,0,0,0,0,17.54800642
106,3,0,0,0,0,17.23294409
972,13,1,0,0,0,65.1684163
994,11,1,1,0,0,67.49061953
1004,10,1,1,0,1,70.14832567
1010,9,1,1,0,1,71.87144423
1020,12,1,1,0,0,69.04749021
1008,13,1,1,0,1,68.16815342
100,5,0,1,0,0,13.55444684
1026,10,1,1,0,1,74.06632722
981,8,1,1,0,0,68.43211061
1022,8,1,1,0,1,74.75278646
1002,9,1,1,0,0,71.18950407
996,9,1,1,0,0,69.57861705
1039,12,1,1,0,0,70.91244061
104,4,0,1,0,0,13.94318029
1009,9,1,1,0,0,71.10295183
90,2,0,1,0,0,16.31961879
104,4,0,1,0,0,14.56570059
1034,14,1,1,0,0,68.197266
104,2,0,1,1,0,19.93052291
1006,11,1,1,0,0,68.78101487
967,12,1,0,0,0,64.45233021
99,3,0,1,0,0,14.01247068
1016,15,1,1,0,0,65.79550935
1011,13,1,1,0,1,68.0209104
96,2,0,1,0,0,15.87634915
1008,9,1,0,0,1,73.66214764
1014,11,1,1,0,0,68.64350588
1023,10,1,1,0,0,71.4470106
978,7,1,0,0,0,72.10863955
1013,8,1,1,0,0,72.25688312
990,10,1,0,0,0,69.97329055
1024,9,1,1,0,0,72.06491666
1000,9,1,0,1,0,94.54109318
101,3,0,1,0,0,15.70268647
994,8,1,0,1,0,94.60533976
1001,9,1,1,0,0,69.65802613
110,4,0,1,0,1,15.62629116
978,10,1,1,0,0,67.30521583
96,4,0,0,0,1,18.30754766
1009,11,1,1,0,0,69.22935091
96,2,0,0,0,0,18.08170305
990,9,1,0,0,1,71.73102355
990,13,1,1,0,1,65.10049532
1039,7,1,1,0,0,76.14685814
102,2,0,0,0,0,17.28219115
1019,11,1,1,0,0,70.12091116
1010,9,1,1,0,0,71.15112009
982,9,1,1,0,0,67.90641739
112,2,0,1,0,1,17.84450648
1014,11,1,1,0,0,69.31083826
1007,9,1,1,0,0,71.02043191
108,2,0,1,0,1,17.9935761
1002,9,1,0,0,0,71.5102771
1011,7,1,0,0,0,74.50742248
1008,11,1,1,0,1,69.21496533
984,11,1,0,0,0,68.43746869
107,3,0,1,0,0,15.6691274
1013,10,1,0,0,0,72.24126844
105,3,0,0,0,0,17.55317571
1015,12,1,0,0,0,71.38428953
101,2,0,1,0,0,16.03106565
96,3,0,1,0,0,14.96884714
991,6,1,0,0,0,73.70566522
108,3,0,1,0,1,16.75035053
